{
  "CopilotPenguin": [
    5000.0,
    5000.0,
    5000.0,
    5000.0,
    5000.0,
    5000.0,
    5000.0,
    5000.0,
    5000.0,
    5000.0,
    5000.0,
    5000.0,
    5000.0,
    5000.0,
    5000.0,
    5000.0,
    5000.0,
    5000.0,
    5000.0,
    4981.02,
    4968.03,
    4933.37,
    4920.19,
    4918.15,
    4905.53,
    4895.15,
    4895.0599999999995,
    4892.115000000001,
    4871.925,
    4841.5199999999995,
    4841.46,
    4841.46,
    4841.46,
    4839.625,
    4814.8099999999995,
    4794.46,
    4794.46,
    4793.605,
    4786.450000000001,
    4780.150000000001,
    4769.965,
    4742.005000000001,
    4741.9400000000005,
    4741.825000000001,
    4741.810000000001,
    4741.775000000001,
    4738.875,
    4731.68,
    4731.700000000001,
    4731.660000000001,
    4731.775000000001,
    4722.605000000001,
    4714.075000000001,
    4713.955,
    4707.55,
    4695.445,
    4679.505,
    4651.71,
    4651.76
  ],
  "MomentumPenguin": [
    5000.0,
    5000.0,
    5000.0,
    5000.0,
    5000.0,
    4993.72,
    4991.075,
    4962.3,
    4954.025000000001,
    4890.09,
    4863.085000000001,
    4824.37,
    4852.69,
    4785.985000000001,
    4784.525000000001,
    4821.155,
    4750.795000000001,
    4718.1,
    4752.235,
    4693.0650000000005,
    4764.51,
    4706.2,
    4607.120000000001,
    4635.555,
    4657.305000000001,
    4652.225,
    4603.0,
    4571.845000000001,
    4594.31,
    4544.64,
    4231.880000000001,
    4303.58,
    4322.765,
    4412.84,
    4386.55,
    4365.595000000001,
    4353.180000000001,
    4341.665000000002,
    4317.6500000000015,
    4301.855000000001,
    4278.910000000002,
    4246.100000000001,
    4228.120000000002,
    4210.690000000002,
    4193.685000000001,
    4160.185000000002,
    4182.585000000002,
    4178.596368178907,
    4179.484777414476,
    4137.006938143977,
    4111.651938143977,
    4104.736938143977,
    4394.736938143977,
    4682.921938143977,
    4664.476938143977,
    4639.7319381439775,
    4624.3169381439775,
    4590.766938143977,
    4577.701938143977
  ],
  "MeanReversionPenguin": [
    5000.0,
    5000.0,
    5000.0,
    5000.0,
    5000.0,
    5000.0,
    5000.0,
    5000.0,
    5000.0,
    5000.0,
    5000.0,
    5000.0,
    5000.0,
    5000.0,
    5000.0,
    5000.0,
    5000.0,
    5000.0,
    5000.0,
    5000.0,
    5000.0,
    5000.0,
    4999.25,
    4998.5,
    4998.5,
    4998.474999999999,
    4996.799999999999,
    4993.3499999999985,
    4992.039999999998,
    4989.5,
    4979.624999999999,
    4969.329999999998,
    4967.569999999999,
    4980.989999999999,
    4967.199999999998,
    4966.999999999998,
    4933.524999999998,
    4923.329999999998,
    4930.639999999998,
    4923.0149999999985,
    4938.704999999997,
    4933.339999999998,
    4932.939999999999,
    4917.744999999998,
    4891.294999999998,
    4895.969999999998,
    4895.564999999999,
    4907.404999999998,
    4903.834999999997,
    4909.999999999998,
    4902.639999999998,
    4899.459999999998,
    4902.939999999999,
    4916.149999999999,
    4893.679999999998,
    4918.744999999998,
    4898.904999999998,
    4883.764999999998,
    4884.859999999998
  ],
  "BreakoutPenguin": [
    5000.0,
    5000.0,
    5000.0,
    5000.0,
    5000.0,
    5000.0,
    5000.0,
    5000.0,
    5000.0,
    5000.0,
    5000.0,
    5000.0,
    5000.0,
    5000.0,
    5000.0,
    5000.0,
    5000.0,
    5000.0,
    5000.0,
    4999.848041150113,
    4997.466742468514,
    4994.1026398852155,
    4984.432691308664,
    4983.055642963728,
    4972.441409192614,
    4985.85492101687,
    4976.95789393977,
    4984.618895880801,
    4980.001233455557,
    4980.182694712646,
    4897.945587517308,
    4977.854999596412,
    4946.106499470616,
    4943.982593359252,
    4935.148934270041,
    4928.303482491273,
    4931.142515016148,
    4934.537771812142,
    4918.575098247155,
    4915.216114026753,
    4921.260888679705,
    4914.542121409125,
    4906.183344341555,
    4911.922138007386,
    4916.748308549916,
    4925.845356206186,
    4915.187035754369,
    4926.5913551705535,
    4933.848599892221,
    4890.295586994913,
    4887.4138131050395,
    4887.828218460373,
    4886.7260654455495,
    4879.936065445549,
    4879.286065445549,
    4876.547233459684,
    4868.937510833983,
    4867.49406255611,
    4876.757541188691
  ],
  "TrendPenguin": [
    5000.0,
    4990.904948052872,
    4982.005153449216,
    4939.743961709156,
    4907.739319387638,
    4850.429191266978,
    4817.543365492818,
    5488.49473276262,
    5475.532724822384,
    5413.254106981931,
    5378.619601040826,
    5372.632741048073,
    5359.964069012198,
    5319.944271132885,
    5890.619423527833,
    5884.094550499777,
    5835.184414382965,
    5735.958127966157,
    5803.656014475603,
    5649.034706522338,
    5738.82880000143,
    5678.107073755582,
    5612.607073722039,
    5601.05204214615,
    5577.292867654935,
    5555.197241923183,
    5492.590213574271,
    5452.970559874889,
    5436.717893536667,
    5383.749754674521,
    5346.86889564031,
    5348.365295127869,
    5337.927600417466,
    5323.573807176865,
    5289.540107432188,
    5274.391575771259,
    5262.2101886797955,
    5261.965657376847,
    5225.097405034993,
    5204.34060539246,
    5186.553258585775,
    5139.347276500118,
    5118.908202775612,
    5114.67530046037,
    5113.413098160627,
    5103.427337341632,
    5088.178813881418,
    5091.6198135473305,
    5081.157792385078,
    5337.728343771028,
    5300.057148920001,
    5291.192149587468,
    5258.546241132567,
    5227.252839672186,
    5189.430583639899,
    5189.75908674497,
    5161.053530570705,
    5117.845823407344,
    5121.369422647668
  ]
}