{"MomentumPenguin": [5000.0, 5000.0, 5000.0, 5000.0, 5000.0, 4988.98, 4954.839999999999, 4944.084999999999, 4957.829999999999, 4935.1849999999995, 4916.599999999999, 4900.949999999999, 4148.374999999999, 4113.944999999999, 4080.484999999999, 4371.675, 4658.844999999999, 4631.725, 4580.435, 4540.47, 4501.240000000001, 4472.615000000001, 4459.525000000001, 4430.43, 4414.095000000001, 4376.300000000001, 4354.045, 4371.14, 4344.7, 4291.4800000000005, 4276.295000000001, 4253.34, 4249.570000000001, 4244.860000000001, 4234.9400000000005, 4238.670000000001, 4217.2300000000005, 4186.34, 4171.110000000001, 4141.265000000001, 4125.41, 4131.700000000001, 4115.000000000001, 4090.715, 4070.205000000001, 4057.4550000000004, 4057.3450000000003, 4032.615000000001, 4001.5400000000004, 4014.3450000000007, 3986.6600000000017], "MeanReversionPenguin": [5000.0, 5000.0, 5000.0, 5000.0, 5000.0, 5000.0, 5000.0, 5000.0, 5000.0, 5000.0, 5000.0, 5000.0, 5000.0, 5000.0, 5346.765, 5685.759999999998, 6046.73, 6389.485, 6750.585, 7097.650000000001, 7440.855000000001, 7778.624999999999, 7781.565, 7783.925000000001, 7790.209999999999, 7787.455, 7747.870000000001, 7753.775000000001, 7752.35, 7740.42, 7744.759999999999, 7838.410000000001, 8268.845000000001, 11361.305, 11352.995, 11351.720000000001, 11344.445000000005, 11317.035000000002, 11331.560000000001, 11295.12, 11304.94, 11292.235000000002, 11257.34, 11258.970000000001, 11300.760000000002, 11355.290000000003, 11357.920000000004, 11135.670000000002, 11628.065000000002, 11832.49, 11641.775000000001], "BreakoutPenguin": [5000.0, 5000.0, 5000.0, 5000.0, 5000.0, 5000.0, 5000.0, 5000.0, 5000.0, 5000.0, 5000.0, 5000.0, 5000.0, 5000.0, 5000.0, 5000.0, 5000.0, 5000.0, 5000.0, 5000.0, 4998.255, 4997.410000000001, 4995.610000000001, 4992.68, 4989.385, 4986.535000000001, 4970.885000000001, 4973.610000000001, 4960.040000000001, 4964.695, 4963.09, 4862.38, 4961.875, 4958.21, 4984.334999999999, 4941.215000000001, 4954.67, 4997.895, 4991.705, 4975.76, 4978.4349999999995, 4967.0250000000015, 4969.4400000000005, 4935.384999999999, 4935.725, 4959.195000000001, 4955.830000000001, 4673.450000000001, 4758.135, 4963.454999999999, 4727.720000000001], "TrendPenguin": [5000.0, 4988.18, 4946.165000000001, 4930.279999999999, 4874.455000000001, 4868.49, 4851.760000000001, 4809.5, 4785.509999999999, 4774.735000000001, 4754.599999999999, 4735.764999999999, 4398.135, 4382.669999999999, 4356.644999999999, 4342.734999999999, 4965.119999999999, 5285.665000000001, 5597.514999999999, 5916.9349999999995, 5867.3949999999995, 6195.669999999999, 6536.070000000001, 6897.734999999999, 7179.329999999999, 7511.774999999999, 7806.694999999999, 8136.394999999999, 8438.884999999998, 8404.63, 8721.975, 8828.55, 9358.065, 9688.900000000001, 9658.425, 9615.870000000003, 9584.329999999998, 9579.255, 9526.685000000003, 9437.165, 9402.315, 9376.92, 9335.139999999998, 9309.710000000001, 9269.725, 9257.345, 9232.459999999997, 9217.524999999998, 9153.21, 9167.795, 9095.709999999997]}