Training completed at 2026-09-24T02:07:00.682987+00:00
Total training time: 8:51:29 (H:MM:SS)
Relative to: SPY
Benchmark symbol: SPY
Training transaction cost: 5.0
Parameter log: trainable_penguin_parameter_log.json
Parameter delta report: trainable_penguin_parameter_delta.txt

Step 3b: Training 3 trainable strategy(ies) for 100 round(s) on 3 month(s) x 50 stock(s)...
TRAINING CONFIGURATION
  Relative To:       SPY
  Training Steps:    100
  Training Sample:   50 stocks x 3 month(s)
  Training Cost:     $5.00
  Training Seed:     42
================================================================================
  Resampling cadence: one fresh stock subset and one fresh time window per trial
  Parameter search: random warm-up followed by Optuna TPE optimization
  Acquisition function: EI
  UCB kappa: 2.0
  Training window length: 3 month(s) per trial
  Training stock subset size: 50 symbol(s) per trial

  Optimizing Emperor_Penguin
    Trial 001: window=2024-05-30 21:34 UTC -> 2024-08-28 21:34 UTC, months=[2024-05, 2024-06, 2024-07, 2024-08], symbols=[ADBE, AMT, AMZN, APA, APD, AXP, BA, BLK, CAT, CHRW, CMCSA, CMG, COP, COST, CSX, DDOG, DOW, EL, ENPH, GE, ... (+30 more)], proposal=initial_params
      params=adx_period=14, adx_threshold=25.0, bb_period=20, bb_stddev=2.0, buy_rsi=30.0, cooldown_bars=10, max_cash_fraction=0.05, relative_strength_period=20, relative_strength_threshold=0.0, rsi_period=13, rvol_period=20, rvol_threshold=2.0, sell_rsi=70.0, stop_loss_pct=0.04, take_profit_pct=0.08
      change_vs_previous=initial sample
      relative_profit=$-106,407.85, absolute_profit=$-99,985.78, buys=12421, score=(-168512.85, -12421, -20533), objective=-168,512.85
    Trial 002: window=2024-06-03 09:51 UTC -> 2024-08-30 23:59 UTC, months=[2024-06, 2024-07, 2024-08], symbols=[APD, BABA, BBY, BILL, BKR, BMY, CL, CSCO, DOCU, DOW, DUK, EDIT, ENPH, EQIX, EXC, HCA, HD, HOOD, INTC, KLAC, ... (+30 more)], proposal=random_warmup
      params=adx_period=34, adx_threshold=38.2729, bb_period=26, bb_stddev=4.8843, buy_rsi=29.0684, cooldown_bars=24, max_cash_fraction=0.1765, relative_strength_period=24, relative_strength_threshold=0.0744, rsi_period=31, rvol_period=24, rvol_threshold=1.1135, sell_rsi=65.1261, stop_loss_pct=0.026, take_profit_pct=0.1775
      change_vs_previous=adx_period: 14 -> 34; adx_threshold: 25.0 -> 38.2729; bb_period: 20 -> 26; bb_stddev: 2.0 -> 4.8843; buy_rsi: 30.0 -> 29.0684; cooldown_bars: 10 -> 24; max_cash_fraction: 0.05 -> 0.1765; relative_strength_period: 20 -> 24; relative_strength_threshold: 0.0 -> 0.0744; rsi_period: 13 -> 31; rvol_period: 20 -> 24; rvol_threshold: 2.0 -> 1.1135; sell_rsi: 70.0 -> 65.1261; stop_loss_pct: 0.04 -> 0.026; take_profit_pct: 0.08 -> 0.1775
      relative_profit=$-37,661.92, absolute_profit=$-30,961.44, buys=7587, score=(-75596.92, -7587, -14633), objective=-75,596.92
    Trial 003: window=2024-01-26 16:44 UTC -> 2024-04-25 16:44 UTC, months=[2024-01, 2024-02, 2024-03, 2024-04], symbols=[AAPL, ABBV, ALB, BE, BLK, CAT, CF, CRSP, CSX, DAL, DE, DG, EDIT, EMR, EOG, ESTC, FAST, GM, GOOGL, HD, ... (+30 more)], proposal=random_warmup
      params=adx_period=9, adx_threshold=31.2352, bb_period=47, bb_stddev=1.8809, buy_rsi=10.6731, cooldown_bars=10, max_cash_fraction=0.0335, relative_strength_period=11, relative_strength_threshold=-0.9434, rsi_period=28, rvol_period=20, rvol_threshold=4.1794, sell_rsi=68.8186, stop_loss_pct=0.0194, take_profit_pct=0.0111
      change_vs_previous=adx_period: 34 -> 9; adx_threshold: 38.2729 -> 31.2352; bb_period: 26 -> 47; bb_stddev: 4.8843 -> 1.8809; buy_rsi: 29.0684 -> 10.6731; cooldown_bars: 24 -> 10; max_cash_fraction: 0.1765 -> 0.0335; relative_strength_period: 24 -> 11; relative_strength_threshold: 0.0744 -> -0.9434; rsi_period: 31 -> 28; rvol_period: 24 -> 20; rvol_threshold: 1.1135 -> 4.1794; sell_rsi: 65.1261 -> 68.8186; stop_loss_pct: 0.026 -> 0.0194; take_profit_pct: 0.1775 -> 0.0111
      relative_profit=$-34,330.49, absolute_profit=$-31,714.96, buys=4752, score=(-58090.49, -4752, -7138), objective=-58,090.49
    Trial 004: window=2024-03-04 13:18 UTC -> 2024-05-31 23:59 UTC, months=[2024-03, 2024-04, 2024-05], symbols=[ABBV, AFRM, BAC, BBAI, BEAM, BHP, C, CMCSA, CME, CMG, COIN, CRWD, DIA, DOW, ESTC, ETN, FCX, GD, GE, HII, ... (+30 more)], proposal=random_warmup
      params=adx_period=8, adx_threshold=32.4393, bb_period=47, bb_stddev=3.9429, buy_rsi=19.4947, cooldown_bars=27, max_cash_fraction=0.0331, relative_strength_period=40, relative_strength_threshold=-2.3703, rsi_period=19, rvol_period=35, rvol_threshold=0.9406, sell_rsi=86.6545, stop_loss_pct=0.0918, take_profit_pct=0.1031
      change_vs_previous=adx_period: 9 -> 8; adx_threshold: 31.2352 -> 32.4393; bb_stddev: 1.8809 -> 3.9429; buy_rsi: 10.6731 -> 19.4947; cooldown_bars: 10 -> 27; max_cash_fraction: 0.0335 -> 0.0331; relative_strength_period: 11 -> 40; relative_strength_threshold: -0.9434 -> -2.3703; rsi_period: 28 -> 19; rvol_period: 20 -> 35; rvol_threshold: 4.1794 -> 0.9406; sell_rsi: 68.8186 -> 86.6545; stop_loss_pct: 0.0194 -> 0.0918; take_profit_pct: 0.0111 -> 0.1031
      relative_profit=$-50,547.81, absolute_profit=$-47,495.77, buys=6780, score=(-84447.81, -6780, -10709), objective=-84,447.81
    Trial 005: window=2024-04-10 17:07 UTC -> 2024-07-09 17:07 UTC, months=[2024-04, 2024-05, 2024-06, 2024-07], symbols=[ADM, AVAV, BLDP, BLK, BNTX, CB, COP, CRM, CRSP, CVX, DAL, DIA, DIS, EL, EMR, FISV, GREE, HCA, HII, IWM, ... (+30 more)], proposal=random_warmup
      params=adx_period=17, adx_threshold=33.1336, bb_period=27, bb_stddev=1.1763, buy_rsi=12.9536, cooldown_bars=17, max_cash_fraction=0.1665, relative_strength_period=52, relative_strength_threshold=-1.2893, rsi_period=10, rvol_period=3, rvol_threshold=1.1153, sell_rsi=63.2138, stop_loss_pct=0.0467, take_profit_pct=0.1495
      change_vs_previous=adx_period: 8 -> 17; adx_threshold: 32.4393 -> 33.1336; bb_period: 47 -> 27; bb_stddev: 3.9429 -> 1.1763; buy_rsi: 19.4947 -> 12.9536; cooldown_bars: 27 -> 17; max_cash_fraction: 0.0331 -> 0.1665; relative_strength_period: 40 -> 52; relative_strength_threshold: -2.3703 -> -1.2893; rsi_period: 19 -> 10; rvol_period: 35 -> 3; rvol_threshold: 0.9406 -> 1.1153; sell_rsi: 86.6545 -> 63.2138; stop_loss_pct: 0.0918 -> 0.0467; take_profit_pct: 0.1031 -> 0.1495
      relative_profit=$-108,660.72, absolute_profit=$-99,999.88, buys=12600, score=(-171660.72, -12600, -20877), objective=-171,660.72
    Trial 006: window=2024-01-11 17:35 UTC -> 2024-04-10 17:35 UTC, months=[2024-01, 2024-02, 2024-03, 2024-04], symbols=[AMT, ARCT, ASML, AVAV, AVGO, BLK, COST, CRWD, DG, EA, ECL, EL, ENPH, EQIX, FANG, FAST, GE, GOOGL, HCA, HSY, ... (+30 more)], proposal=random_warmup
      params=adx_period=15, adx_threshold=11.1477, bb_period=47, bb_stddev=4.8501, buy_rsi=38.0652, cooldown_bars=13, max_cash_fraction=0.1572, relative_strength_period=45, relative_strength_threshold=0.9369, rsi_period=14, rvol_period=10, rvol_threshold=2.6186, sell_rsi=56.2323, stop_loss_pct=0.0584, take_profit_pct=0.1584
      change_vs_previous=adx_period: 17 -> 15; adx_threshold: 33.1336 -> 11.1477; bb_period: 27 -> 47; bb_stddev: 1.1763 -> 4.8501; buy_rsi: 12.9536 -> 38.0652; cooldown_bars: 17 -> 13; max_cash_fraction: 0.1665 -> 0.1572; relative_strength_period: 52 -> 45; relative_strength_threshold: -1.2893 -> 0.9369; rsi_period: 10 -> 14; rvol_period: 3 -> 10; rvol_threshold: 1.1153 -> 2.6186; sell_rsi: 63.2138 -> 56.2323; stop_loss_pct: 0.0467 -> 0.0584; take_profit_pct: 0.1495 -> 0.1584
      relative_profit=$-108,503.06, absolute_profit=$-99,986.84, buys=11175, score=(-164378.06, -11175, -20400), objective=-164,378.06
    Trial 007: window=2024-01-10 19:42 UTC -> 2024-04-09 19:42 UTC, months=[2024-01, 2024-02, 2024-03, 2024-04], symbols=[AAPL, AXP, BLK, CF, CMCSA, DDOG, DG, EA, ETSY, F, GD, GE, GIS, GM, HCA, HII, ICE, IWM, KSS, MARA, ... (+30 more)], proposal=random_warmup
      params=adx_period=35, adx_threshold=28.893, bb_period=14, bb_stddev=2.8217, buy_rsi=17.835, cooldown_bars=7, max_cash_fraction=0.0647, relative_strength_period=16, relative_strength_threshold=-0.3758, rsi_period=9, rvol_period=3, rvol_threshold=5.4096, sell_rsi=65.4309, stop_loss_pct=0.1075, take_profit_pct=0.1014
      change_vs_previous=adx_period: 15 -> 35; adx_threshold: 11.1477 -> 28.893; bb_period: 47 -> 14; bb_stddev: 4.8501 -> 2.8217; buy_rsi: 38.0652 -> 17.835; cooldown_bars: 13 -> 7; max_cash_fraction: 0.1572 -> 0.0647; relative_strength_period: 45 -> 16; relative_strength_threshold: 0.9369 -> -0.3758; rsi_period: 14 -> 9; rvol_period: 10 -> 3; rvol_threshold: 2.6186 -> 5.4096; sell_rsi: 56.2323 -> 65.4309; stop_loss_pct: 0.0584 -> 0.1075; take_profit_pct: 0.1584 -> 0.1014
      relative_profit=$-108,600.51, absolute_profit=$-99,958.15, buys=13903, score=(-178115.51, -13903, -20877), objective=-178,115.51
    Trial 008: window=2024-08-05 14:27 UTC -> 2024-11-01 23:59 UTC, months=[2024-08, 2024-09, 2024-10, 2024-11], symbols=[BAC, BILL, CAN, CB, CRSP, DD, DIS, DOCU, ED, EDIT, ENPH, FANG, HII, HOOD, INTU, IWM, JNJ, KMB, KMI, LAC, ... (+30 more)], proposal=random_warmup
      params=adx_period=31, adx_threshold=27.5224, bb_period=36, bb_stddev=2.5579, buy_rsi=23.3048, cooldown_bars=12, max_cash_fraction=0.18, relative_strength_period=37, relative_strength_threshold=-2.9764, rsi_period=36, rvol_period=25, rvol_threshold=2.1424, sell_rsi=53.8939, stop_loss_pct=0.1299, take_profit_pct=0.1543
      change_vs_previous=adx_period: 35 -> 31; adx_threshold: 28.893 -> 27.5224; bb_period: 14 -> 36; bb_stddev: 2.8217 -> 2.5579; buy_rsi: 17.835 -> 23.3048; cooldown_bars: 7 -> 12; max_cash_fraction: 0.0647 -> 0.18; relative_strength_period: 16 -> 37; relative_strength_threshold: -0.3758 -> -2.9764; rsi_period: 9 -> 36; rvol_period: 3 -> 25; rvol_threshold: 5.4096 -> 2.1424; sell_rsi: 65.4309 -> 53.8939; stop_loss_pct: 0.1075 -> 0.1299; take_profit_pct: 0.1014 -> 0.1543
      relative_profit=$100,414.35, absolute_profit=$111,067.29, buys=5536, score=(72734.34999999999, -5536, -8521), objective=72,734.35
    Trial 009: window=2024-07-09 16:46 UTC -> 2024-10-07 16:46 UTC, months=[2024-07, 2024-08, 2024-09, 2024-10], symbols=[ALB, AMAT, AMZN, AON, APA, AVAV, BAC, BALL, BLK, CB, CCI, DE, DG, DKNG, EDIT, ESTC, FCX, GOOGL, HD, HOOD, ... (+30 more)], proposal=random_warmup
      params=adx_period=12, adx_threshold=28.1768, bb_period=26, bb_stddev=4.0676, buy_rsi=28.047, cooldown_bars=5, max_cash_fraction=0.2417, relative_strength_period=26, relative_strength_threshold=-2.5676, rsi_period=14, rvol_period=4, rvol_threshold=5.6089, sell_rsi=54.3725, stop_loss_pct=0.1106, take_profit_pct=0.1567
      change_vs_previous=adx_period: 31 -> 12; adx_threshold: 27.5224 -> 28.1768; bb_period: 36 -> 26; bb_stddev: 2.5579 -> 4.0676; buy_rsi: 23.3048 -> 28.047; cooldown_bars: 12 -> 5; max_cash_fraction: 0.18 -> 0.2417; relative_strength_period: 37 -> 26; relative_strength_threshold: -2.9764 -> -2.5676; rsi_period: 36 -> 14; rvol_period: 25 -> 4; rvol_threshold: 2.1424 -> 5.6089; sell_rsi: 53.8939 -> 54.3725; stop_loss_pct: 0.1299 -> 0.1106; take_profit_pct: 0.1543 -> 0.1567
      relative_profit=$-102,544.03, absolute_profit=$-100,000.07, buys=14966, score=(-177374.03000000003, -14966, -20231), objective=-177,374.03
    Trial 010: window=2024-05-14 23:44 UTC -> 2024-08-12 23:44 UTC, months=[2024-05, 2024-06, 2024-07, 2024-08], symbols=[AES, AON, AVGO, BLK, C, CHRW, COST, CRSP, DAL, EDIT, FANG, FCX, GM, HD, KHC, KLAC, LAC, LMT, LOW, LYB, ... (+30 more)], proposal=random_warmup
      params=adx_period=23, adx_threshold=38.4419, bb_period=27, bb_stddev=3.2232, buy_rsi=38.1702, cooldown_bars=24, max_cash_fraction=0.0397, relative_strength_period=22, relative_strength_threshold=-0.2376, rsi_period=24, rvol_period=34, rvol_threshold=2.965, sell_rsi=75.1509, stop_loss_pct=0.1108, take_profit_pct=0.1003
      change_vs_previous=adx_period: 12 -> 23; adx_threshold: 28.1768 -> 38.4419; bb_period: 26 -> 27; bb_stddev: 4.0676 -> 3.2232; buy_rsi: 28.047 -> 38.1702; cooldown_bars: 5 -> 24; max_cash_fraction: 0.2417 -> 0.0397; relative_strength_period: 26 -> 22; relative_strength_threshold: -2.5676 -> -0.2376; rsi_period: 14 -> 24; rvol_period: 4 -> 34; rvol_threshold: 5.6089 -> 2.965; sell_rsi: 54.3725 -> 75.1509; stop_loss_pct: 0.1106 -> 0.1108; take_profit_pct: 0.1567 -> 0.1003
      relative_profit=$53,768.61, absolute_profit=$55,568.86, buys=12985, score=(-11156.39, -12985, -15885), objective=-11,156.39
    Trial 011: window=2024-07-10 23:17 UTC -> 2024-10-08 23:17 UTC, months=[2024-07, 2024-08, 2024-09, 2024-10], symbols=[AES, AFRM, AI, BA, BBAI, CMCSA, COP, COST, DAL, DE, FAST, FIS, GE, GILD, HLT, HSY, IFF, INTU, KHC, KO, ... (+30 more)], proposal=optuna_tpe
      params=adx_period=28, adx_threshold=25.2814, bb_period=39, bb_stddev=3.5267, buy_rsi=32.8117, cooldown_bars=25, max_cash_fraction=0.2348, relative_strength_period=35, relative_strength_threshold=-1.0085, rsi_period=25, rvol_period=32, rvol_threshold=1.681, sell_rsi=47.259, stop_loss_pct=0.09, take_profit_pct=0.1959
      change_vs_previous=adx_period: 23 -> 28; adx_threshold: 38.4419 -> 25.2814; bb_period: 27 -> 39; bb_stddev: 3.2232 -> 3.5267; buy_rsi: 38.1702 -> 32.8117; cooldown_bars: 24 -> 25; max_cash_fraction: 0.0397 -> 0.2348; relative_strength_period: 22 -> 35; relative_strength_threshold: -0.2376 -> -1.0085; rsi_period: 24 -> 25; rvol_period: 34 -> 32; rvol_threshold: 2.965 -> 1.681; sell_rsi: 75.1509 -> 47.259; stop_loss_pct: 0.1108 -> 0.09; take_profit_pct: 0.1003 -> 0.1959
      relative_profit=$-101,761.78, absolute_profit=$-99,693.12, buys=12427, score=(-163896.78, -12427, -21407), objective=-163,896.78
    Trial 012: window=2024-04-16 12:39 UTC -> 2024-07-15 12:39 UTC, months=[2024-04, 2024-05, 2024-06, 2024-07], symbols=[ABBV, APD, BALL, BBAI, BEAM, BKR, BMY, BNTX, C, CB, CF, COIN, CVNA, D, ECL, ED, EMR, EXPD, FIS, HAL, ... (+30 more)], proposal=optuna_tpe
      params=adx_period=28, adx_threshold=37.6285, bb_period=21, bb_stddev=4.1269, buy_rsi=33.0436, cooldown_bars=26, max_cash_fraction=0.0964, relative_strength_period=32, relative_strength_threshold=-1.0958, rsi_period=31, rvol_period=35, rvol_threshold=4.6866, sell_rsi=85.2056, stop_loss_pct=0.1145, take_profit_pct=0.074
      change_vs_previous=adx_threshold: 25.2814 -> 37.6285; bb_period: 39 -> 21; bb_stddev: 3.5267 -> 4.1269; buy_rsi: 32.8117 -> 33.0436; cooldown_bars: 25 -> 26; max_cash_fraction: 0.2348 -> 0.0964; relative_strength_period: 35 -> 32; relative_strength_threshold: -1.0085 -> -1.0958; rsi_period: 25 -> 31; rvol_period: 32 -> 35; rvol_threshold: 1.681 -> 4.6866; sell_rsi: 47.259 -> 85.2056; stop_loss_pct: 0.09 -> 0.1145; take_profit_pct: 0.1959 -> 0.074
      relative_profit=$-41,335.98, absolute_profit=$-30,316.85, buys=6639, score=(-74530.98, -6639, -8360), objective=-74,530.98
    Trial 013: window=2024-08-07 15:08 UTC -> 2024-11-05 15:08 UTC, months=[2024-08, 2024-09, 2024-10, 2024-11], symbols=[AMAT, AMZN, AVAV, BEAM, BMY, CB, CL, CRM, CVNA, DDOG, DPZ, ECL, EOG, ESTC, F, FCEL, ICE, INTC, KO, LLY, ... (+30 more)], proposal=optuna_tpe
      params=adx_period=31, adx_threshold=20.7914, bb_period=37, bb_stddev=2.1624, buy_rsi=19.3682, cooldown_bars=3, max_cash_fraction=0.1041, relative_strength_period=41, relative_strength_threshold=-2.5098, rsi_period=40, rvol_period=20, rvol_threshold=1.5963, sell_rsi=66.4169, stop_loss_pct=0.1362, take_profit_pct=0.1774
      change_vs_previous=adx_period: 28 -> 31; adx_threshold: 37.6285 -> 20.7914; bb_period: 21 -> 37; bb_stddev: 4.1269 -> 2.1624; buy_rsi: 33.0436 -> 19.3682; cooldown_bars: 26 -> 3; max_cash_fraction: 0.0964 -> 0.1041; relative_strength_period: 32 -> 41; relative_strength_threshold: -1.0958 -> -2.5098; rsi_period: 31 -> 40; rvol_period: 35 -> 20; rvol_threshold: 4.6866 -> 1.5963; sell_rsi: 85.2056 -> 66.4169; stop_loss_pct: 0.1145 -> 0.1362; take_profit_pct: 0.074 -> 0.1774
      relative_profit=$-35,922.87, absolute_profit=$-27,821.57, buys=6266, score=(-67252.87, -6266, -8617), objective=-67,252.87
    Trial 014: window=2024-08-26 22:27 UTC -> 2024-11-23 00:59 UTC, months=[2024-08, 2024-09, 2024-10, 2024-11], symbols=[AAPL, AFRM, AON, BALL, BBAI, CHWY, CMCSA, CVNA, CVX, D, DD, DIA, DVN, EDIT, ENPH, FSLY, GD, GREE, ICE, JNJ, ... (+30 more)], proposal=optuna_tpe
      params=adx_period=34, adx_threshold=35.8429, bb_period=19, bb_stddev=2.061, buy_rsi=32.1763, cooldown_bars=7, max_cash_fraction=0.1732, relative_strength_period=37, relative_strength_threshold=-2.3574, rsi_period=30, rvol_period=28, rvol_threshold=3.0586, sell_rsi=53.4356, stop_loss_pct=0.1214, take_profit_pct=0.1833
      change_vs_previous=adx_period: 31 -> 34; adx_threshold: 20.7914 -> 35.8429; bb_period: 37 -> 19; bb_stddev: 2.1624 -> 2.061; buy_rsi: 19.3682 -> 32.1763; cooldown_bars: 3 -> 7; max_cash_fraction: 0.1041 -> 0.1732; relative_strength_period: 41 -> 37; relative_strength_threshold: -2.5098 -> -2.3574; rsi_period: 40 -> 30; rvol_period: 20 -> 28; rvol_threshold: 1.5963 -> 3.0586; sell_rsi: 66.4169 -> 53.4356; stop_loss_pct: 0.1362 -> 0.1214; take_profit_pct: 0.1774 -> 0.1833
      relative_profit=$-80,945.09, absolute_profit=$-74,428.06, buys=18663, score=(-174260.09, -18663, -23169), objective=-174,260.09
    Trial 015: window=2024-09-16 18:54 UTC -> 2024-12-14 00:59 UTC, months=[2024-09, 2024-10, 2024-11, 2024-12], symbols=[ABBV, AFRM, ARCT, AXP, BLK, C, COP, DE, DUK, ECL, ED, EL, FSLY, ITW, JNJ, LIN, LLY, LULU, MAR, MNST, ... (+30 more)], proposal=optuna_tpe
      params=adx_period=30, adx_threshold=27.3754, bb_period=26, bb_stddev=3.1577, buy_rsi=29.4775, cooldown_bars=12, max_cash_fraction=0.0563, relative_strength_period=14, relative_strength_threshold=-1.0757, rsi_period=22, rvol_period=28, rvol_threshold=4.2101, sell_rsi=73.4243, stop_loss_pct=0.1131, take_profit_pct=0.1257
      change_vs_previous=adx_period: 34 -> 30; adx_threshold: 35.8429 -> 27.3754; bb_period: 19 -> 26; bb_stddev: 2.061 -> 3.1577; buy_rsi: 32.1763 -> 29.4775; cooldown_bars: 7 -> 12; max_cash_fraction: 0.1732 -> 0.0563; relative_strength_period: 37 -> 14; relative_strength_threshold: -2.3574 -> -1.0757; rsi_period: 30 -> 22; rvol_threshold: 3.0586 -> 4.2101; sell_rsi: 53.4356 -> 73.4243; stop_loss_pct: 0.1214 -> 0.1131; take_profit_pct: 0.1833 -> 0.1257
      relative_profit=$-58,935.71, absolute_profit=$-51,556.00, buys=10224, score=(-110055.70999999999, -10224, -12382), objective=-110,055.71
    Trial 016: window=2024-04-30 16:47 UTC -> 2024-07-29 16:47 UTC, months=[2024-04, 2024-05, 2024-06, 2024-07], symbols=[ADM, AON, ARCT, BA, BBY, BLK, BNTX, CAT, CL, COIN, COP, DUK, DVN, EMR, ETN, EXC, F, FCEL, IFF, INTU, ... (+30 more)], proposal=optuna_tpe
      params=adx_period=31, adx_threshold=23.6996, bb_period=40, bb_stddev=3.8001, buy_rsi=28.1086, cooldown_bars=16, max_cash_fraction=0.2242, relative_strength_period=32, relative_strength_threshold=-2.5372, rsi_period=33, rvol_period=24, rvol_threshold=2.4797, sell_rsi=68.7611, stop_loss_pct=0.1355, take_profit_pct=0.1945
      change_vs_previous=adx_period: 30 -> 31; adx_threshold: 27.3754 -> 23.6996; bb_period: 26 -> 40; bb_stddev: 3.1577 -> 3.8001; buy_rsi: 29.4775 -> 28.1086; cooldown_bars: 12 -> 16; max_cash_fraction: 0.0563 -> 0.2242; relative_strength_period: 14 -> 32; relative_strength_threshold: -1.0757 -> -2.5372; rsi_period: 22 -> 33; rvol_period: 28 -> 24; rvol_threshold: 4.2101 -> 2.4797; sell_rsi: 73.4243 -> 68.7611; stop_loss_pct: 0.1131 -> 0.1355; take_profit_pct: 0.1257 -> 0.1945
      relative_profit=$-40,274.21, absolute_profit=$-32,085.23, buys=5916, score=(-69854.20999999999, -5916, -8335), objective=-69,854.21
    Trial 017: window=2024-07-01 11:44 UTC -> 2024-09-27 23:59 UTC, months=[2024-07, 2024-08, 2024-09], symbols=[ADM, AFRM, AMD, APP, AVAV, BAC, C, CL, CMG, CVNA, DDOG, DIA, DOCU, DPZ, ESTC, F, GD, GOOGL, HOOD, ICE, ... (+30 more)], proposal=optuna_tpe
      params=adx_period=31, adx_threshold=36.2046, bb_period=34, bb_stddev=1.3624, buy_rsi=30.4042, cooldown_bars=3, max_cash_fraction=0.1489, relative_strength_period=42, relative_strength_threshold=-2.5129, rsi_period=38, rvol_period=22, rvol_threshold=2.2541, sell_rsi=46.8053, stop_loss_pct=0.1465, take_profit_pct=0.1296
      change_vs_previous=adx_threshold: 23.6996 -> 36.2046; bb_period: 40 -> 34; bb_stddev: 3.8001 -> 1.3624; buy_rsi: 28.1086 -> 30.4042; cooldown_bars: 16 -> 3; max_cash_fraction: 0.2242 -> 0.1489; relative_strength_period: 32 -> 42; relative_strength_threshold: -2.5372 -> -2.5129; rsi_period: 33 -> 38; rvol_period: 24 -> 22; rvol_threshold: 2.4797 -> 2.2541; sell_rsi: 68.7611 -> 46.8053; stop_loss_pct: 0.1355 -> 0.1465; take_profit_pct: 0.1945 -> 0.1296
      relative_profit=$-104,643.67, absolute_profit=$-99,995.87, buys=14934, score=(-179313.66999999998, -14934, -20316), objective=-179,313.67
    Trial 018: window=2024-02-21 15:09 UTC -> 2024-05-21 15:09 UTC, months=[2024-02, 2024-03, 2024-04, 2024-05], symbols=[AMAT, AMT, APD, ASML, BA, BAC, BHP, BILL, CL, CMG, COIN, CVX, DD, DKNG, DOW, EL, GD, HD, HON, HSY, ... (+30 more)], proposal=optuna_tpe
      params=adx_period=25, adx_threshold=39.0948, bb_period=29, bb_stddev=3.2431, buy_rsi=41.1557, cooldown_bars=30, max_cash_fraction=0.1316, relative_strength_period=40, relative_strength_threshold=0.523, rsi_period=19, rvol_period=32, rvol_threshold=4.0799, sell_rsi=59.3011, stop_loss_pct=0.1048, take_profit_pct=0.1131
      change_vs_previous=adx_period: 31 -> 25; adx_threshold: 36.2046 -> 39.0948; bb_period: 34 -> 29; bb_stddev: 1.3624 -> 3.2431; buy_rsi: 30.4042 -> 41.1557; cooldown_bars: 3 -> 30; max_cash_fraction: 0.1489 -> 0.1316; relative_strength_period: 42 -> 40; relative_strength_threshold: -2.5129 -> 0.523; rsi_period: 38 -> 19; rvol_period: 22 -> 32; rvol_threshold: 2.2541 -> 4.0799; sell_rsi: 46.8053 -> 59.3011; stop_loss_pct: 0.1465 -> 0.1048; take_profit_pct: 0.1296 -> 0.1131
      relative_profit=$-106,889.40, absolute_profit=$-99,978.01, buys=11674, score=(-165259.4, -11674, -22014), objective=-165,259.40
    Trial 019: window=2024-05-08 08:06 UTC -> 2024-08-06 08:06 UTC, months=[2024-05, 2024-06, 2024-07, 2024-08], symbols=[ABBV, AFRM, AI, AMZN, APA, AXP, BALL, BHP, BILL, BNTX, CB, CRWD, CSCO, CVNA, DE, DHR, DIA, DVN, EA, F, ... (+30 more)], proposal=optuna_tpe
      params=adx_period=24, adx_threshold=29.895, bb_period=39, bb_stddev=3.205, buy_rsi=33.1307, cooldown_bars=14, max_cash_fraction=0.0798, relative_strength_period=29, relative_strength_threshold=-2.5976, rsi_period=38, rvol_period=38, rvol_threshold=0.5154, sell_rsi=49.153, stop_loss_pct=0.1237, take_profit_pct=0.1515
      change_vs_previous=adx_period: 25 -> 24; adx_threshold: 39.0948 -> 29.895; bb_period: 29 -> 39; bb_stddev: 3.2431 -> 3.205; buy_rsi: 41.1557 -> 33.1307; cooldown_bars: 30 -> 14; max_cash_fraction: 0.1316 -> 0.0798; relative_strength_period: 40 -> 29; relative_strength_threshold: 0.523 -> -2.5976; rsi_period: 19 -> 38; rvol_period: 32 -> 38; rvol_threshold: 4.0799 -> 0.5154; sell_rsi: 59.3011 -> 49.153; stop_loss_pct: 0.1048 -> 0.1237; take_profit_pct: 0.1131 -> 0.1515
      relative_profit=$-91,560.48, absolute_profit=$-90,591.29, buys=11097, score=(-147045.47999999998, -11097, -18888), objective=-147,045.48
    Trial 020: window=2024-08-19 08:41 UTC -> 2024-11-16 00:59 UTC, months=[2024-08, 2024-09, 2024-10, 2024-11], symbols=[BALL, BEAM, BKR, BLDP, CF, CL, CMCSA, CME, CMG, COIN, CRM, CVNA, DD, DE, DHR, EDIT, HLT, IFF, KSS, LSTR, ... (+30 more)], proposal=optuna_tpe
      params=adx_period=32, adx_threshold=38.8471, bb_period=37, bb_stddev=1.9519, buy_rsi=27.4242, cooldown_bars=13, max_cash_fraction=0.1795, relative_strength_period=51, relative_strength_threshold=-1.4022, rsi_period=35, rvol_period=33, rvol_threshold=2.2887, sell_rsi=45.1137, stop_loss_pct=0.1385, take_profit_pct=0.1391
      change_vs_previous=adx_period: 24 -> 32; adx_threshold: 29.895 -> 38.8471; bb_period: 39 -> 37; bb_stddev: 3.205 -> 1.9519; buy_rsi: 33.1307 -> 27.4242; cooldown_bars: 14 -> 13; max_cash_fraction: 0.0798 -> 0.1795; relative_strength_period: 29 -> 51; relative_strength_threshold: -2.5976 -> -1.4022; rsi_period: 38 -> 35; rvol_period: 38 -> 33; rvol_threshold: 0.5154 -> 2.2887; sell_rsi: 49.153 -> 45.1137; stop_loss_pct: 0.1237 -> 0.1385; take_profit_pct: 0.1515 -> 0.1391
      relative_profit=$-68,003.88, absolute_profit=$-62,210.21, buys=8974, score=(-112873.88, -8974, -14983), objective=-112,873.88
    Trial 021: window=2024-04-23 14:19 UTC -> 2024-07-22 14:19 UTC, months=[2024-04, 2024-05, 2024-06, 2024-07], symbols=[ADBE, AMZN, AON, APA, BAC, BALL, BLK, CB, CF, CL, CRWD, CSCO, CVNA, DPZ, DUK, EL, EMR, FCEL, HLT, HUBS, ... (+30 more)], proposal=optuna_tpe
      params=adx_period=23, adx_threshold=38.806, bb_period=21, bb_stddev=3.8234, buy_rsi=36.696, cooldown_bars=26, max_cash_fraction=0.0307, relative_strength_period=37, relative_strength_threshold=-2.2752, rsi_period=17, rvol_period=35, rvol_threshold=2.4219, sell_rsi=87.5672, stop_loss_pct=0.0798, take_profit_pct=0.1295
      change_vs_previous=adx_period: 32 -> 23; adx_threshold: 38.8471 -> 38.806; bb_period: 37 -> 21; bb_stddev: 1.9519 -> 3.8234; buy_rsi: 27.4242 -> 36.696; cooldown_bars: 13 -> 26; max_cash_fraction: 0.1795 -> 0.0307; relative_strength_period: 51 -> 37; relative_strength_threshold: -1.4022 -> -2.2752; rsi_period: 35 -> 17; rvol_period: 33 -> 35; rvol_threshold: 2.2887 -> 2.4219; sell_rsi: 45.1137 -> 87.5672; stop_loss_pct: 0.1385 -> 0.0798; take_profit_pct: 0.1391 -> 0.1295
      relative_profit=$-75,533.17, absolute_profit=$-65,942.42, buys=10245, score=(-126758.17, -10245, -13379), objective=-126,758.17
    Trial 022: window=2024-03-28 16:01 UTC -> 2024-06-26 16:01 UTC, months=[2024-03, 2024-04, 2024-05, 2024-06], symbols=[ADBE, ALB, AMAT, AVGO, BA, BBY, BMY, CAN, CAT, CHWY, CRSP, CVNA, DAL, DHR, DOCU, EXC, F, GREE, HD, HOOD, ... (+30 more)], proposal=optuna_tpe
      params=adx_period=13, adx_threshold=28.7042, bb_period=44, bb_stddev=1.2443, buy_rsi=11.6545, cooldown_bars=8, max_cash_fraction=0.0352, relative_strength_period=22, relative_strength_threshold=-1.4448, rsi_period=31, rvol_period=34, rvol_threshold=3.9069, sell_rsi=57.8427, stop_loss_pct=0.0716, take_profit_pct=0.0504
      change_vs_previous=adx_period: 23 -> 13; adx_threshold: 38.806 -> 28.7042; bb_period: 21 -> 44; bb_stddev: 3.8234 -> 1.2443; buy_rsi: 36.696 -> 11.6545; cooldown_bars: 26 -> 8; max_cash_fraction: 0.0307 -> 0.0352; relative_strength_period: 37 -> 22; relative_strength_threshold: -2.2752 -> -1.4448; rsi_period: 17 -> 31; rvol_period: 35 -> 34; rvol_threshold: 2.4219 -> 3.9069; sell_rsi: 87.5672 -> 57.8427; stop_loss_pct: 0.0798 -> 0.0716; take_profit_pct: 0.1295 -> 0.0504
      relative_profit=$-55,016.60, absolute_profit=$-50,895.39, buys=7127, score=(-90651.6, -7127, -9330), objective=-90,651.60
    Trial 023: window=2024-07-19 10:15 UTC -> 2024-10-17 10:15 UTC, months=[2024-07, 2024-08, 2024-09, 2024-10], symbols=[ASML, AVGO, BBY, BE, BLDP, BNTX, C, CAN, CL, COST, CVNA, DVN, EA, ED, EDIT, EXPD, FANG, FSLY, GILD, GM, ... (+30 more)], proposal=optuna_tpe
      params=adx_period=16, adx_threshold=31.8324, bb_period=44, bb_stddev=1.9814, buy_rsi=28.2269, cooldown_bars=4, max_cash_fraction=0.0575, relative_strength_period=17, relative_strength_threshold=-0.6306, rsi_period=35, rvol_period=26, rvol_threshold=4.3637, sell_rsi=74.1458, stop_loss_pct=0.0681, take_profit_pct=0.0149
      change_vs_previous=adx_period: 13 -> 16; adx_threshold: 28.7042 -> 31.8324; bb_stddev: 1.2443 -> 1.9814; buy_rsi: 11.6545 -> 28.2269; cooldown_bars: 8 -> 4; max_cash_fraction: 0.0352 -> 0.0575; relative_strength_period: 22 -> 17; relative_strength_threshold: -1.4448 -> -0.6306; rsi_period: 31 -> 35; rvol_period: 34 -> 26; rvol_threshold: 3.9069 -> 4.3637; sell_rsi: 57.8427 -> 74.1458; stop_loss_pct: 0.0716 -> 0.0681; take_profit_pct: 0.0504 -> 0.0149
      relative_profit=$-77,528.56, absolute_profit=$-71,856.56, buys=12102, score=(-138038.56, -12102, -14491), objective=-138,038.56
    Trial 024: window=2024-02-26 18:00 UTC -> 2024-05-24 23:59 UTC, months=[2024-02, 2024-03, 2024-04, 2024-05], symbols=[ALB, AVAV, BALL, BKR, CB, CF, CMCSA, CME, COST, DG, DHR, DPZ, ECL, ENPH, EXPD, FCEL, GE, HII, ICE, KMB, ... (+30 more)], proposal=optuna_tpe
      params=adx_period=26, adx_threshold=22.6582, bb_period=30, bb_stddev=2.2741, buy_rsi=17.4108, cooldown_bars=8, max_cash_fraction=0.1477, relative_strength_period=39, relative_strength_threshold=-0.7158, rsi_period=37, rvol_period=20, rvol_threshold=2.0545, sell_rsi=45.451, stop_loss_pct=0.1168, take_profit_pct=0.1723
      change_vs_previous=adx_period: 16 -> 26; adx_threshold: 31.8324 -> 22.6582; bb_period: 44 -> 30; bb_stddev: 1.9814 -> 2.2741; buy_rsi: 28.2269 -> 17.4108; cooldown_bars: 4 -> 8; max_cash_fraction: 0.0575 -> 0.1477; relative_strength_period: 17 -> 39; relative_strength_threshold: -0.6306 -> -0.7158; rsi_period: 35 -> 37; rvol_period: 26 -> 20; rvol_threshold: 4.3637 -> 2.0545; sell_rsi: 74.1458 -> 45.451; stop_loss_pct: 0.0681 -> 0.1168; take_profit_pct: 0.0149 -> 0.1723
      relative_profit=$-34,558.58, absolute_profit=$-30,231.57, buys=5380, score=(-61458.58, -5380, -9182), objective=-61,458.58
    Trial 025: window=2024-07-24 14:37 UTC -> 2024-10-22 14:37 UTC, months=[2024-07, 2024-08, 2024-09, 2024-10], symbols=[ASML, AXP, BALL, CCI, COP, COST, DDOG, DIA, DOCU, EDIT, EOG, EQIX, ESTC, FCEL, GILD, GOOGL, ITW, JBHT, JNJ, KO, ... (+30 more)], proposal=optuna_tpe
      params=adx_period=12, adx_threshold=37.296, bb_period=43, bb_stddev=1.5084, buy_rsi=10.7516, cooldown_bars=17, max_cash_fraction=0.0965, relative_strength_period=9, relative_strength_threshold=-1.5101, rsi_period=33, rvol_period=21, rvol_threshold=3.1434, sell_rsi=82.4622, stop_loss_pct=0.0735, take_profit_pct=0.0341
      change_vs_previous=adx_period: 26 -> 12; adx_threshold: 22.6582 -> 37.296; bb_period: 30 -> 43; bb_stddev: 2.2741 -> 1.5084; buy_rsi: 17.4108 -> 10.7516; cooldown_bars: 8 -> 17; max_cash_fraction: 0.1477 -> 0.0965; relative_strength_period: 39 -> 9; relative_strength_threshold: -0.7158 -> -1.5101; rsi_period: 37 -> 33; rvol_period: 20 -> 21; rvol_threshold: 2.0545 -> 3.1434; sell_rsi: 45.451 -> 82.4622; stop_loss_pct: 0.1168 -> 0.0735; take_profit_pct: 0.1723 -> 0.0341
      relative_profit=$-25,447.83, absolute_profit=$-18,909.08, buys=4824, score=(-49567.83, -4824, -6854), objective=-49,567.83
    Trial 026: window=2024-02-28 12:16 UTC -> 2024-05-28 12:16 UTC, months=[2024-02, 2024-03, 2024-04, 2024-05], symbols=[ABNB, AI, ALB, AMZN, AON, ASML, BABA, BBAI, BILL, CAT, CB, COIN, CSCO, DD, DOCU, DOW, DVN, ECL, HLT, HSY, ... (+30 more)], proposal=optuna_tpe
      params=adx_period=19, adx_threshold=36.145, bb_period=45, bb_stddev=1.0015, buy_rsi=14.2713, cooldown_bars=5, max_cash_fraction=0.1412, relative_strength_period=8, relative_strength_threshold=-2.8152, rsi_period=38, rvol_period=21, rvol_threshold=3.223, sell_rsi=87.9815, stop_loss_pct=0.0751, take_profit_pct=0.0827
      change_vs_previous=adx_period: 12 -> 19; adx_threshold: 37.296 -> 36.145; bb_period: 43 -> 45; bb_stddev: 1.5084 -> 1.0015; buy_rsi: 10.7516 -> 14.2713; cooldown_bars: 17 -> 5; max_cash_fraction: 0.0965 -> 0.1412; relative_strength_period: 9 -> 8; relative_strength_threshold: -1.5101 -> -2.8152; rsi_period: 33 -> 38; rvol_threshold: 3.1434 -> 3.223; sell_rsi: 82.4622 -> 87.9815; stop_loss_pct: 0.0735 -> 0.0751; take_profit_pct: 0.0341 -> 0.0827
      relative_profit=$-49,378.42, absolute_profit=$-44,432.20, buys=7284, score=(-85798.42, -7284, -9241), objective=-85,798.42
    Trial 027: window=2024-04-18 18:30 UTC -> 2024-07-17 18:30 UTC, months=[2024-04, 2024-05, 2024-06, 2024-07], symbols=[AAPL, AI, AMAT, ARCT, AVGO, AXP, BABA, BILL, BLDP, CF, CRM, DIS, DKNG, F, FCX, FISV, GD, GOOGL, GPN, JPM, ... (+30 more)], proposal=optuna_tpe
      params=adx_period=10, adx_threshold=33.6836, bb_period=44, bb_stddev=2.7127, buy_rsi=12.0929, cooldown_bars=19, max_cash_fraction=0.0338, relative_strength_period=21, relative_strength_threshold=0.9041, rsi_period=32, rvol_period=14, rvol_threshold=3.5148, sell_rsi=79.3485, stop_loss_pct=0.0982, take_profit_pct=0.0191
      change_vs_previous=adx_period: 19 -> 10; adx_threshold: 36.145 -> 33.6836; bb_period: 45 -> 44; bb_stddev: 1.0015 -> 2.7127; buy_rsi: 14.2713 -> 12.0929; cooldown_bars: 5 -> 19; max_cash_fraction: 0.1412 -> 0.0338; relative_strength_period: 8 -> 21; relative_strength_threshold: -2.8152 -> 0.9041; rsi_period: 38 -> 32; rvol_period: 21 -> 14; rvol_threshold: 3.223 -> 3.5148; sell_rsi: 87.9815 -> 79.3485; stop_loss_pct: 0.0751 -> 0.0982; take_profit_pct: 0.0827 -> 0.0191
      relative_profit=$-25,287.76, absolute_profit=$-13,600.40, buys=3394, score=(-42257.76, -3394, -6596), objective=-42,257.76
    Trial 028: window=2024-05-28 13:33 UTC -> 2024-08-26 13:33 UTC, months=[2024-05, 2024-06, 2024-07, 2024-08], symbols=[APA, APD, APP, AVGO, BE, BLDP, C, CAT, CCI, COST, DE, DUK, EDIT, ENPH, ETN, FCEL, FISV, IWM, LLY, LSTR, ... (+30 more)], proposal=optuna_tpe
      params=adx_period=13, adx_threshold=27.8771, bb_period=37, bb_stddev=2.5798, buy_rsi=21.296, cooldown_bars=12, max_cash_fraction=0.0536, relative_strength_period=15, relative_strength_threshold=-0.2886, rsi_period=36, rvol_period=18, rvol_threshold=2.4989, sell_rsi=87.6023, stop_loss_pct=0.1237, take_profit_pct=0.0241
      change_vs_previous=adx_period: 10 -> 13; adx_threshold: 33.6836 -> 27.8771; bb_period: 44 -> 37; bb_stddev: 2.7127 -> 2.5798; buy_rsi: 12.0929 -> 21.296; cooldown_bars: 19 -> 12; max_cash_fraction: 0.0338 -> 0.0536; relative_strength_period: 21 -> 15; relative_strength_threshold: 0.9041 -> -0.2886; rsi_period: 32 -> 36; rvol_period: 14 -> 18; rvol_threshold: 3.5148 -> 2.4989; sell_rsi: 79.3485 -> 87.6023; stop_loss_pct: 0.0982 -> 0.1237; take_profit_pct: 0.0191 -> 0.0241
      relative_profit=$-34,365.60, absolute_profit=$-28,148.29, buys=4676, score=(-57745.6, -4676, -6722), objective=-57,745.60
    Trial 029: window=2024-08-07 21:54 UTC -> 2024-11-05 21:54 UTC, months=[2024-08, 2024-09, 2024-10, 2024-11], symbols=[AMZN, BKR, BNTX, CAN, CHRW, CVNA, D, DD, DKNG, DOCU, DOW, EMR, EXPD, F, FISV, GOOGL, HII, HUBS, JBHT, KMI, ... (+30 more)], proposal=optuna_tpe
      params=adx_period=19, adx_threshold=35.9164, bb_period=37, bb_stddev=2.1441, buy_rsi=15.0503, cooldown_bars=21, max_cash_fraction=0.0466, relative_strength_period=14, relative_strength_threshold=-0.319, rsi_period=30, rvol_period=13, rvol_threshold=4.4777, sell_rsi=81.9622, stop_loss_pct=0.1075, take_profit_pct=0.1534
      change_vs_previous=adx_period: 13 -> 19; adx_threshold: 27.8771 -> 35.9164; bb_stddev: 2.5798 -> 2.1441; buy_rsi: 21.296 -> 15.0503; cooldown_bars: 12 -> 21; max_cash_fraction: 0.0536 -> 0.0466; relative_strength_period: 15 -> 14; relative_strength_threshold: -0.2886 -> -0.319; rsi_period: 36 -> 30; rvol_period: 18 -> 13; rvol_threshold: 2.4989 -> 4.4777; sell_rsi: 87.6023 -> 81.9622; stop_loss_pct: 0.1237 -> 0.1075; take_profit_pct: 0.0241 -> 0.1534
      relative_profit=$-29,930.39, absolute_profit=$-18,236.42, buys=4108, score=(-50470.39, -4108, -5629), objective=-50,470.39
    Trial 030: window=2024-07-18 11:42 UTC -> 2024-10-16 11:42 UTC, months=[2024-07, 2024-08, 2024-09, 2024-10], symbols=[AON, APA, AVGO, BA, BBY, BKR, BNTX, CAT, CB, CMCSA, DDOG, DE, DG, DHR, EDIT, EOG, ESTC, ETSY, EXC, FCX, ... (+30 more)], proposal=optuna_tpe
      params=adx_period=17, adx_threshold=38.6339, bb_period=40, bb_stddev=3.1878, buy_rsi=15.5461, cooldown_bars=27, max_cash_fraction=0.0562, relative_strength_period=33, relative_strength_threshold=-0.0337, rsi_period=29, rvol_period=3, rvol_threshold=4.3062, sell_rsi=73.1497, stop_loss_pct=0.1028, take_profit_pct=0.014
      change_vs_previous=adx_period: 19 -> 17; adx_threshold: 35.9164 -> 38.6339; bb_period: 37 -> 40; bb_stddev: 2.1441 -> 3.1878; buy_rsi: 15.0503 -> 15.5461; cooldown_bars: 21 -> 27; max_cash_fraction: 0.0466 -> 0.0562; relative_strength_period: 14 -> 33; relative_strength_threshold: -0.319 -> -0.0337; rsi_period: 30 -> 29; rvol_period: 13 -> 3; rvol_threshold: 4.4777 -> 4.3062; sell_rsi: 81.9622 -> 73.1497; stop_loss_pct: 0.1075 -> 0.1028; take_profit_pct: 0.1534 -> 0.014
      relative_profit=$-20,959.88, absolute_profit=$-17,008.40, buys=2803, score=(-34974.880000000005, -2803, -3669), objective=-34,974.88
    Trial 031: window=2024-04-05 19:43 UTC -> 2024-07-03 20:59 UTC, months=[2024-04, 2024-05, 2024-06, 2024-07], symbols=[AMD, BAC, BEAM, BNTX, CL, CMG, CRSP, DD, DHR, DPZ, DUK, EMR, ENPH, GD, GREE, JPM, KLAC, KMB, KMI, LLY, ... (+30 more)], proposal=optuna_tpe
      params=adx_period=11, adx_threshold=37.3398, bb_period=41, bb_stddev=3.5917, buy_rsi=11.935, cooldown_bars=27, max_cash_fraction=0.1369, relative_strength_period=40, relative_strength_threshold=0.5443, rsi_period=35, rvol_period=27, rvol_threshold=3.7744, sell_rsi=71.1602, stop_loss_pct=0.1005, take_profit_pct=0.0503
      change_vs_previous=adx_period: 17 -> 11; adx_threshold: 38.6339 -> 37.3398; bb_period: 40 -> 41; bb_stddev: 3.1878 -> 3.5917; buy_rsi: 15.5461 -> 11.935; max_cash_fraction: 0.0562 -> 0.1369; relative_strength_period: 33 -> 40; relative_strength_threshold: -0.0337 -> 0.5443; rsi_period: 29 -> 35; rvol_period: 3 -> 27; rvol_threshold: 4.3062 -> 3.7744; sell_rsi: 73.1497 -> 71.1602; stop_loss_pct: 0.1028 -> 0.1005; take_profit_pct: 0.014 -> 0.0503
      relative_profit=$16,312.14, absolute_profit=$22,605.53, buys=2711, score=(2757.1399999999994, -2711, -5282), objective=2,757.14
    Trial 032: window=2024-08-30 18:16 UTC -> 2024-11-28 00:59 UTC, months=[2024-08, 2024-09, 2024-10, 2024-11], symbols=[ADM, ASML, AVAV, BA, BAC, BALL, BNTX, CMG, CRWD, D, DG, DIS, DOCU, DOW, DUK, ECL, GILD, GM, LIN, M, ... (+30 more)], proposal=optuna_tpe
      params=adx_period=22, adx_threshold=37.7979, bb_period=45, bb_stddev=3.4587, buy_rsi=21.1016, cooldown_bars=27, max_cash_fraction=0.161, relative_strength_period=34, relative_strength_threshold=-0.5013, rsi_period=25, rvol_period=22, rvol_threshold=3.6584, sell_rsi=70.3459, stop_loss_pct=0.1077, take_profit_pct=0.0383
      change_vs_previous=adx_period: 11 -> 22; adx_threshold: 37.3398 -> 37.7979; bb_period: 41 -> 45; bb_stddev: 3.5917 -> 3.4587; buy_rsi: 11.935 -> 21.1016; max_cash_fraction: 0.1369 -> 0.161; relative_strength_period: 40 -> 34; relative_strength_threshold: 0.5443 -> -0.5013; rsi_period: 35 -> 25; rvol_period: 27 -> 22; rvol_threshold: 3.7744 -> 3.6584; sell_rsi: 71.1602 -> 70.3459; stop_loss_pct: 0.1005 -> 0.1077; take_profit_pct: 0.0503 -> 0.0383
      relative_profit=$-33,352.52, absolute_profit=$-26,286.47, buys=5123, score=(-58967.520000000004, -5123, -7064), objective=-58,967.52
    Trial 033: window=2024-07-31 21:01 UTC -> 2024-10-29 21:01 UTC, months=[2024-07, 2024-08, 2024-09, 2024-10], symbols=[AI, ALB, AMZN, APD, BALL, BHP, CSCO, DOCU, EA, ED, EXC, EXPD, GD, GREE, HAL, IFF, KHC, LIN, MO, MPWR, ... (+30 more)], proposal=optuna_tpe
      params=adx_period=15, adx_threshold=38.168, bb_period=32, bb_stddev=3.2586, buy_rsi=15.2164, cooldown_bars=25, max_cash_fraction=0.0469, relative_strength_period=33, relative_strength_threshold=-0.4658, rsi_period=35, rvol_period=9, rvol_threshold=3.7021, sell_rsi=79.1652, stop_loss_pct=0.1147, take_profit_pct=0.0578
      change_vs_previous=adx_period: 22 -> 15; adx_threshold: 37.7979 -> 38.168; bb_period: 45 -> 32; bb_stddev: 3.4587 -> 3.2586; buy_rsi: 21.1016 -> 15.2164; cooldown_bars: 27 -> 25; max_cash_fraction: 0.161 -> 0.0469; relative_strength_period: 34 -> 33; relative_strength_threshold: -0.5013 -> -0.4658; rsi_period: 25 -> 35; rvol_period: 22 -> 9; rvol_threshold: 3.6584 -> 3.7021; sell_rsi: 70.3459 -> 79.1652; stop_loss_pct: 0.1077 -> 0.1147; take_profit_pct: 0.0383 -> 0.0578
      relative_profit=$-24,432.41, absolute_profit=$-18,890.27, buys=2750, score=(-38182.41, -2750, -4098), objective=-38,182.41
    Trial 034: window=2024-09-17 16:15 UTC -> 2024-12-16 16:15 UTC, months=[2024-09, 2024-10, 2024-11, 2024-12], symbols=[ABNB, AVGO, BAC, BALL, CAT, COP, CRWD, DD, DOCU, DVN, EMR, GE, GPN, HAL, HII, ICE, ITW, JNJ, KHC, KMB, ... (+30 more)], proposal=optuna_tpe
      params=adx_period=19, adx_threshold=34.9335, bb_period=33, bb_stddev=3.7799, buy_rsi=13.0759, cooldown_bars=22, max_cash_fraction=0.0921, relative_strength_period=34, relative_strength_threshold=0.7138, rsi_period=34, rvol_period=26, rvol_threshold=4.0074, sell_rsi=78.0877, stop_loss_pct=0.1151, take_profit_pct=0.0667
      change_vs_previous=adx_period: 15 -> 19; adx_threshold: 38.168 -> 34.9335; bb_period: 32 -> 33; bb_stddev: 3.2586 -> 3.7799; buy_rsi: 15.2164 -> 13.0759; cooldown_bars: 25 -> 22; max_cash_fraction: 0.0469 -> 0.0921; relative_strength_period: 33 -> 34; relative_strength_threshold: -0.4658 -> 0.7138; rsi_period: 35 -> 34; rvol_period: 9 -> 26; rvol_threshold: 3.7021 -> 4.0074; sell_rsi: 79.1652 -> 78.0877; stop_loss_pct: 0.1147 -> 0.1151; take_profit_pct: 0.0578 -> 0.0667
      relative_profit=$42,062.07, absolute_profit=$49,575.17, buys=2943, score=(27347.07, -2943, -5713), objective=27,347.07
    Trial 035: window=2024-07-10 17:46 UTC -> 2024-10-08 17:46 UTC, months=[2024-07, 2024-08, 2024-09, 2024-10], symbols=[ADM, AFRM, ARCT, ASML, BEAM, CHRW, CHWY, CME, CRSP, CSX, DIS, DOW, EQIX, F, FANG, FIS, FISV, GE, GOOGL, INTU, ... (+30 more)], proposal=optuna_tpe
      params=adx_period=21, adx_threshold=38.8697, bb_period=43, bb_stddev=4.202, buy_rsi=11.3869, cooldown_bars=25, max_cash_fraction=0.0951, relative_strength_period=37, relative_strength_threshold=0.8399, rsi_period=30, rvol_period=23, rvol_threshold=3.189, sell_rsi=71.1036, stop_loss_pct=0.1141, take_profit_pct=0.0913
      change_vs_previous=adx_period: 19 -> 21; adx_threshold: 34.9335 -> 38.8697; bb_period: 33 -> 43; bb_stddev: 3.7799 -> 4.202; buy_rsi: 13.0759 -> 11.3869; cooldown_bars: 22 -> 25; max_cash_fraction: 0.0921 -> 0.0951; relative_strength_period: 34 -> 37; relative_strength_threshold: 0.7138 -> 0.8399; rsi_period: 34 -> 30; rvol_period: 26 -> 23; rvol_threshold: 4.0074 -> 3.189; sell_rsi: 78.0877 -> 71.1036; stop_loss_pct: 0.1151 -> 0.1141; take_profit_pct: 0.0667 -> 0.0913
      relative_profit=$66,165.11, absolute_profit=$68,234.74, buys=2802, score=(52155.11, -2802, -5443), objective=52,155.11
    Trial 036: window=2024-09-26 23:59 UTC -> 2024-12-24 21:59 UTC, months=[2024-09, 2024-10, 2024-11, 2024-12], symbols=[AEP, BHP, CAN, CB, CSX, CVX, D, DIS, ECL, EDIT, ENPH, ESTC, GPN, HON, HOOD, HSY, IWM, KMB, LCID, LLY, ... (+30 more)], proposal=optuna_tpe
      params=adx_period=16, adx_threshold=34.674, bb_period=36, bb_stddev=4.0678, buy_rsi=16.0768, cooldown_bars=26, max_cash_fraction=0.0844, relative_strength_period=37, relative_strength_threshold=0.1963, rsi_period=29, rvol_period=32, rvol_threshold=2.8731, sell_rsi=60.4512, stop_loss_pct=0.1216, take_profit_pct=0.086
      change_vs_previous=adx_period: 21 -> 16; adx_threshold: 38.8697 -> 34.674; bb_period: 43 -> 36; bb_stddev: 4.202 -> 4.0678; buy_rsi: 11.3869 -> 16.0768; cooldown_bars: 25 -> 26; max_cash_fraction: 0.0951 -> 0.0844; relative_strength_threshold: 0.8399 -> 0.1963; rsi_period: 30 -> 29; rvol_period: 23 -> 32; rvol_threshold: 3.189 -> 2.8731; sell_rsi: 71.1036 -> 60.4512; stop_loss_pct: 0.1141 -> 0.1216; take_profit_pct: 0.0913 -> 0.086
      relative_profit=$-14,979.06, absolute_profit=$-10,002.09, buys=3485, score=(-32404.06, -3485, -6716), objective=-32,404.06
    Trial 037: window=2024-03-28 20:54 UTC -> 2024-06-26 20:54 UTC, months=[2024-03, 2024-04, 2024-05, 2024-06], symbols=[ABBV, AMD, APD, BA, BBY, BE, BEAM, BILL, BLK, BNTX, CB, CL, D, DG, DIA, DIS, DKNG, FAST, FCEL, HON, ... (+30 more)], proposal=optuna_tpe
      params=adx_period=8, adx_threshold=33.843, bb_period=42, bb_stddev=3.4879, buy_rsi=13.715, cooldown_bars=24, max_cash_fraction=0.163, relative_strength_period=50, relative_strength_threshold=-0.6159, rsi_period=31, rvol_period=28, rvol_threshold=3.6773, sell_rsi=69.2615, stop_loss_pct=0.1208, take_profit_pct=0.079
      change_vs_previous=adx_period: 16 -> 8; adx_threshold: 34.674 -> 33.843; bb_period: 36 -> 42; bb_stddev: 4.0678 -> 3.4879; buy_rsi: 16.0768 -> 13.715; cooldown_bars: 26 -> 24; max_cash_fraction: 0.0844 -> 0.163; relative_strength_period: 37 -> 50; relative_strength_threshold: 0.1963 -> -0.6159; rsi_period: 29 -> 31; rvol_period: 32 -> 28; rvol_threshold: 2.8731 -> 3.6773; sell_rsi: 60.4512 -> 69.2615; stop_loss_pct: 0.1216 -> 0.1208; take_profit_pct: 0.086 -> 0.079
      relative_profit=$-16,892.80, absolute_profit=$-12,781.46, buys=2707, score=(-30427.8, -2707, -4105), objective=-30,427.80
    Trial 038: window=2024-09-06 10:44 UTC -> 2024-12-05 10:44 UTC, months=[2024-09, 2024-10, 2024-11, 2024-12], symbols=[AI, AMD, APD, APP, AXP, BABA, BBY, BHP, BLDP, COP, CSX, DOW, DUK, EL, F, FSLY, GS, HON, HSY, INTC, ... (+30 more)], proposal=optuna_tpe
      params=adx_period=12, adx_threshold=34.5156, bb_period=46, bb_stddev=2.4341, buy_rsi=10.7599, cooldown_bars=26, max_cash_fraction=0.1243, relative_strength_period=45, relative_strength_threshold=-0.6509, rsi_period=29, rvol_period=23, rvol_threshold=4.6272, sell_rsi=75.9966, stop_loss_pct=0.1216, take_profit_pct=0.0579
      change_vs_previous=adx_period: 8 -> 12; adx_threshold: 33.843 -> 34.5156; bb_period: 42 -> 46; bb_stddev: 3.4879 -> 2.4341; buy_rsi: 13.715 -> 10.7599; cooldown_bars: 24 -> 26; max_cash_fraction: 0.163 -> 0.1243; relative_strength_period: 50 -> 45; relative_strength_threshold: -0.6159 -> -0.6509; rsi_period: 31 -> 29; rvol_period: 28 -> 23; rvol_threshold: 3.6773 -> 4.6272; sell_rsi: 69.2615 -> 75.9966; stop_loss_pct: 0.1208 -> 0.1216; take_profit_pct: 0.079 -> 0.0579
      relative_profit=$-19,280.19, absolute_profit=$-8,038.91, buys=2834, score=(-33450.19, -2834, -4251), objective=-33,450.19
    Trial 039: window=2024-03-25 21:23 UTC -> 2024-06-21 23:59 UTC, months=[2024-03, 2024-04, 2024-05, 2024-06], symbols=[AFRM, AVAV, BABA, BALL, BE, BNTX, CAT, CMCSA, DIS, DUK, ECL, FIS, FSLY, GD, GREE, HAL, HON, ICE, JPM, KHC, ... (+30 more)], proposal=optuna_tpe
      params=adx_period=14, adx_threshold=39.1366, bb_period=40, bb_stddev=4.4481, buy_rsi=11.7402, cooldown_bars=30, max_cash_fraction=0.1212, relative_strength_period=35, relative_strength_threshold=-0.662, rsi_period=31, rvol_period=26, rvol_threshold=5.077, sell_rsi=76.1529, stop_loss_pct=0.117, take_profit_pct=0.0694
      change_vs_previous=adx_period: 12 -> 14; adx_threshold: 34.5156 -> 39.1366; bb_period: 46 -> 40; bb_stddev: 2.4341 -> 4.4481; buy_rsi: 10.7599 -> 11.7402; cooldown_bars: 26 -> 30; max_cash_fraction: 0.1243 -> 0.1212; relative_strength_period: 45 -> 35; relative_strength_threshold: -0.6509 -> -0.662; rsi_period: 29 -> 31; rvol_period: 23 -> 26; rvol_threshold: 4.6272 -> 5.077; sell_rsi: 75.9966 -> 76.1529; stop_loss_pct: 0.1216 -> 0.117; take_profit_pct: 0.0579 -> 0.0694
      relative_profit=$-20,096.59, absolute_profit=$-15,434.46, buys=2603, score=(-33111.59, -2603, -3845), objective=-33,111.59
    Trial 040: window=2024-08-05 12:22 UTC -> 2024-11-01 23:59 UTC, months=[2024-08, 2024-09, 2024-10, 2024-11], symbols=[AI, BA, COIN, D, DOW, DVN, EDIT, ETSY, FIS, GIS, GREE, HSY, INTC, JNJ, KHC, KLAC, KTOS, LCID, MAR, MLM, ... (+30 more)], proposal=optuna_tpe
      params=adx_period=27, adx_threshold=38.8513, bb_period=40, bb_stddev=3.8678, buy_rsi=12.5704, cooldown_bars=30, max_cash_fraction=0.1064, relative_strength_period=41, relative_strength_threshold=-0.0764, rsi_period=27, rvol_period=29, rvol_threshold=2.5999, sell_rsi=45.6929, stop_loss_pct=0.119, take_profit_pct=0.0876
      change_vs_previous=adx_period: 14 -> 27; adx_threshold: 39.1366 -> 38.8513; bb_stddev: 4.4481 -> 3.8678; buy_rsi: 11.7402 -> 12.5704; max_cash_fraction: 0.1212 -> 0.1064; relative_strength_period: 35 -> 41; relative_strength_threshold: -0.662 -> -0.0764; rsi_period: 31 -> 27; rvol_period: 26 -> 29; rvol_threshold: 5.077 -> 2.5999; sell_rsi: 76.1529 -> 45.6929; stop_loss_pct: 0.117 -> 0.119; take_profit_pct: 0.0694 -> 0.0876
      relative_profit=$-26,424.56, absolute_profit=$-14,742.58, buys=3376, score=(-43304.56, -3376, -6429), objective=-43,304.56
    Trial 041: window=2024-06-10 19:28 UTC -> 2024-09-06 23:59 UTC, months=[2024-06, 2024-07, 2024-08, 2024-09], symbols=[ADBE, ADM, AES, AI, APD, APP, BABA, BEAM, BLDP, C, CAT, CB, CMCSA, CMG, CRSP, DOCU, ECL, ED, FAST, GE, ... (+30 more)], proposal=optuna_tpe
      params=adx_period=25, adx_threshold=36.288, bb_period=48, bb_stddev=3.9501, buy_rsi=13.2054, cooldown_bars=21, max_cash_fraction=0.0788, relative_strength_period=37, relative_strength_threshold=0.1927, rsi_period=24, rvol_period=21, rvol_threshold=2.5684, sell_rsi=56.2064, stop_loss_pct=0.1337, take_profit_pct=0.071
      change_vs_previous=adx_period: 27 -> 25; adx_threshold: 38.8513 -> 36.288; bb_period: 40 -> 48; bb_stddev: 3.8678 -> 3.9501; buy_rsi: 12.5704 -> 13.2054; cooldown_bars: 30 -> 21; max_cash_fraction: 0.1064 -> 0.0788; relative_strength_period: 41 -> 37; relative_strength_threshold: -0.0764 -> 0.1927; rsi_period: 27 -> 24; rvol_period: 29 -> 21; rvol_threshold: 2.5999 -> 2.5684; sell_rsi: 45.6929 -> 56.2064; stop_loss_pct: 0.119 -> 0.1337; take_profit_pct: 0.0876 -> 0.071
      relative_profit=$-12,431.46, absolute_profit=$-11,855.29, buys=3654, score=(-30701.46, -3654, -7122), objective=-30,701.46
    Trial 042: window=2024-05-21 11:20 UTC -> 2024-08-19 11:20 UTC, months=[2024-05, 2024-06, 2024-07, 2024-08], symbols=[ADM, AI, APA, APD, AVGO, BA, BBAI, BBY, C, CAN, CAT, CCI, CME, COIN, DOW, DUK, EQIX, EXC, FAST, HAL, ... (+30 more)], proposal=optuna_tpe
      params=adx_period=22, adx_threshold=37.8358, bb_period=49, bb_stddev=4.5666, buy_rsi=10.3632, cooldown_bars=23, max_cash_fraction=0.0687, relative_strength_period=32, relative_strength_threshold=0.4818, rsi_period=25, rvol_period=26, rvol_threshold=3.0388, sell_rsi=71.4632, stop_loss_pct=0.0872, take_profit_pct=0.0833
      change_vs_previous=adx_period: 25 -> 22; adx_threshold: 36.288 -> 37.8358; bb_period: 48 -> 49; bb_stddev: 3.9501 -> 4.5666; buy_rsi: 13.2054 -> 10.3632; cooldown_bars: 21 -> 23; max_cash_fraction: 0.0788 -> 0.0687; relative_strength_period: 37 -> 32; relative_strength_threshold: 0.1927 -> 0.4818; rsi_period: 24 -> 25; rvol_period: 21 -> 26; rvol_threshold: 2.5684 -> 3.0388; sell_rsi: 56.2064 -> 71.4632; stop_loss_pct: 0.1337 -> 0.0872; take_profit_pct: 0.071 -> 0.0833
      relative_profit=$-12,613.37, absolute_profit=$-8,055.73, buys=3266, score=(-28943.37, -3266, -6363), objective=-28,943.37
    Trial 043: window=2024-04-19 14:29 UTC -> 2024-07-18 14:29 UTC, months=[2024-04, 2024-05, 2024-06, 2024-07], symbols=[ABNB, AES, AMZN, BILL, BNTX, CCI, CF, CHRW, CHWY, CL, CMCSA, COST, CRSP, DIA, DOW, DVN, EDIT, ETN, ETSY, FISV, ... (+30 more)], proposal=optuna_tpe
      params=adx_period=7, adx_threshold=36.2956, bb_period=37, bb_stddev=3.4133, buy_rsi=11.1393, cooldown_bars=29, max_cash_fraction=0.0723, relative_strength_period=42, relative_strength_threshold=0.8488, rsi_period=31, rvol_period=29, rvol_threshold=4.0262, sell_rsi=69.3795, stop_loss_pct=0.0876, take_profit_pct=0.0689
      change_vs_previous=adx_period: 22 -> 7; adx_threshold: 37.8358 -> 36.2956; bb_period: 49 -> 37; bb_stddev: 4.5666 -> 3.4133; buy_rsi: 10.3632 -> 11.1393; cooldown_bars: 23 -> 29; max_cash_fraction: 0.0687 -> 0.0723; relative_strength_period: 32 -> 42; relative_strength_threshold: 0.4818 -> 0.8488; rsi_period: 25 -> 31; rvol_period: 26 -> 29; rvol_threshold: 3.0388 -> 4.0262; sell_rsi: 71.4632 -> 69.3795; stop_loss_pct: 0.0872 -> 0.0876; take_profit_pct: 0.0833 -> 0.0689
      relative_profit=$-13,670.55, absolute_profit=$-1,575.56, buys=2733, score=(-27335.55, -2733, -5278), objective=-27,335.55
    Trial 044: window=2024-04-10 23:56 UTC -> 2024-07-09 23:56 UTC, months=[2024-04, 2024-05, 2024-06, 2024-07], symbols=[ADBE, AMZN, BLK, CAN, CRSP, CVNA, DKNG, DOW, FANG, FCEL, GIS, GOOGL, HCA, JPM, KHC, KMB, KO, M, MDLZ, MO, ... (+30 more)], proposal=optuna_tpe
      params=adx_period=22, adx_threshold=39.5879, bb_period=44, bb_stddev=4.6732, buy_rsi=19.3853, cooldown_bars=25, max_cash_fraction=0.1022, relative_strength_period=36, relative_strength_threshold=0.7461, rsi_period=38, rvol_period=27, rvol_threshold=3.4186, sell_rsi=78.0072, stop_loss_pct=0.1137, take_profit_pct=0.0761
      change_vs_previous=adx_period: 7 -> 22; adx_threshold: 36.2956 -> 39.5879; bb_period: 37 -> 44; bb_stddev: 3.4133 -> 4.6732; buy_rsi: 11.1393 -> 19.3853; cooldown_bars: 29 -> 25; max_cash_fraction: 0.0723 -> 0.1022; relative_strength_period: 42 -> 36; relative_strength_threshold: 0.8488 -> 0.7461; rsi_period: 31 -> 38; rvol_period: 29 -> 27; rvol_threshold: 4.0262 -> 3.4186; sell_rsi: 69.3795 -> 78.0072; stop_loss_pct: 0.0876 -> 0.1137; take_profit_pct: 0.0689 -> 0.0761
      relative_profit=$-15,458.49, absolute_profit=$-7,164.38, buys=3278, score=(-31848.49, -3278, -6313), objective=-31,848.49
    Trial 045: window=2024-03-22 15:48 UTC -> 2024-06-20 15:48 UTC, months=[2024-03, 2024-04, 2024-05, 2024-06], symbols=[AEP, AMT, ARCT, AXP, BNTX, CF, COIN, CRM, CRSP, CRWD, CVX, DPZ, ED, ETN, HSY, KMI, LAC, MLM, MRNA, NIO, ... (+30 more)], proposal=optuna_tpe
      params=adx_period=22, adx_threshold=38.4414, bb_period=47, bb_stddev=4.5013, buy_rsi=15.0047, cooldown_bars=29, max_cash_fraction=0.032, relative_strength_period=30, relative_strength_threshold=0.9062, rsi_period=33, rvol_period=26, rvol_threshold=2.9378, sell_rsi=65.6674, stop_loss_pct=0.1192, take_profit_pct=0.0723
      change_vs_previous=adx_threshold: 39.5879 -> 38.4414; bb_period: 44 -> 47; bb_stddev: 4.6732 -> 4.5013; buy_rsi: 19.3853 -> 15.0047; cooldown_bars: 25 -> 29; max_cash_fraction: 0.1022 -> 0.032; relative_strength_period: 36 -> 30; relative_strength_threshold: 0.7461 -> 0.9062; rsi_period: 38 -> 33; rvol_period: 27 -> 26; rvol_threshold: 3.4186 -> 2.9378; sell_rsi: 78.0072 -> 65.6674; stop_loss_pct: 0.1137 -> 0.1192; take_profit_pct: 0.0761 -> 0.0723
      relative_profit=$-19,461.39, absolute_profit=$-14,257.70, buys=2769, score=(-33306.39, -2769, -5333), objective=-33,306.39
    Trial 046: window=2024-08-26 11:56 UTC -> 2024-11-23 00:59 UTC, months=[2024-08, 2024-09, 2024-10, 2024-11], symbols=[ABNB, AMD, AON, AXP, BILL, BLDP, CMG, COST, CRWD, CVNA, ENPH, ESTC, F, FIS, FISV, GIS, GM, GS, HII, INTU, ... (+30 more)], proposal=optuna_tpe
      params=adx_period=10, adx_threshold=39.8934, bb_period=40, bb_stddev=3.0886, buy_rsi=12.9651, cooldown_bars=26, max_cash_fraction=0.1152, relative_strength_period=40, relative_strength_threshold=-0.2988, rsi_period=36, rvol_period=28, rvol_threshold=3.8291, sell_rsi=72.9701, stop_loss_pct=0.0899, take_profit_pct=0.0284
      change_vs_previous=adx_period: 22 -> 10; adx_threshold: 38.4414 -> 39.8934; bb_period: 47 -> 40; bb_stddev: 4.5013 -> 3.0886; buy_rsi: 15.0047 -> 12.9651; cooldown_bars: 29 -> 26; max_cash_fraction: 0.032 -> 0.1152; relative_strength_period: 30 -> 40; relative_strength_threshold: 0.9062 -> -0.2988; rsi_period: 33 -> 36; rvol_period: 26 -> 28; rvol_threshold: 2.9378 -> 3.8291; sell_rsi: 65.6674 -> 72.9701; stop_loss_pct: 0.1192 -> 0.0899; take_profit_pct: 0.0723 -> 0.0284
      relative_profit=$-18,581.96, absolute_profit=$-12,668.02, buys=2633, score=(-31746.96, -2633, -4080), objective=-31,746.96
    Trial 047: window=2024-04-01 14:19 UTC -> 2024-06-28 23:59 UTC, months=[2024-04, 2024-05, 2024-06], symbols=[ADM, APA, APD, BBAI, CCI, CF, CVX, D, DIS, DKNG, DOCU, DOW, DPZ, ETN, EXPD, FCX, FISV, GILD, HOOD, JNJ, ... (+30 more)], proposal=optuna_tpe
      params=adx_period=21, adx_threshold=39.1767, bb_period=39, bb_stddev=4.7372, buy_rsi=10.9887, cooldown_bars=21, max_cash_fraction=0.1726, relative_strength_period=31, relative_strength_threshold=0.7462, rsi_period=32, rvol_period=21, rvol_threshold=2.3156, sell_rsi=71.2817, stop_loss_pct=0.1099, take_profit_pct=0.1079
      change_vs_previous=adx_period: 10 -> 21; adx_threshold: 39.8934 -> 39.1767; bb_period: 40 -> 39; bb_stddev: 3.0886 -> 4.7372; buy_rsi: 12.9651 -> 10.9887; cooldown_bars: 26 -> 21; max_cash_fraction: 0.1152 -> 0.1726; relative_strength_period: 40 -> 31; relative_strength_threshold: -0.2988 -> 0.7462; rsi_period: 36 -> 32; rvol_period: 28 -> 21; rvol_threshold: 3.8291 -> 2.3156; sell_rsi: 72.9701 -> 71.2817; stop_loss_pct: 0.0899 -> 0.1099; take_profit_pct: 0.0284 -> 0.1079
      relative_profit=$3,544.84, absolute_profit=$7,755.32, buys=2844, score=(-10675.16, -2844, -5506), objective=-10,675.16
    Trial 048: window=2024-02-28 23:55 UTC -> 2024-05-28 23:55 UTC, months=[2024-02, 2024-03, 2024-04, 2024-05], symbols=[APD, AVGO, BEAM, CHRW, CME, COST, CSX, CVNA, D, DE, DIA, DKNG, DOW, ESTC, ETSY, GS, HCA, HON, JBHT, KMB, ... (+30 more)], proposal=optuna_tpe
      params=adx_period=16, adx_threshold=38.9351, bb_period=37, bb_stddev=4.6875, buy_rsi=12.1426, cooldown_bars=20, max_cash_fraction=0.1495, relative_strength_period=40, relative_strength_threshold=0.97, rsi_period=34, rvol_period=23, rvol_threshold=2.2523, sell_rsi=75.7061, stop_loss_pct=0.1255, take_profit_pct=0.0993
      change_vs_previous=adx_period: 21 -> 16; adx_threshold: 39.1767 -> 38.9351; bb_period: 39 -> 37; bb_stddev: 4.7372 -> 4.6875; buy_rsi: 10.9887 -> 12.1426; cooldown_bars: 21 -> 20; max_cash_fraction: 0.1726 -> 0.1495; relative_strength_period: 31 -> 40; relative_strength_threshold: 0.7462 -> 0.97; rsi_period: 32 -> 34; rvol_period: 21 -> 23; rvol_threshold: 2.3156 -> 2.2523; sell_rsi: 71.2817 -> 75.7061; stop_loss_pct: 0.1099 -> 0.1255; take_profit_pct: 0.1079 -> 0.0993
      relative_profit=$-16,936.58, absolute_profit=$-12,160.96, buys=2915, score=(-31511.579999999998, -2915, -5592), objective=-31,511.58
    Trial 049: window=2024-02-07 16:47 UTC -> 2024-05-07 16:47 UTC, months=[2024-02, 2024-03, 2024-04, 2024-05], symbols=[AAPL, ABBV, AI, BA, BABA, BILL, C, CMCSA, COIN, DDOG, DHR, DIA, DPZ, EMR, ENPH, GPN, HD, HON, KMB, LMT, ... (+30 more)], proposal=optuna_tpe
      params=adx_period=15, adx_threshold=38.729, bb_period=41, bb_stddev=4.0034, buy_rsi=12.5302, cooldown_bars=29, max_cash_fraction=0.1497, relative_strength_period=38, relative_strength_threshold=0.8044, rsi_period=33, rvol_period=19, rvol_threshold=3.2728, sell_rsi=68.001, stop_loss_pct=0.0974, take_profit_pct=0.1358
      change_vs_previous=adx_period: 16 -> 15; adx_threshold: 38.9351 -> 38.729; bb_period: 37 -> 41; bb_stddev: 4.6875 -> 4.0034; buy_rsi: 12.1426 -> 12.5302; cooldown_bars: 20 -> 29; max_cash_fraction: 0.1495 -> 0.1497; relative_strength_period: 40 -> 38; relative_strength_threshold: 0.97 -> 0.8044; rsi_period: 34 -> 33; rvol_period: 23 -> 19; rvol_threshold: 2.2523 -> 3.2728; sell_rsi: 75.7061 -> 68.001; stop_loss_pct: 0.1255 -> 0.0974; take_profit_pct: 0.0993 -> 0.1358
      relative_profit=$-1,535.87, absolute_profit=$2,600.20, buys=2628, score=(-14675.869999999999, -2628, -5086), objective=-14,675.87
    Trial 050: window=2024-02-27 11:54 UTC -> 2024-05-24 23:59 UTC, months=[2024-02, 2024-03, 2024-04, 2024-05], symbols=[AAPL, ADM, BALL, BLK, BMY, CAN, CCI, CHRW, CHWY, CL, CME, COP, COST, DAL, DDOG, DIA, DIS, DOCU, DOW, DUK, ... (+30 more)], proposal=optuna_tpe
      params=adx_period=10, adx_threshold=39.1242, bb_period=38, bb_stddev=1.9536, buy_rsi=12.9738, cooldown_bars=26, max_cash_fraction=0.1478, relative_strength_period=45, relative_strength_threshold=-2.0206, rsi_period=37, rvol_period=24, rvol_threshold=3.3766, sell_rsi=74.0266, stop_loss_pct=0.0953, take_profit_pct=0.0551
      change_vs_previous=adx_period: 15 -> 10; adx_threshold: 38.729 -> 39.1242; bb_period: 41 -> 38; bb_stddev: 4.0034 -> 1.9536; buy_rsi: 12.5302 -> 12.9738; cooldown_bars: 29 -> 26; max_cash_fraction: 0.1497 -> 0.1478; relative_strength_period: 38 -> 45; relative_strength_threshold: 0.8044 -> -2.0206; rsi_period: 33 -> 37; rvol_period: 19 -> 24; rvol_threshold: 3.2728 -> 3.3766; sell_rsi: 68.001 -> 74.0266; stop_loss_pct: 0.0974 -> 0.0953; take_profit_pct: 0.1358 -> 0.0551
      relative_profit=$-28,770.32, absolute_profit=$-24,274.86, buys=3439, score=(-45965.32, -3439, -4934), objective=-45,965.32
    Trial 051: window=2024-09-03 15:17 UTC -> 2024-12-02 15:17 UTC, months=[2024-09, 2024-10, 2024-11, 2024-12], symbols=[AES, AFRM, AI, AMZN, AVAV, BBAI, BEAM, BLDP, BMY, BNTX, CCI, CF, CSX, DIA, EXPD, FSLY, GS, HLT, JNJ, JPM, ... (+30 more)], proposal=optuna_tpe
      params=adx_period=20, adx_threshold=37.0936, bb_period=48, bb_stddev=4.7553, buy_rsi=11.4571, cooldown_bars=19, max_cash_fraction=0.0934, relative_strength_period=33, relative_strength_threshold=0.3481, rsi_period=32, rvol_period=23, rvol_threshold=3.5957, sell_rsi=55.4971, stop_loss_pct=0.1312, take_profit_pct=0.0715
      change_vs_previous=adx_period: 10 -> 20; adx_threshold: 39.1242 -> 37.0936; bb_period: 38 -> 48; bb_stddev: 1.9536 -> 4.7553; buy_rsi: 12.9738 -> 11.4571; cooldown_bars: 26 -> 19; max_cash_fraction: 0.1478 -> 0.0934; relative_strength_period: 45 -> 33; relative_strength_threshold: -2.0206 -> 0.3481; rsi_period: 37 -> 32; rvol_period: 24 -> 23; rvol_threshold: 3.3766 -> 3.5957; sell_rsi: 74.0266 -> 55.4971; stop_loss_pct: 0.0953 -> 0.1312; take_profit_pct: 0.0551 -> 0.0715
      relative_profit=$5,802.68, absolute_profit=$14,167.75, buys=2995, score=(-9172.32, -2995, -5874), objective=-9,172.32
    Trial 052: window=2024-02-12 10:34 UTC -> 2024-05-10 23:59 UTC, months=[2024-02, 2024-03, 2024-04, 2024-05], symbols=[AEP, AES, APA, BBY, BE, BILL, BKR, CAN, CAT, CCI, CHRW, CVX, D, DAL, DE, DOCU, EL, EMR, EQIX, ETN, ... (+30 more)], proposal=optuna_tpe
      params=adx_period=19, adx_threshold=34.841, bb_period=39, bb_stddev=4.5953, buy_rsi=10.9451, cooldown_bars=21, max_cash_fraction=0.1809, relative_strength_period=27, relative_strength_threshold=0.8806, rsi_period=35, rvol_period=22, rvol_threshold=1.3645, sell_rsi=63.2414, stop_loss_pct=0.1168, take_profit_pct=0.1372
      change_vs_previous=adx_period: 20 -> 19; adx_threshold: 37.0936 -> 34.841; bb_period: 48 -> 39; bb_stddev: 4.7553 -> 4.5953; buy_rsi: 11.4571 -> 10.9451; cooldown_bars: 19 -> 21; max_cash_fraction: 0.0934 -> 0.1809; relative_strength_period: 33 -> 27; relative_strength_threshold: 0.3481 -> 0.8806; rsi_period: 32 -> 35; rvol_period: 23 -> 22; rvol_threshold: 3.5957 -> 1.3645; sell_rsi: 55.4971 -> 63.2414; stop_loss_pct: 0.1312 -> 0.1168; take_profit_pct: 0.0715 -> 0.1372
      relative_profit=$2,148.49, absolute_profit=$5,823.35, buys=2936, score=(-12531.51, -2936, -5720), objective=-12,531.51
    Trial 053: window=2024-04-03 17:56 UTC -> 2024-07-02 17:56 UTC, months=[2024-04, 2024-05, 2024-06, 2024-07], symbols=[ABBV, ADBE, ADM, AES, AMT, ARCT, AXP, BA, BALL, BLK, CAN, CHRW, DAL, ECL, ED, FAST, GIS, GOOGL, HUBS, KHC, ... (+30 more)], proposal=optuna_tpe
      params=adx_period=13, adx_threshold=37.6963, bb_period=34, bb_stddev=4.7384, buy_rsi=13.432, cooldown_bars=23, max_cash_fraction=0.2064, relative_strength_period=31, relative_strength_threshold=0.9191, rsi_period=32, rvol_period=25, rvol_threshold=1.8205, sell_rsi=71.2888, stop_loss_pct=0.1009, take_profit_pct=0.1384
      change_vs_previous=adx_period: 19 -> 13; adx_threshold: 34.841 -> 37.6963; bb_period: 39 -> 34; bb_stddev: 4.5953 -> 4.7384; buy_rsi: 10.9451 -> 13.432; cooldown_bars: 21 -> 23; max_cash_fraction: 0.1809 -> 0.2064; relative_strength_period: 27 -> 31; relative_strength_threshold: 0.8806 -> 0.9191; rsi_period: 35 -> 32; rvol_period: 22 -> 25; rvol_threshold: 1.3645 -> 1.8205; sell_rsi: 63.2414 -> 71.2888; stop_loss_pct: 0.1168 -> 0.1009; take_profit_pct: 0.1372 -> 0.1384
      relative_profit=$-4,087.51, absolute_profit=$975.53, buys=2973, score=(-18952.510000000002, -2973, -5723), objective=-18,952.51
    Trial 054: window=2024-08-01 17:14 UTC -> 2024-10-30 17:14 UTC, months=[2024-08, 2024-09, 2024-10], symbols=[AAPL, ADM, AXP, BEAM, BHP, C, CF, CMCSA, CME, CRM, CRSP, CRWD, DAL, DHR, DIS, DKNG, DPZ, EL, ESTC, GPN, ... (+30 more)], proposal=optuna_tpe
      params=adx_period=23, adx_threshold=38.3422, bb_period=41, bb_stddev=4.0672, buy_rsi=14.3849, cooldown_bars=23, max_cash_fraction=0.1021, relative_strength_period=40, relative_strength_threshold=0.6962, rsi_period=27, rvol_period=29, rvol_threshold=2.8798, sell_rsi=62.2305, stop_loss_pct=0.1285, take_profit_pct=0.1077
      change_vs_previous=adx_period: 13 -> 23; adx_threshold: 37.6963 -> 38.3422; bb_period: 34 -> 41; bb_stddev: 4.7384 -> 4.0672; buy_rsi: 13.432 -> 14.3849; max_cash_fraction: 0.2064 -> 0.1021; relative_strength_period: 31 -> 40; relative_strength_threshold: 0.9191 -> 0.6962; rsi_period: 32 -> 27; rvol_period: 25 -> 29; rvol_threshold: 1.8205 -> 2.8798; sell_rsi: 71.2888 -> 62.2305; stop_loss_pct: 0.1009 -> 0.1285; take_profit_pct: 0.1384 -> 0.1077
      relative_profit=$8,200.39, absolute_profit=$15,420.22, buys=3767, score=(-10634.61, -3767, -7229), objective=-10,634.61
    Trial 055: window=2024-01-12 09:48 UTC -> 2024-04-11 09:48 UTC, months=[2024-01, 2024-02, 2024-03, 2024-04], symbols=[AES, AMD, APA, AVAV, AVGO, BAC, BHP, BKR, C, CF, CL, CMCSA, CME, COST, DAL, DD, DG, DHR, DOW, EA, ... (+30 more)], proposal=optuna_tpe
      params=adx_period=20, adx_threshold=35.6505, bb_period=40, bb_stddev=4.6807, buy_rsi=11.7165, cooldown_bars=23, max_cash_fraction=0.1074, relative_strength_period=36, relative_strength_threshold=0.7652, rsi_period=32, rvol_period=18, rvol_threshold=3.1313, sell_rsi=65.7862, stop_loss_pct=0.0975, take_profit_pct=0.0997
      change_vs_previous=adx_period: 23 -> 20; adx_threshold: 38.3422 -> 35.6505; bb_period: 41 -> 40; bb_stddev: 4.0672 -> 4.6807; buy_rsi: 14.3849 -> 11.7165; max_cash_fraction: 0.1021 -> 0.1074; relative_strength_period: 40 -> 36; relative_strength_threshold: 0.6962 -> 0.7652; rsi_period: 27 -> 32; rvol_period: 29 -> 18; rvol_threshold: 2.8798 -> 3.1313; sell_rsi: 62.2305 -> 65.7862; stop_loss_pct: 0.1285 -> 0.0975; take_profit_pct: 0.1077 -> 0.0997
      relative_profit=$-5,338.85, absolute_profit=$2,403.87, buys=2802, score=(-19348.85, -2802, -5434), objective=-19,348.85
    Trial 056: window=2024-03-12 09:22 UTC -> 2024-06-10 09:22 UTC, months=[2024-03, 2024-04, 2024-05, 2024-06], symbols=[ALB, AMZN, APA, APP, BBY, BE, BHP, CHRW, COP, DOCU, ECL, ENPH, EXPD, FCEL, FISV, GOOGL, HII, HOOD, ITW, JPM, ... (+30 more)], proposal=optuna_tpe
      params=adx_period=20, adx_threshold=35.7798, bb_period=50, bb_stddev=4.5391, buy_rsi=14.2988, cooldown_bars=15, max_cash_fraction=0.1015, relative_strength_period=35, relative_strength_threshold=-1.539, rsi_period=31, rvol_period=27, rvol_threshold=3.8781, sell_rsi=59.1609, stop_loss_pct=0.1202, take_profit_pct=0.0482
      change_vs_previous=adx_threshold: 35.6505 -> 35.7798; bb_period: 40 -> 50; bb_stddev: 4.6807 -> 4.5391; buy_rsi: 11.7165 -> 14.2988; cooldown_bars: 23 -> 15; max_cash_fraction: 0.1074 -> 0.1015; relative_strength_period: 36 -> 35; relative_strength_threshold: 0.7652 -> -1.539; rsi_period: 32 -> 31; rvol_period: 18 -> 27; rvol_threshold: 3.1313 -> 3.8781; sell_rsi: 65.7862 -> 59.1609; stop_loss_pct: 0.0975 -> 0.1202; take_profit_pct: 0.0997 -> 0.0482
      relative_profit=$-22,725.34, absolute_profit=$-18,827.40, buys=3040, score=(-37925.34, -3040, -4528), objective=-37,925.34
    Trial 057: window=2024-03-13 19:30 UTC -> 2024-06-11 19:30 UTC, months=[2024-03, 2024-04, 2024-05, 2024-06], symbols=[AAPL, AMAT, AMD, APD, ASML, BBY, BEAM, BNTX, CL, COP, CSCO, DG, DHR, DKNG, DPZ, EA, EMR, F, FANG, FSLY, ... (+30 more)], proposal=optuna_tpe
      params=adx_period=17, adx_threshold=36.4562, bb_period=45, bb_stddev=4.3385, buy_rsi=11.9081, cooldown_bars=27, max_cash_fraction=0.1242, relative_strength_period=38, relative_strength_threshold=0.0706, rsi_period=35, rvol_period=24, rvol_threshold=4.5378, sell_rsi=73.4859, stop_loss_pct=0.1071, take_profit_pct=0.0676
      change_vs_previous=adx_period: 20 -> 17; adx_threshold: 35.7798 -> 36.4562; bb_period: 50 -> 45; bb_stddev: 4.5391 -> 4.3385; buy_rsi: 14.2988 -> 11.9081; cooldown_bars: 15 -> 27; max_cash_fraction: 0.1015 -> 0.1242; relative_strength_period: 35 -> 38; relative_strength_threshold: -1.539 -> 0.0706; rsi_period: 31 -> 35; rvol_period: 27 -> 24; rvol_threshold: 3.8781 -> 4.5378; sell_rsi: 59.1609 -> 73.4859; stop_loss_pct: 0.1202 -> 0.1071; take_profit_pct: 0.0482 -> 0.0676
      relative_profit=$680.86, absolute_profit=$4,563.83, buys=2560, score=(-12119.14, -2560, -4942), objective=-12,119.14
    Trial 058: window=2024-01-12 16:24 UTC -> 2024-04-11 16:24 UTC, months=[2024-01, 2024-02, 2024-03, 2024-04], symbols=[AAPL, AEP, AMAT, APP, BABA, BLDP, BNTX, C, CAN, CHWY, CMCSA, COP, CRM, CRWD, DPZ, EOG, EQIX, ETN, EXC, HCA, ... (+30 more)], proposal=optuna_tpe
      params=adx_period=19, adx_threshold=37.2848, bb_period=43, bb_stddev=3.9043, buy_rsi=11.5121, cooldown_bars=18, max_cash_fraction=0.0684, relative_strength_period=43, relative_strength_threshold=0.7066, rsi_period=29, rvol_period=24, rvol_threshold=3.1001, sell_rsi=65.7295, stop_loss_pct=0.1021, take_profit_pct=0.0754
      change_vs_previous=adx_period: 17 -> 19; adx_threshold: 36.4562 -> 37.2848; bb_period: 45 -> 43; bb_stddev: 4.3385 -> 3.9043; buy_rsi: 11.9081 -> 11.5121; cooldown_bars: 27 -> 18; max_cash_fraction: 0.1242 -> 0.0684; relative_strength_period: 38 -> 43; relative_strength_threshold: 0.0706 -> 0.7066; rsi_period: 35 -> 29; rvol_threshold: 4.5378 -> 3.1001; sell_rsi: 73.4859 -> 65.7295; stop_loss_pct: 0.1071 -> 0.1021; take_profit_pct: 0.0676 -> 0.0754
      relative_profit=$-13,156.97, absolute_profit=$-5,065.03, buys=3129, score=(-28801.97, -3129, -6055), objective=-28,801.97
    Trial 059: window=2024-04-15 23:36 UTC -> 2024-07-12 23:59 UTC, months=[2024-04, 2024-05, 2024-06, 2024-07], symbols=[ABBV, AMZN, AXP, BAC, BBAI, CB, CHRW, CL, CMG, COP, CVX, EDIT, EMR, EXC, FIS, FISV, GD, GOOGL, GS, JBHT, ... (+30 more)], proposal=optuna_tpe
      params=adx_period=21, adx_threshold=39.3726, bb_period=43, bb_stddev=4.2472, buy_rsi=13.432, cooldown_bars=27, max_cash_fraction=0.1066, relative_strength_period=38, relative_strength_threshold=0.8632, rsi_period=30, rvol_period=21, rvol_threshold=3.2974, sell_rsi=57.8995, stop_loss_pct=0.132, take_profit_pct=0.0705
      change_vs_previous=adx_period: 19 -> 21; adx_threshold: 37.2848 -> 39.3726; bb_stddev: 3.9043 -> 4.2472; buy_rsi: 11.5121 -> 13.432; cooldown_bars: 18 -> 27; max_cash_fraction: 0.0684 -> 0.1066; relative_strength_period: 43 -> 38; relative_strength_threshold: 0.7066 -> 0.8632; rsi_period: 29 -> 30; rvol_period: 24 -> 21; rvol_threshold: 3.1001 -> 3.2974; sell_rsi: 65.7295 -> 57.8995; stop_loss_pct: 0.1021 -> 0.132; take_profit_pct: 0.0754 -> 0.0705
      relative_profit=$-10,364.19, absolute_profit=$564.43, buys=3068, score=(-25704.190000000002, -3068, -6002), objective=-25,704.19
    Trial 060: window=2024-08-12 22:08 UTC -> 2024-11-09 00:59 UTC, months=[2024-08, 2024-09, 2024-10, 2024-11], symbols=[AES, APP, AVGO, BHP, BLDP, CAT, CF, CHRW, CMG, COP, CRSP, CSX, DAL, DE, EA, ECL, ETN, EXPD, GE, GPN, ... (+30 more)], proposal=optuna_tpe
      params=adx_period=18, adx_threshold=36.9742, bb_period=43, bb_stddev=4.4404, buy_rsi=10.1853, cooldown_bars=27, max_cash_fraction=0.0801, relative_strength_period=35, relative_strength_threshold=0.8589, rsi_period=28, rvol_period=26, rvol_threshold=4.0221, sell_rsi=69.0093, stop_loss_pct=0.0969, take_profit_pct=0.0791
      change_vs_previous=adx_period: 21 -> 18; adx_threshold: 39.3726 -> 36.9742; bb_stddev: 4.2472 -> 4.4404; buy_rsi: 13.432 -> 10.1853; max_cash_fraction: 0.1066 -> 0.0801; relative_strength_period: 38 -> 35; relative_strength_threshold: 0.8632 -> 0.8589; rsi_period: 30 -> 28; rvol_period: 21 -> 26; rvol_threshold: 3.2974 -> 4.0221; sell_rsi: 57.8995 -> 69.0093; stop_loss_pct: 0.132 -> 0.0969; take_profit_pct: 0.0705 -> 0.0791
      relative_profit=$-7,052.01, absolute_profit=$5,059.08, buys=3097, score=(-22537.010000000002, -3097, -6035), objective=-22,537.01
    Trial 061: window=2024-03-20 20:58 UTC -> 2024-06-18 20:58 UTC, months=[2024-03, 2024-04, 2024-05, 2024-06], symbols=[AMAT, AON, ASML, BAC, BBY, BKR, CHWY, COIN, DIS, DKNG, DUK, ENPH, EXPD, FSLY, GE, HD, IFF, JBHT, LIN, LMT, ... (+30 more)], proposal=optuna_tpe
      params=adx_period=19, adx_threshold=39.2739, bb_period=46, bb_stddev=3.9089, buy_rsi=14.2363, cooldown_bars=22, max_cash_fraction=0.1344, relative_strength_period=37, relative_strength_threshold=0.7894, rsi_period=33, rvol_period=26, rvol_threshold=3.0441, sell_rsi=81.9915, stop_loss_pct=0.1059, take_profit_pct=0.0868
      change_vs_previous=adx_period: 18 -> 19; adx_threshold: 36.9742 -> 39.2739; bb_period: 43 -> 46; bb_stddev: 4.4404 -> 3.9089; buy_rsi: 10.1853 -> 14.2363; cooldown_bars: 27 -> 22; max_cash_fraction: 0.0801 -> 0.1344; relative_strength_period: 35 -> 37; relative_strength_threshold: 0.8589 -> 0.7894; rsi_period: 28 -> 33; rvol_threshold: 4.0221 -> 3.0441; sell_rsi: 69.0093 -> 81.9915; stop_loss_pct: 0.0969 -> 0.1059; take_profit_pct: 0.0791 -> 0.0868
      relative_profit=$-17,617.84, absolute_profit=$-12,422.35, buys=3143, score=(-33332.84, -3143, -6011), objective=-33,332.84
    Trial 062: window=2024-09-26 10:26 UTC -> 2024-12-24 21:59 UTC, months=[2024-09, 2024-10, 2024-11, 2024-12], symbols=[ADM, AMAT, AON, APA, APD, BAC, CL, DDOG, DIA, EQIX, EXPD, FANG, GM, GS, HII, HON, HSY, HUBS, ICE, JPM, ... (+30 more)], proposal=optuna_tpe
      params=adx_period=24, adx_threshold=34.6377, bb_period=44, bb_stddev=4.2347, buy_rsi=11.151, cooldown_bars=21, max_cash_fraction=0.0923, relative_strength_period=38, relative_strength_threshold=0.6669, rsi_period=31, rvol_period=22, rvol_threshold=3.7004, sell_rsi=66.2329, stop_loss_pct=0.1183, take_profit_pct=0.0955
      change_vs_previous=adx_period: 19 -> 24; adx_threshold: 39.2739 -> 34.6377; bb_period: 46 -> 44; bb_stddev: 3.9089 -> 4.2347; buy_rsi: 14.2363 -> 11.151; cooldown_bars: 22 -> 21; max_cash_fraction: 0.1344 -> 0.0923; relative_strength_period: 37 -> 38; relative_strength_threshold: 0.7894 -> 0.6669; rsi_period: 33 -> 31; rvol_period: 26 -> 22; rvol_threshold: 3.0441 -> 3.7004; sell_rsi: 81.9915 -> 66.2329; stop_loss_pct: 0.1059 -> 0.1183; take_profit_pct: 0.0868 -> 0.0955
      relative_profit=$-12,261.32, absolute_profit=$-7,656.75, buys=3123, score=(-27876.32, -3123, -6036), objective=-27,876.32
    Trial 063: window=2024-03-28 19:00 UTC -> 2024-06-26 19:00 UTC, months=[2024-03, 2024-04, 2024-05, 2024-06], symbols=[ADBE, AMZN, ARCT, BE, BILL, CHWY, CMG, COST, CRWD, DG, DOW, ECL, EXC, FCEL, FCX, FSLY, GD, HSY, JPM, LAC, ... (+30 more)], proposal=optuna_tpe
      params=adx_period=17, adx_threshold=36.1952, bb_period=33, bb_stddev=3.7028, buy_rsi=13.3466, cooldown_bars=19, max_cash_fraction=0.1123, relative_strength_period=25, relative_strength_threshold=0.876, rsi_period=34, rvol_period=32, rvol_threshold=3.9106, sell_rsi=76.1648, stop_loss_pct=0.121, take_profit_pct=0.07
      change_vs_previous=adx_period: 24 -> 17; adx_threshold: 34.6377 -> 36.1952; bb_period: 44 -> 33; bb_stddev: 4.2347 -> 3.7028; buy_rsi: 11.151 -> 13.3466; cooldown_bars: 21 -> 19; max_cash_fraction: 0.0923 -> 0.1123; relative_strength_period: 38 -> 25; relative_strength_threshold: 0.6669 -> 0.876; rsi_period: 31 -> 34; rvol_period: 22 -> 32; rvol_threshold: 3.7004 -> 3.9106; sell_rsi: 66.2329 -> 76.1648; stop_loss_pct: 0.1183 -> 0.121; take_profit_pct: 0.0955 -> 0.07
      relative_profit=$-16,711.58, absolute_profit=$-12,834.16, buys=3016, score=(-31791.58, -3016, -5762), objective=-31,791.58
    Trial 064: window=2024-07-31 23:52 UTC -> 2024-10-29 23:52 UTC, months=[2024-07, 2024-08, 2024-09, 2024-10], symbols=[ABNB, ASML, BBAI, BE, BMY, CB, CHWY, D, DAL, DHR, DOCU, DUK, ED, ENPH, ETSY, FANG, FCEL, GILD, GOOGL, HCA, ... (+30 more)], proposal=optuna_tpe
      params=adx_period=24, adx_threshold=37.5635, bb_period=44, bb_stddev=4.5091, buy_rsi=12.4491, cooldown_bars=26, max_cash_fraction=0.1051, relative_strength_period=29, relative_strength_threshold=0.7392, rsi_period=31, rvol_period=19, rvol_threshold=3.3706, sell_rsi=70.537, stop_loss_pct=0.1272, take_profit_pct=0.1067
      change_vs_previous=adx_period: 17 -> 24; adx_threshold: 36.1952 -> 37.5635; bb_period: 33 -> 44; bb_stddev: 3.7028 -> 4.5091; buy_rsi: 13.3466 -> 12.4491; cooldown_bars: 19 -> 26; max_cash_fraction: 0.1123 -> 0.1051; relative_strength_period: 25 -> 29; relative_strength_threshold: 0.876 -> 0.7392; rsi_period: 34 -> 31; rvol_period: 32 -> 19; rvol_threshold: 3.9106 -> 3.3706; sell_rsi: 76.1648 -> 70.537; stop_loss_pct: 0.121 -> 0.1272; take_profit_pct: 0.07 -> 0.1067
      relative_profit=$-2,170.73, absolute_profit=$3,105.99, buys=3016, score=(-17250.73, -3016, -5863), objective=-17,250.73
    Trial 065: window=2024-04-11 08:11 UTC -> 2024-07-10 08:11 UTC, months=[2024-04, 2024-05, 2024-06, 2024-07], symbols=[ABNB, ALB, AMAT, AMD, ASML, BA, BABA, BKR, COST, CRWD, CVX, DDOG, DHR, DIA, DIS, ESTC, ETN, ETSY, FSLY, HD, ... (+30 more)], proposal=optuna_tpe
      params=adx_period=16, adx_threshold=37.4321, bb_period=45, bb_stddev=4.2195, buy_rsi=10.2692, cooldown_bars=25, max_cash_fraction=0.1011, relative_strength_period=28, relative_strength_threshold=0.8611, rsi_period=31, rvol_period=20, rvol_threshold=3.1281, sell_rsi=69.8359, stop_loss_pct=0.1144, take_profit_pct=0.0857
      change_vs_previous=adx_period: 24 -> 16; adx_threshold: 37.5635 -> 37.4321; bb_period: 44 -> 45; bb_stddev: 4.5091 -> 4.2195; buy_rsi: 12.4491 -> 10.2692; cooldown_bars: 26 -> 25; max_cash_fraction: 0.1051 -> 0.1011; relative_strength_period: 29 -> 28; relative_strength_threshold: 0.7392 -> 0.8611; rvol_period: 19 -> 20; rvol_threshold: 3.3706 -> 3.1281; sell_rsi: 70.537 -> 69.8359; stop_loss_pct: 0.1272 -> 0.1144; take_profit_pct: 0.1067 -> 0.0857
      relative_profit=$-12,406.24, absolute_profit=$-4,307.13, buys=2803, score=(-26421.239999999998, -2803, -5420), objective=-26,421.24
    Trial 066: window=2024-02-15 19:21 UTC -> 2024-05-15 19:21 UTC, months=[2024-02, 2024-03, 2024-04, 2024-05], symbols=[ABBV, ADM, AES, AVAV, BAC, C, CHWY, CL, COP, CRM, CRSP, CSCO, CVNA, D, DOCU, ECL, EOG, F, GM, GOOGL, ... (+30 more)], proposal=optuna_tpe
      params=adx_period=7, adx_threshold=37.0767, bb_period=41, bb_stddev=3.3433, buy_rsi=14.1794, cooldown_bars=28, max_cash_fraction=0.1401, relative_strength_period=41, relative_strength_threshold=-0.0182, rsi_period=38, rvol_period=35, rvol_threshold=3.5822, sell_rsi=70.5092, stop_loss_pct=0.096, take_profit_pct=0.065
      change_vs_previous=adx_period: 16 -> 7; adx_threshold: 37.4321 -> 37.0767; bb_period: 45 -> 41; bb_stddev: 4.2195 -> 3.3433; buy_rsi: 10.2692 -> 14.1794; cooldown_bars: 25 -> 28; max_cash_fraction: 0.1011 -> 0.1401; relative_strength_period: 28 -> 41; relative_strength_threshold: 0.8611 -> -0.0182; rsi_period: 31 -> 38; rvol_period: 20 -> 35; rvol_threshold: 3.1281 -> 3.5822; sell_rsi: 69.8359 -> 70.5092; stop_loss_pct: 0.1144 -> 0.096; take_profit_pct: 0.0857 -> 0.065
      relative_profit=$-12,511.05, absolute_profit=$-7,056.94, buys=2432, score=(-24671.05, -2432, -3873), objective=-24,671.05
    Trial 067: window=2024-08-09 19:10 UTC -> 2024-11-07 19:10 UTC, months=[2024-08, 2024-09, 2024-10, 2024-11], symbols=[AES, AON, BA, BEAM, BILL, CMCSA, CME, CRM, CSX, CVNA, DHR, DIA, DOCU, ECL, ENPH, ETN, EXC, FCEL, FCX, HUBS, ... (+30 more)], proposal=optuna_tpe
      params=adx_period=11, adx_threshold=39.8823, bb_period=39, bb_stddev=2.803, buy_rsi=12.4638, cooldown_bars=28, max_cash_fraction=0.088, relative_strength_period=41, relative_strength_threshold=0.3575, rsi_period=36, rvol_period=28, rvol_threshold=3.5665, sell_rsi=72.9637, stop_loss_pct=0.104, take_profit_pct=0.0469
      change_vs_previous=adx_period: 7 -> 11; adx_threshold: 37.0767 -> 39.8823; bb_period: 41 -> 39; bb_stddev: 3.3433 -> 2.803; buy_rsi: 14.1794 -> 12.4638; max_cash_fraction: 0.1401 -> 0.088; relative_strength_threshold: -0.0182 -> 0.3575; rsi_period: 38 -> 36; rvol_period: 35 -> 28; rvol_threshold: 3.5822 -> 3.5665; sell_rsi: 70.5092 -> 72.9637; stop_loss_pct: 0.096 -> 0.104; take_profit_pct: 0.065 -> 0.0469
      relative_profit=$55,332.16, absolute_profit=$66,948.11, buys=2853, score=(41067.16, -2853, -5489), objective=41,067.16
    Trial 068: window=2024-02-08 18:41 UTC -> 2024-05-08 18:41 UTC, months=[2024-02, 2024-03, 2024-04, 2024-05], symbols=[AAPL, AEP, ALB, ARCT, BAC, BBAI, C, CAT, CHWY, CL, COST, CVNA, D, EMR, ESTC, GS, HUBS, IWM, JPM, LYB, ... (+30 more)], proposal=optuna_tpe
      params=adx_period=9, adx_threshold=39.6028, bb_period=46, bb_stddev=4.431, buy_rsi=12.4134, cooldown_bars=27, max_cash_fraction=0.1292, relative_strength_period=48, relative_strength_threshold=0.5941, rsi_period=36, rvol_period=25, rvol_threshold=4.1003, sell_rsi=69.2867, stop_loss_pct=0.1169, take_profit_pct=0.0602
      change_vs_previous=adx_period: 11 -> 9; adx_threshold: 39.8823 -> 39.6028; bb_period: 39 -> 46; bb_stddev: 2.803 -> 4.431; buy_rsi: 12.4638 -> 12.4134; cooldown_bars: 28 -> 27; max_cash_fraction: 0.088 -> 0.1292; relative_strength_period: 41 -> 48; relative_strength_threshold: 0.3575 -> 0.5941; rvol_period: 28 -> 25; rvol_threshold: 3.5665 -> 4.1003; sell_rsi: 72.9637 -> 69.2867; stop_loss_pct: 0.104 -> 0.1169; take_profit_pct: 0.0469 -> 0.0602
      relative_profit=$239.99, absolute_profit=$4,025.53, buys=2524, score=(-12380.01, -2524, -4889), objective=-12,380.01
    Trial 069: window=2024-02-23 15:41 UTC -> 2024-05-23 15:41 UTC, months=[2024-02, 2024-03, 2024-04, 2024-05], symbols=[ABNB, BA, BABA, CRM, CRSP, CRWD, DAL, DDOG, DG, DIS, DOW, ESTC, EXPD, FANG, FSLY, GD, GIS, HLT, KMI, KSS, ... (+30 more)], proposal=optuna_tpe
      params=adx_period=12, adx_threshold=35.5876, bb_period=46, bb_stddev=3.807, buy_rsi=13.8888, cooldown_bars=27, max_cash_fraction=0.0934, relative_strength_period=46, relative_strength_threshold=0.6461, rsi_period=34, rvol_period=28, rvol_threshold=3.8901, sell_rsi=69.4517, stop_loss_pct=0.1007, take_profit_pct=0.039
      change_vs_previous=adx_period: 9 -> 12; adx_threshold: 39.6028 -> 35.5876; bb_stddev: 4.431 -> 3.807; buy_rsi: 12.4134 -> 13.8888; max_cash_fraction: 0.1292 -> 0.0934; relative_strength_period: 48 -> 46; relative_strength_threshold: 0.5941 -> 0.6461; rsi_period: 36 -> 34; rvol_period: 25 -> 28; rvol_threshold: 4.1003 -> 3.8901; sell_rsi: 69.2867 -> 69.4517; stop_loss_pct: 0.1169 -> 0.1007; take_profit_pct: 0.0602 -> 0.039
      relative_profit=$-6,495.32, absolute_profit=$-2,322.69, buys=2870, score=(-20845.32, -2870, -5572), objective=-20,845.32
    Trial 070: window=2024-01-23 20:03 UTC -> 2024-04-22 20:03 UTC, months=[2024-01, 2024-02, 2024-03, 2024-04], symbols=[AES, AMT, APD, BABA, BBAI, BBY, BHP, COST, CRSP, CVX, DIA, DVN, EOG, FAST, GOOGL, GREE, HCA, HON, HUBS, JBHT, ... (+30 more)], proposal=optuna_tpe
      params=adx_period=14, adx_threshold=38.0013, bb_period=37, bb_stddev=2.697, buy_rsi=16.2845, cooldown_bars=27, max_cash_fraction=0.0617, relative_strength_period=40, relative_strength_threshold=0.4147, rsi_period=35, rvol_period=32, rvol_threshold=4.0608, sell_rsi=68.1107, stop_loss_pct=0.1207, take_profit_pct=0.042
      change_vs_previous=adx_period: 12 -> 14; adx_threshold: 35.5876 -> 38.0013; bb_period: 46 -> 37; bb_stddev: 3.807 -> 2.697; buy_rsi: 13.8888 -> 16.2845; max_cash_fraction: 0.0934 -> 0.0617; relative_strength_period: 46 -> 40; relative_strength_threshold: 0.6461 -> 0.4147; rsi_period: 34 -> 35; rvol_period: 28 -> 32; rvol_threshold: 3.8901 -> 4.0608; sell_rsi: 69.4517 -> 68.1107; stop_loss_pct: 0.1007 -> 0.1207; take_profit_pct: 0.039 -> 0.042
      relative_profit=$-16,616.63, absolute_profit=$-13,542.79, buys=3579, score=(-34511.630000000005, -3579, -6900), objective=-34,511.63
    Trial 071: window=2024-03-28 14:23 UTC -> 2024-06-26 14:23 UTC, months=[2024-03, 2024-04, 2024-05, 2024-06], symbols=[ABNB, AVAV, BALL, BLDP, BNTX, C, CMCSA, DAL, DHR, EDIT, EL, ENPH, EOG, EXPD, FANG, FIS, FISV, GILD, GIS, HOOD, ... (+30 more)], proposal=optuna_tpe
      params=adx_period=19, adx_threshold=39.6081, bb_period=37, bb_stddev=3.7183, buy_rsi=12.8444, cooldown_bars=22, max_cash_fraction=0.0985, relative_strength_period=35, relative_strength_threshold=0.8606, rsi_period=30, rvol_period=27, rvol_threshold=3.6749, sell_rsi=79.1553, stop_loss_pct=0.1278, take_profit_pct=0.0594
      change_vs_previous=adx_period: 14 -> 19; adx_threshold: 38.0013 -> 39.6081; bb_stddev: 2.697 -> 3.7183; buy_rsi: 16.2845 -> 12.8444; cooldown_bars: 27 -> 22; max_cash_fraction: 0.0617 -> 0.0985; relative_strength_period: 40 -> 35; relative_strength_threshold: 0.4147 -> 0.8606; rsi_period: 35 -> 30; rvol_period: 32 -> 27; rvol_threshold: 4.0608 -> 3.6749; sell_rsi: 68.1107 -> 79.1553; stop_loss_pct: 0.1207 -> 0.1278; take_profit_pct: 0.042 -> 0.0594
      relative_profit=$-7,319.89, absolute_profit=$-3,238.67, buys=3099, score=(-22814.89, -3099, -5977), objective=-22,814.89
    Trial 072: window=2024-03-12 17:38 UTC -> 2024-06-10 17:38 UTC, months=[2024-03, 2024-04, 2024-05, 2024-06], symbols=[ADBE, ADM, AMT, ASML, AVAV, AXP, BBAI, BKR, BMY, BNTX, CCI, CHRW, CMG, CRM, CVNA, EDIT, ETN, GE, GS, HCA, ... (+30 more)], proposal=optuna_tpe
      params=adx_period=15, adx_threshold=39.3408, bb_period=38, bb_stddev=2.6286, buy_rsi=13.8766, cooldown_bars=29, max_cash_fraction=0.0794, relative_strength_period=42, relative_strength_threshold=0.1311, rsi_period=33, rvol_period=30, rvol_threshold=4.0097, sell_rsi=72.7653, stop_loss_pct=0.1075, take_profit_pct=0.0483
      change_vs_previous=adx_period: 19 -> 15; adx_threshold: 39.6081 -> 39.3408; bb_period: 37 -> 38; bb_stddev: 3.7183 -> 2.6286; buy_rsi: 12.8444 -> 13.8766; cooldown_bars: 22 -> 29; max_cash_fraction: 0.0985 -> 0.0794; relative_strength_period: 35 -> 42; relative_strength_threshold: 0.8606 -> 0.1311; rsi_period: 30 -> 33; rvol_period: 27 -> 30; rvol_threshold: 3.6749 -> 4.0097; sell_rsi: 79.1553 -> 72.7653; stop_loss_pct: 0.1278 -> 0.1075; take_profit_pct: 0.0594 -> 0.0483
      relative_profit=$-8,704.67, absolute_profit=$-5,043.32, buys=3088, score=(-24144.67, -3088, -5970), objective=-24,144.67
    Trial 073: window=2024-02-05 12:54 UTC -> 2024-05-03 23:59 UTC, months=[2024-02, 2024-03, 2024-04, 2024-05], symbols=[ABNB, ADBE, AEP, AI, APA, AVGO, BA, BILL, BMY, BNTX, CHRW, CRSP, D, DDOG, DKNG, DPZ, DUK, EMR, HOOD, IFF, ... (+30 more)], proposal=optuna_tpe
      params=adx_period=13, adx_threshold=36.8904, bb_period=39, bb_stddev=3.166, buy_rsi=11.5901, cooldown_bars=26, max_cash_fraction=0.0766, relative_strength_period=45, relative_strength_threshold=0.3554, rsi_period=34, rvol_period=26, rvol_threshold=2.9541, sell_rsi=74.6085, stop_loss_pct=0.1018, take_profit_pct=0.0287
      change_vs_previous=adx_period: 15 -> 13; adx_threshold: 39.3408 -> 36.8904; bb_period: 38 -> 39; bb_stddev: 2.6286 -> 3.166; buy_rsi: 13.8766 -> 11.5901; cooldown_bars: 29 -> 26; max_cash_fraction: 0.0794 -> 0.0766; relative_strength_period: 42 -> 45; relative_strength_threshold: 0.1311 -> 0.3554; rsi_period: 33 -> 34; rvol_period: 30 -> 26; rvol_threshold: 4.0097 -> 2.9541; sell_rsi: 72.7653 -> 74.6085; stop_loss_pct: 0.1075 -> 0.1018; take_profit_pct: 0.0483 -> 0.0287
      relative_profit=$-8,852.91, absolute_profit=$-5,164.57, buys=2838, score=(-23042.91, -2838, -5452), objective=-23,042.91
    Trial 074: window=2024-05-01 15:24 UTC -> 2024-07-30 15:24 UTC, months=[2024-05, 2024-06, 2024-07], symbols=[ABNB, BBAI, BLDP, BLK, BNTX, COIN, COP, CVNA, DG, DIS, DPZ, EDIT, EOG, ETSY, FCEL, FIS, GILD, GM, HD, HSY, ... (+30 more)], proposal=optuna_tpe
      params=adx_period=10, adx_threshold=39.9276, bb_period=43, bb_stddev=3.7577, buy_rsi=14.1159, cooldown_bars=27, max_cash_fraction=0.1064, relative_strength_period=35, relative_strength_threshold=0.001, rsi_period=36, rvol_period=25, rvol_threshold=3.7725, sell_rsi=68.6499, stop_loss_pct=0.1222, take_profit_pct=0.0329
      change_vs_previous=adx_period: 13 -> 10; adx_threshold: 36.8904 -> 39.9276; bb_period: 39 -> 43; bb_stddev: 3.166 -> 3.7577; buy_rsi: 11.5901 -> 14.1159; cooldown_bars: 26 -> 27; max_cash_fraction: 0.0766 -> 0.1064; relative_strength_period: 45 -> 35; relative_strength_threshold: 0.3554 -> 0.001; rsi_period: 34 -> 36; rvol_period: 26 -> 25; rvol_threshold: 2.9541 -> 3.7725; sell_rsi: 74.6085 -> 68.6499; stop_loss_pct: 0.1018 -> 0.1222; take_profit_pct: 0.0287 -> 0.0329
      relative_profit=$-20,284.89, absolute_profit=$-12,000.51, buys=2666, score=(-33614.89, -2666, -5076), objective=-33,614.89
    Trial 075: window=2024-04-03 22:24 UTC -> 2024-07-02 22:24 UTC, months=[2024-04, 2024-05, 2024-06, 2024-07], symbols=[AEP, ALB, APA, ARCT, AVAV, BILL, C, CAN, CB, CL, DIS, DOW, DVN, ECL, ENPH, ESTC, FAST, GIS, HD, HOOD, ... (+30 more)], proposal=optuna_tpe
      params=adx_period=9, adx_threshold=39.4438, bb_period=43, bb_stddev=2.6457, buy_rsi=12.2041, cooldown_bars=27, max_cash_fraction=0.084, relative_strength_period=44, relative_strength_threshold=0.8895, rsi_period=38, rvol_period=28, rvol_threshold=3.8765, sell_rsi=74.9506, stop_loss_pct=0.0797, take_profit_pct=0.0484
      change_vs_previous=adx_period: 10 -> 9; adx_threshold: 39.9276 -> 39.4438; bb_stddev: 3.7577 -> 2.6457; buy_rsi: 14.1159 -> 12.2041; max_cash_fraction: 0.1064 -> 0.084; relative_strength_period: 35 -> 44; relative_strength_threshold: 0.001 -> 0.8895; rsi_period: 36 -> 38; rvol_period: 25 -> 28; rvol_threshold: 3.7725 -> 3.8765; sell_rsi: 68.6499 -> 74.9506; stop_loss_pct: 0.1222 -> 0.0797; take_profit_pct: 0.0329 -> 0.0484
      relative_profit=$-8,050.52, absolute_profit=$-2,564.70, buys=2956, score=(-22830.52, -2956, -5719), objective=-22,830.52
    Trial 076: window=2024-09-09 10:14 UTC -> 2024-12-07 00:59 UTC, months=[2024-09, 2024-10, 2024-11, 2024-12], symbols=[ADBE, AMD, AVAV, AXP, BA, CAN, COST, CVNA, D, DG, DIS, DOW, ECL, EMR, EOG, ESTC, F, FISV, HCA, HD, ... (+30 more)], proposal=optuna_tpe
      params=adx_period=21, adx_threshold=37.804, bb_period=38, bb_stddev=4.4492, buy_rsi=11.7487, cooldown_bars=25, max_cash_fraction=0.1457, relative_strength_period=28, relative_strength_threshold=0.9757, rsi_period=27, rvol_period=21, rvol_threshold=2.282, sell_rsi=68.7815, stop_loss_pct=0.1119, take_profit_pct=0.1298
      change_vs_previous=adx_period: 9 -> 21; adx_threshold: 39.4438 -> 37.804; bb_period: 43 -> 38; bb_stddev: 2.6457 -> 4.4492; buy_rsi: 12.2041 -> 11.7487; cooldown_bars: 27 -> 25; max_cash_fraction: 0.084 -> 0.1457; relative_strength_period: 44 -> 28; relative_strength_threshold: 0.8895 -> 0.9757; rsi_period: 38 -> 27; rvol_period: 28 -> 21; rvol_threshold: 3.8765 -> 2.282; sell_rsi: 74.9506 -> 68.7815; stop_loss_pct: 0.0797 -> 0.1119; take_profit_pct: 0.0484 -> 0.1298
      relative_profit=$-20,124.46, absolute_profit=$-8,679.66, buys=3205, score=(-36149.46, -3205, -6185), objective=-36,149.46
    Trial 077: window=2024-05-28 10:59 UTC -> 2024-08-26 10:59 UTC, months=[2024-05, 2024-06, 2024-07, 2024-08], symbols=[AAPL, AI, ALB, ASML, BBY, BLK, CF, CMCSA, CMG, CRWD, D, DHR, DIA, DUK, EA, ECL, ETN, EXC, FANG, FCEL, ... (+30 more)], proposal=optuna_tpe
      params=adx_period=11, adx_threshold=37.5015, bb_period=44, bb_stddev=3.8419, buy_rsi=13.4224, cooldown_bars=28, max_cash_fraction=0.128, relative_strength_period=44, relative_strength_threshold=0.5435, rsi_period=39, rvol_period=22, rvol_threshold=3.5119, sell_rsi=69.5295, stop_loss_pct=0.1066, take_profit_pct=0.0301
      change_vs_previous=adx_period: 21 -> 11; adx_threshold: 37.804 -> 37.5015; bb_period: 38 -> 44; bb_stddev: 4.4492 -> 3.8419; buy_rsi: 11.7487 -> 13.4224; cooldown_bars: 25 -> 28; max_cash_fraction: 0.1457 -> 0.128; relative_strength_period: 28 -> 44; relative_strength_threshold: 0.9757 -> 0.5435; rsi_period: 27 -> 39; rvol_period: 21 -> 22; rvol_threshold: 2.282 -> 3.5119; sell_rsi: 68.7815 -> 69.5295; stop_loss_pct: 0.1119 -> 0.1066; take_profit_pct: 0.1298 -> 0.0301
      relative_profit=$6,284.04, absolute_profit=$12,501.54, buys=2427, score=(-5850.959999999999, -2427, -4724), objective=-5,850.96
    Trial 078: window=2024-09-19 12:11 UTC -> 2024-12-18 12:11 UTC, months=[2024-09, 2024-10, 2024-11, 2024-12], symbols=[ABNB, ADBE, CCI, COIN, CRSP, D, DIS, DOCU, EL, FAST, FSLY, GREE, GS, INTC, ITW, KR, KSS, KTOS, LCID, LULU, ... (+30 more)], proposal=optuna_tpe
      params=adx_period=21, adx_threshold=37.2181, bb_period=45, bb_stddev=3.9016, buy_rsi=13.1167, cooldown_bars=26, max_cash_fraction=0.1306, relative_strength_period=31, relative_strength_threshold=0.7545, rsi_period=29, rvol_period=23, rvol_threshold=3.0243, sell_rsi=70.6305, stop_loss_pct=0.1394, take_profit_pct=0.0973
      change_vs_previous=adx_period: 11 -> 21; adx_threshold: 37.5015 -> 37.2181; bb_period: 44 -> 45; bb_stddev: 3.8419 -> 3.9016; buy_rsi: 13.4224 -> 13.1167; cooldown_bars: 28 -> 26; max_cash_fraction: 0.128 -> 0.1306; relative_strength_period: 44 -> 31; relative_strength_threshold: 0.5435 -> 0.7545; rsi_period: 39 -> 29; rvol_period: 22 -> 23; rvol_threshold: 3.5119 -> 3.0243; sell_rsi: 69.5295 -> 70.6305; stop_loss_pct: 0.1066 -> 0.1394; take_profit_pct: 0.0301 -> 0.0973
      relative_profit=$12,880.57, absolute_profit=$19,069.43, buys=3001, score=(-2124.4300000000003, -3001, -5871), objective=-2,124.43
    Trial 079: window=2024-07-25 17:48 UTC -> 2024-10-23 17:48 UTC, months=[2024-07, 2024-08, 2024-09, 2024-10], symbols=[AAPL, ABNB, AEP, APP, ARCT, ASML, BALL, BE, BILL, CAT, CHRW, CHWY, CL, COP, DVN, EMR, EOG, ETSY, F, GILD, ... (+30 more)], proposal=optuna_tpe
      params=adx_period=10, adx_threshold=38.6, bb_period=46, bb_stddev=3.7924, buy_rsi=16.0701, cooldown_bars=28, max_cash_fraction=0.1271, relative_strength_period=42, relative_strength_threshold=0.1699, rsi_period=36, rvol_period=19, rvol_threshold=4.0108, sell_rsi=65.0909, stop_loss_pct=0.109, take_profit_pct=0.0346
      change_vs_previous=adx_period: 21 -> 10; adx_threshold: 37.2181 -> 38.6; bb_period: 45 -> 46; bb_stddev: 3.9016 -> 3.7924; buy_rsi: 13.1167 -> 16.0701; cooldown_bars: 26 -> 28; max_cash_fraction: 0.1306 -> 0.1271; relative_strength_period: 31 -> 42; relative_strength_threshold: 0.7545 -> 0.1699; rsi_period: 29 -> 36; rvol_period: 23 -> 19; rvol_threshold: 3.0243 -> 4.0108; sell_rsi: 70.6305 -> 65.0909; stop_loss_pct: 0.1394 -> 0.109; take_profit_pct: 0.0973 -> 0.0346
      relative_profit=$5,006.29, absolute_profit=$10,799.98, buys=2988, score=(-9933.71, -2988, -5793), objective=-9,933.71
    Trial 080: window=2024-04-24 15:59 UTC -> 2024-07-23 15:59 UTC, months=[2024-04, 2024-05, 2024-06, 2024-07], symbols=[ABNB, ADM, AON, BLDP, BNTX, CL, CRSP, CVX, F, GILD, HOOD, ICE, INTC, KHC, KMI, KO, KTOS, LAC, LCID, LI, ... (+30 more)], proposal=optuna_tpe
      params=adx_period=12, adx_threshold=35.908, bb_period=42, bb_stddev=3.1958, buy_rsi=15.5226, cooldown_bars=26, max_cash_fraction=0.1246, relative_strength_period=37, relative_strength_threshold=0.7583, rsi_period=39, rvol_period=28, rvol_threshold=3.5116, sell_rsi=71.9009, stop_loss_pct=0.0863, take_profit_pct=0.032
      change_vs_previous=adx_period: 10 -> 12; adx_threshold: 38.6 -> 35.908; bb_period: 46 -> 42; bb_stddev: 3.7924 -> 3.1958; buy_rsi: 16.0701 -> 15.5226; cooldown_bars: 28 -> 26; max_cash_fraction: 0.1271 -> 0.1246; relative_strength_period: 42 -> 37; relative_strength_threshold: 0.1699 -> 0.7583; rsi_period: 36 -> 39; rvol_period: 19 -> 28; rvol_threshold: 4.0108 -> 3.5116; sell_rsi: 65.0909 -> 71.9009; stop_loss_pct: 0.109 -> 0.0863; take_profit_pct: 0.0346 -> 0.032
      relative_profit=$-3,439.59, absolute_profit=$6,927.26, buys=2837, score=(-17624.59, -2837, -5518), objective=-17,624.59
    Trial 081: window=2024-07-01 22:16 UTC -> 2024-09-27 23:59 UTC, months=[2024-07, 2024-08, 2024-09], symbols=[ADBE, APD, AVGO, BBAI, C, CAT, CRSP, DAL, DG, EL, F, FAST, FCX, GD, GOOGL, GPN, GS, HON, HSY, INTC, ... (+30 more)], proposal=optuna_tpe
      params=adx_period=26, adx_threshold=37.8041, bb_period=45, bb_stddev=4.0323, buy_rsi=10.771, cooldown_bars=26, max_cash_fraction=0.1381, relative_strength_period=31, relative_strength_threshold=0.8695, rsi_period=34, rvol_period=20, rvol_threshold=2.7697, sell_rsi=70.6573, stop_loss_pct=0.1234, take_profit_pct=0.0769
      change_vs_previous=adx_period: 12 -> 26; adx_threshold: 35.908 -> 37.8041; bb_period: 42 -> 45; bb_stddev: 3.1958 -> 4.0323; buy_rsi: 15.5226 -> 10.771; max_cash_fraction: 0.1246 -> 0.1381; relative_strength_period: 37 -> 31; relative_strength_threshold: 0.7583 -> 0.8695; rsi_period: 39 -> 34; rvol_period: 28 -> 20; rvol_threshold: 3.5116 -> 2.7697; sell_rsi: 71.9009 -> 70.6573; stop_loss_pct: 0.0863 -> 0.1234; take_profit_pct: 0.032 -> 0.0769
      relative_profit=$6,109.01, absolute_profit=$10,769.62, buys=2712, score=(-7450.989999999999, -2712, -5294), objective=-7,450.99
    Trial 082: window=2024-08-14 12:38 UTC -> 2024-11-12 12:38 UTC, months=[2024-08, 2024-09, 2024-10, 2024-11], symbols=[ADM, AES, COP, DIA, DIS, DVN, ECL, FANG, FCEL, FIS, FISV, GIS, HCA, INTC, IWM, JBHT, KO, LAC, LI, LMT, ... (+30 more)], proposal=optuna_tpe
      params=adx_period=29, adx_threshold=37.8742, bb_period=42, bb_stddev=3.4263, buy_rsi=13.9375, cooldown_bars=25, max_cash_fraction=0.1564, relative_strength_period=32, relative_strength_threshold=0.871, rsi_period=38, rvol_period=20, rvol_threshold=2.9815, sell_rsi=72.5774, stop_loss_pct=0.1254, take_profit_pct=0.0698
      change_vs_previous=adx_period: 26 -> 29; adx_threshold: 37.8041 -> 37.8742; bb_period: 45 -> 42; bb_stddev: 4.0323 -> 3.4263; buy_rsi: 10.771 -> 13.9375; cooldown_bars: 26 -> 25; max_cash_fraction: 0.1381 -> 0.1564; relative_strength_period: 31 -> 32; relative_strength_threshold: 0.8695 -> 0.871; rsi_period: 34 -> 38; rvol_threshold: 2.7697 -> 2.9815; sell_rsi: 70.6573 -> 72.5774; stop_loss_pct: 0.1234 -> 0.1254; take_profit_pct: 0.0769 -> 0.0698
      relative_profit=$-37,376.12, absolute_profit=$-27,207.47, buys=2741, score=(-51081.12, -2741, -5291), objective=-51,081.12
    Trial 083: window=2024-08-21 16:01 UTC -> 2024-11-19 16:01 UTC, months=[2024-08, 2024-09, 2024-10, 2024-11], symbols=[AMAT, BEAM, BMY, CAT, CMG, COIN, DD, DVN, EOG, EQIX, ETN, F, GM, HLT, IFF, KSS, KTOS, LCID, LLY, LOW, ... (+30 more)], proposal=optuna_tpe
      params=adx_period=27, adx_threshold=36.1647, bb_period=47, bb_stddev=4.0129, buy_rsi=11.003, cooldown_bars=22, max_cash_fraction=0.1099, relative_strength_period=30, relative_strength_threshold=0.8712, rsi_period=31, rvol_period=18, rvol_threshold=3.0929, sell_rsi=73.5645, stop_loss_pct=0.1117, take_profit_pct=0.0908
      change_vs_previous=adx_period: 29 -> 27; adx_threshold: 37.8742 -> 36.1647; bb_period: 42 -> 47; bb_stddev: 3.4263 -> 4.0129; buy_rsi: 13.9375 -> 11.003; cooldown_bars: 25 -> 22; max_cash_fraction: 0.1564 -> 0.1099; relative_strength_period: 32 -> 30; relative_strength_threshold: 0.871 -> 0.8712; rsi_period: 38 -> 31; rvol_period: 20 -> 18; rvol_threshold: 2.9815 -> 3.0929; sell_rsi: 72.5774 -> 73.5645; stop_loss_pct: 0.1254 -> 0.1117; take_profit_pct: 0.0698 -> 0.0908
      relative_profit=$-1,622.94, absolute_profit=$3,543.32, buys=2856, score=(-15902.94, -2856, -5551), objective=-15,902.94
    Trial 084: window=2024-02-06 16:15 UTC -> 2024-05-06 16:15 UTC, months=[2024-02, 2024-03, 2024-04, 2024-05], symbols=[AMD, AMZN, AON, APP, BBAI, BILL, CAT, CCI, CF, CME, COST, CRM, DE, DIA, DKNG, EL, ETN, EXC, FANG, FIS, ... (+30 more)], proposal=optuna_tpe
      params=adx_period=29, adx_threshold=36.2876, bb_period=48, bb_stddev=3.8872, buy_rsi=13.0633, cooldown_bars=23, max_cash_fraction=0.104, relative_strength_period=33, relative_strength_threshold=0.5533, rsi_period=37, rvol_period=25, rvol_threshold=3.3776, sell_rsi=72.7675, stop_loss_pct=0.1249, take_profit_pct=0.0941
      change_vs_previous=adx_period: 27 -> 29; adx_threshold: 36.1647 -> 36.2876; bb_period: 47 -> 48; bb_stddev: 4.0129 -> 3.8872; buy_rsi: 11.003 -> 13.0633; cooldown_bars: 22 -> 23; max_cash_fraction: 0.1099 -> 0.104; relative_strength_period: 30 -> 33; relative_strength_threshold: 0.8712 -> 0.5533; rsi_period: 31 -> 37; rvol_period: 18 -> 25; rvol_threshold: 3.0929 -> 3.3776; sell_rsi: 73.5645 -> 72.7675; stop_loss_pct: 0.1117 -> 0.1249; take_profit_pct: 0.0908 -> 0.0941
      relative_profit=$-13,630.61, absolute_profit=$-9,367.81, buys=2472, score=(-25990.61, -2472, -4716), objective=-25,990.61
    Trial 085: window=2024-01-09 13:44 UTC -> 2024-04-08 13:44 UTC, months=[2024-01, 2024-02, 2024-03, 2024-04], symbols=[AAPL, ADBE, ADM, AEP, BLK, CAT, CSCO, DKNG, EL, EQIX, FCX, FSLY, HOOD, INTU, JNJ, KMI, LCID, LI, LMT, LRCX, ... (+30 more)], proposal=optuna_tpe
      params=adx_period=18, adx_threshold=36.7428, bb_period=45, bb_stddev=4.498, buy_rsi=12.3925, cooldown_bars=23, max_cash_fraction=0.0798, relative_strength_period=35, relative_strength_threshold=0.6739, rsi_period=30, rvol_period=22, rvol_threshold=2.7328, sell_rsi=68.1638, stop_loss_pct=0.1221, take_profit_pct=0.1095
      change_vs_previous=adx_period: 29 -> 18; adx_threshold: 36.2876 -> 36.7428; bb_period: 48 -> 45; bb_stddev: 3.8872 -> 4.498; buy_rsi: 13.0633 -> 12.3925; max_cash_fraction: 0.104 -> 0.0798; relative_strength_period: 33 -> 35; relative_strength_threshold: 0.5533 -> 0.6739; rsi_period: 37 -> 30; rvol_period: 25 -> 22; rvol_threshold: 3.3776 -> 2.7328; sell_rsi: 72.7675 -> 68.1638; stop_loss_pct: 0.1249 -> 0.1221; take_profit_pct: 0.0941 -> 0.1095
      relative_profit=$-19,074.22, absolute_profit=$-9,289.93, buys=2972, score=(-33934.22, -2972, -5726), objective=-33,934.22
    Trial 086: window=2024-09-27 13:00 UTC -> 2024-12-26 13:00 UTC, months=[2024-09, 2024-10, 2024-11, 2024-12], symbols=[ADM, AES, AFRM, AMD, APD, APP, BBY, BMY, CB, CL, CME, COST, DD, DE, DVN, ED, FCEL, FISV, GE, GM, ... (+30 more)], proposal=optuna_tpe
      params=adx_period=24, adx_threshold=38.4266, bb_period=48, bb_stddev=4.5038, buy_rsi=13.342, cooldown_bars=29, max_cash_fraction=0.15, relative_strength_period=35, relative_strength_threshold=0.8002, rsi_period=30, rvol_period=23, rvol_threshold=2.9952, sell_rsi=69.7549, stop_loss_pct=0.1244, take_profit_pct=0.06
      change_vs_previous=adx_period: 18 -> 24; adx_threshold: 36.7428 -> 38.4266; bb_period: 45 -> 48; bb_stddev: 4.498 -> 4.5038; buy_rsi: 12.3925 -> 13.342; cooldown_bars: 23 -> 29; max_cash_fraction: 0.0798 -> 0.15; relative_strength_threshold: 0.6739 -> 0.8002; rvol_period: 22 -> 23; rvol_threshold: 2.7328 -> 2.9952; sell_rsi: 68.1638 -> 69.7549; stop_loss_pct: 0.1221 -> 0.1244; take_profit_pct: 0.1095 -> 0.06
      relative_profit=$-10,856.56, absolute_profit=$-6,361.59, buys=3117, score=(-26441.56, -3117, -6044), objective=-26,441.56
    Trial 087: window=2024-02-23 21:38 UTC -> 2024-05-23 21:38 UTC, months=[2024-02, 2024-03, 2024-04, 2024-05], symbols=[ADM, AFRM, AMAT, AVGO, BALL, BEAM, CHWY, CL, CRSP, CSX, DAL, DD, DE, EDIT, EL, EMR, ENPH, ETN, GE, GM, ... (+30 more)], proposal=optuna_tpe
      params=adx_period=23, adx_threshold=38.2988, bb_period=50, bb_stddev=4.0379, buy_rsi=11.8418, cooldown_bars=27, max_cash_fraction=0.0738, relative_strength_period=31, relative_strength_threshold=0.8469, rsi_period=33, rvol_period=19, rvol_threshold=2.6716, sell_rsi=69.5762, stop_loss_pct=0.117, take_profit_pct=0.0638
      change_vs_previous=adx_period: 24 -> 23; adx_threshold: 38.4266 -> 38.2988; bb_period: 48 -> 50; bb_stddev: 4.5038 -> 4.0379; buy_rsi: 13.342 -> 11.8418; cooldown_bars: 29 -> 27; max_cash_fraction: 0.15 -> 0.0738; relative_strength_period: 35 -> 31; relative_strength_threshold: 0.8002 -> 0.8469; rsi_period: 30 -> 33; rvol_period: 23 -> 19; rvol_threshold: 2.9952 -> 2.6716; sell_rsi: 69.7549 -> 69.5762; stop_loss_pct: 0.1244 -> 0.117; take_profit_pct: 0.06 -> 0.0638
      relative_profit=$-6,268.69, absolute_profit=$-2,739.67, buys=2839, score=(-20463.690000000002, -2839, -5545), objective=-20,463.69
    Trial 088: window=2024-07-12 20:21 UTC -> 2024-10-10 20:21 UTC, months=[2024-07, 2024-08, 2024-09, 2024-10], symbols=[AAPL, ALB, APD, AXP, BILL, BLDP, BLK, CMG, CRSP, CSCO, DHR, EDIT, EL, EOG, FAST, FIS, FISV, GD, GPN, JNJ, ... (+30 more)], proposal=optuna_tpe
      params=adx_period=28, adx_threshold=39.3442, bb_period=45, bb_stddev=3.9641, buy_rsi=12.7309, cooldown_bars=24, max_cash_fraction=0.159, relative_strength_period=25, relative_strength_threshold=0.8248, rsi_period=36, rvol_period=21, rvol_threshold=3.1891, sell_rsi=68.5895, stop_loss_pct=0.1291, take_profit_pct=0.0874
      change_vs_previous=adx_period: 23 -> 28; adx_threshold: 38.2988 -> 39.3442; bb_period: 50 -> 45; bb_stddev: 4.0379 -> 3.9641; buy_rsi: 11.8418 -> 12.7309; cooldown_bars: 27 -> 24; max_cash_fraction: 0.0738 -> 0.159; relative_strength_period: 31 -> 25; relative_strength_threshold: 0.8469 -> 0.8248; rsi_period: 33 -> 36; rvol_period: 19 -> 21; rvol_threshold: 2.6716 -> 3.1891; sell_rsi: 69.5762 -> 68.5895; stop_loss_pct: 0.117 -> 0.1291; take_profit_pct: 0.0638 -> 0.0874
      relative_profit=$8,749.48, absolute_profit=$11,633.76, buys=2776, score=(-5130.52, -2776, -5406), objective=-5,130.52
    Trial 089: window=2024-08-27 08:48 UTC -> 2024-11-23 00:59 UTC, months=[2024-08, 2024-09, 2024-10, 2024-11], symbols=[AES, APD, AVAV, BAC, BE, BHP, BMY, CAN, CAT, CMG, COP, CRM, CRSP, EMR, ETN, FAST, FCEL, GD, GE, HAL, ... (+30 more)], proposal=optuna_tpe
      params=adx_period=11, adx_threshold=37.8482, bb_period=38, bb_stddev=2.9031, buy_rsi=12.9058, cooldown_bars=27, max_cash_fraction=0.0957, relative_strength_period=42, relative_strength_threshold=-2.7106, rsi_period=39, rvol_period=27, rvol_threshold=3.4336, sell_rsi=78.5267, stop_loss_pct=0.1021, take_profit_pct=0.0443
      change_vs_previous=adx_period: 28 -> 11; adx_threshold: 39.3442 -> 37.8482; bb_period: 45 -> 38; bb_stddev: 3.9641 -> 2.9031; buy_rsi: 12.7309 -> 12.9058; cooldown_bars: 24 -> 27; max_cash_fraction: 0.159 -> 0.0957; relative_strength_period: 25 -> 42; relative_strength_threshold: 0.8248 -> -2.7106; rsi_period: 36 -> 39; rvol_period: 21 -> 27; rvol_threshold: 3.1891 -> 3.4336; sell_rsi: 68.5895 -> 78.5267; stop_loss_pct: 0.1291 -> 0.1021; take_profit_pct: 0.0874 -> 0.0443
      relative_profit=$-8,507.90, absolute_profit=$-2,327.29, buys=2616, score=(-21587.9, -2616, -4171), objective=-21,587.90
    Trial 090: window=2024-02-01 15:51 UTC -> 2024-05-01 15:51 UTC, months=[2024-02, 2024-03, 2024-04, 2024-05], symbols=[AAPL, ADBE, AI, AMD, APP, ASML, CAN, CMCSA, CME, DKNG, DOCU, EL, EXPD, HII, HON, HSY, ITW, JPM, KMI, KSS, ... (+30 more)], proposal=optuna_tpe
      params=adx_period=21, adx_threshold=38.2086, bb_period=47, bb_stddev=3.6193, buy_rsi=15.5645, cooldown_bars=24, max_cash_fraction=0.1382, relative_strength_period=30, relative_strength_threshold=0.6584, rsi_period=30, rvol_period=23, rvol_threshold=2.8739, sell_rsi=70.1628, stop_loss_pct=0.131, take_profit_pct=0.1546
      change_vs_previous=adx_period: 11 -> 21; adx_threshold: 37.8482 -> 38.2086; bb_period: 38 -> 47; bb_stddev: 2.9031 -> 3.6193; buy_rsi: 12.9058 -> 15.5645; cooldown_bars: 27 -> 24; max_cash_fraction: 0.0957 -> 0.1382; relative_strength_period: 42 -> 30; relative_strength_threshold: -2.7106 -> 0.6584; rsi_period: 39 -> 30; rvol_period: 27 -> 23; rvol_threshold: 3.4336 -> 2.8739; sell_rsi: 78.5267 -> 70.1628; stop_loss_pct: 0.1021 -> 0.131; take_profit_pct: 0.0443 -> 0.1546
      relative_profit=$-16,868.82, absolute_profit=$-13,599.72, buys=3212, score=(-32928.82, -3212, -6158), objective=-32,928.82
    Trial 091: window=2024-06-20 15:45 UTC -> 2024-09-18 15:45 UTC, months=[2024-06, 2024-07, 2024-08, 2024-09], symbols=[AEP, AVGO, BAC, BBAI, BMY, CCI, CF, CL, DAL, DHR, DIA, DKNG, EA, ECL, EDIT, GIS, GM, HSY, IFF, KHC, ... (+30 more)], proposal=optuna_tpe
      params=adx_period=22, adx_threshold=38.3284, bb_period=45, bb_stddev=4.1335, buy_rsi=13.3245, cooldown_bars=25, max_cash_fraction=0.1354, relative_strength_period=34, relative_strength_threshold=0.3632, rsi_period=35, rvol_period=24, rvol_threshold=2.5764, sell_rsi=70.6004, stop_loss_pct=0.1444, take_profit_pct=0.0924
      change_vs_previous=adx_period: 21 -> 22; adx_threshold: 38.2086 -> 38.3284; bb_period: 47 -> 45; bb_stddev: 3.6193 -> 4.1335; buy_rsi: 15.5645 -> 13.3245; cooldown_bars: 24 -> 25; max_cash_fraction: 0.1382 -> 0.1354; relative_strength_period: 30 -> 34; relative_strength_threshold: 0.6584 -> 0.3632; rsi_period: 30 -> 35; rvol_period: 23 -> 24; rvol_threshold: 2.8739 -> 2.5764; sell_rsi: 70.1628 -> 70.6004; stop_loss_pct: 0.131 -> 0.1444; take_profit_pct: 0.1546 -> 0.0924
      relative_profit=$19,381.82, absolute_profit=$21,790.44, buys=2693, score=(5916.82, -2693, -5238), objective=5,916.82
    Trial 092: window=2024-03-20 20:50 UTC -> 2024-06-18 20:50 UTC, months=[2024-03, 2024-04, 2024-05, 2024-06], symbols=[AFRM, ALB, AMD, AMT, AXP, BBAI, BEAM, CF, CSCO, CSX, DPZ, DVN, EA, EL, ETSY, EXC, GD, GOOGL, GREE, HCA, ... (+30 more)], proposal=optuna_tpe
      params=adx_period=23, adx_threshold=38.055, bb_period=42, bb_stddev=4.2325, buy_rsi=11.6268, cooldown_bars=22, max_cash_fraction=0.101, relative_strength_period=40, relative_strength_threshold=0.8556, rsi_period=33, rvol_period=20, rvol_threshold=2.8418, sell_rsi=67.9964, stop_loss_pct=0.1109, take_profit_pct=0.1031
      change_vs_previous=adx_period: 22 -> 23; adx_threshold: 38.3284 -> 38.055; bb_period: 45 -> 42; bb_stddev: 4.1335 -> 4.2325; buy_rsi: 13.3245 -> 11.6268; cooldown_bars: 25 -> 22; max_cash_fraction: 0.1354 -> 0.101; relative_strength_period: 34 -> 40; relative_strength_threshold: 0.3632 -> 0.8556; rsi_period: 35 -> 33; rvol_period: 24 -> 20; rvol_threshold: 2.5764 -> 2.8418; sell_rsi: 70.6004 -> 67.9964; stop_loss_pct: 0.1444 -> 0.1109; take_profit_pct: 0.0924 -> 0.1031
      relative_profit=$-14,658.60, absolute_profit=$-9,463.68, buys=2901, score=(-29163.6, -2901, -5585), objective=-29,163.60
    Trial 093: window=2024-05-31 14:40 UTC -> 2024-08-29 14:40 UTC, months=[2024-05, 2024-06, 2024-07, 2024-08], symbols=[ADM, ALB, AMD, APA, AVAV, BBAI, BHP, BLDP, CHRW, CHWY, COIN, CRWD, DOCU, ED, EMR, FISV, GM, ICE, INTU, IWM, ... (+30 more)], proposal=optuna_tpe
      params=adx_period=22, adx_threshold=37.3176, bb_period=44, bb_stddev=3.6715, buy_rsi=13.1884, cooldown_bars=27, max_cash_fraction=0.1337, relative_strength_period=31, relative_strength_threshold=0.5485, rsi_period=27, rvol_period=24, rvol_threshold=3.4371, sell_rsi=71.4182, stop_loss_pct=0.1326, take_profit_pct=0.0772
      change_vs_previous=adx_period: 23 -> 22; adx_threshold: 38.055 -> 37.3176; bb_period: 42 -> 44; bb_stddev: 4.2325 -> 3.6715; buy_rsi: 11.6268 -> 13.1884; cooldown_bars: 22 -> 27; max_cash_fraction: 0.101 -> 0.1337; relative_strength_period: 40 -> 31; relative_strength_threshold: 0.8556 -> 0.5485; rsi_period: 33 -> 27; rvol_period: 20 -> 24; rvol_threshold: 2.8418 -> 3.4371; sell_rsi: 67.9964 -> 71.4182; stop_loss_pct: 0.1109 -> 0.1326; take_profit_pct: 0.1031 -> 0.0772
      relative_profit=$-8,912.27, absolute_profit=$-1,054.04, buys=3395, score=(-25887.27, -3395, -6588), objective=-25,887.27
    Trial 094: window=2024-04-01 20:34 UTC -> 2024-06-28 23:59 UTC, months=[2024-04, 2024-05, 2024-06], symbols=[AMZN, APA, BLDP, CAT, CRSP, D, DIA, DIS, DKNG, DOCU, DVN, ED, EDIT, EMR, EQIX, FIS, FSLY, GE, GPN, GS, ... (+30 more)], proposal=optuna_tpe
      params=adx_period=22, adx_threshold=38.2036, bb_period=40, bb_stddev=4.458, buy_rsi=14.4348, cooldown_bars=25, max_cash_fraction=0.105, relative_strength_period=39, relative_strength_threshold=0.7579, rsi_period=29, rvol_period=21, rvol_threshold=3.8558, sell_rsi=70.293, stop_loss_pct=0.118, take_profit_pct=0.0721
      change_vs_previous=adx_threshold: 37.3176 -> 38.2036; bb_period: 44 -> 40; bb_stddev: 3.6715 -> 4.458; buy_rsi: 13.1884 -> 14.4348; cooldown_bars: 27 -> 25; max_cash_fraction: 0.1337 -> 0.105; relative_strength_period: 31 -> 39; relative_strength_threshold: 0.5485 -> 0.7579; rsi_period: 27 -> 29; rvol_period: 24 -> 21; rvol_threshold: 3.4371 -> 3.8558; sell_rsi: 71.4182 -> 70.293; stop_loss_pct: 0.1326 -> 0.118; take_profit_pct: 0.0772 -> 0.0721
      relative_profit=$-10,024.20, absolute_profit=$-5,630.32, buys=3302, score=(-26534.2, -3302, -6318), objective=-26,534.20
    Trial 095: window=2024-07-18 23:09 UTC -> 2024-10-16 23:09 UTC, months=[2024-07, 2024-08, 2024-09, 2024-10], symbols=[AFRM, ASML, AVAV, AVGO, BAC, BBAI, BKR, CL, CRWD, DPZ, ETN, FANG, GD, GPN, GREE, HSY, KLAC, KMB, LOW, MCD, ... (+30 more)], proposal=optuna_tpe
      params=adx_period=24, adx_threshold=34.7813, bb_period=44, bb_stddev=4.3103, buy_rsi=10.1173, cooldown_bars=25, max_cash_fraction=0.1254, relative_strength_period=32, relative_strength_threshold=0.7363, rsi_period=30, rvol_period=22, rvol_threshold=2.9113, sell_rsi=72.9249, stop_loss_pct=0.1385, take_profit_pct=0.0598
      change_vs_previous=adx_period: 22 -> 24; adx_threshold: 38.2036 -> 34.7813; bb_period: 40 -> 44; bb_stddev: 4.458 -> 4.3103; buy_rsi: 14.4348 -> 10.1173; max_cash_fraction: 0.105 -> 0.1254; relative_strength_period: 39 -> 32; relative_strength_threshold: 0.7579 -> 0.7363; rsi_period: 29 -> 30; rvol_period: 21 -> 22; rvol_threshold: 3.8558 -> 2.9113; sell_rsi: 70.293 -> 72.9249; stop_loss_pct: 0.118 -> 0.1385; take_profit_pct: 0.0721 -> 0.0598
      relative_profit=$20,967.07, absolute_profit=$25,998.10, buys=3042, score=(5757.07, -3042, -5911), objective=5,757.07
    Trial 096: window=2024-08-22 08:30 UTC -> 2024-11-20 00:59 UTC, months=[2024-08, 2024-09, 2024-10, 2024-11], symbols=[ABBV, ABNB, AES, AMT, AXP, BALL, CF, CL, CVNA, D, DDOG, DIA, DKNG, DVN, ECL, ENPH, EQIX, EXC, FAST, FCEL, ... (+30 more)], proposal=optuna_tpe
      params=adx_period=21, adx_threshold=39.7506, bb_period=46, bb_stddev=4.0925, buy_rsi=12.5881, cooldown_bars=25, max_cash_fraction=0.1268, relative_strength_period=34, relative_strength_threshold=0.2146, rsi_period=32, rvol_period=24, rvol_threshold=2.128, sell_rsi=69.4894, stop_loss_pct=0.1283, take_profit_pct=0.0795
      change_vs_previous=adx_period: 24 -> 21; adx_threshold: 34.7813 -> 39.7506; bb_period: 44 -> 46; bb_stddev: 4.3103 -> 4.0925; buy_rsi: 10.1173 -> 12.5881; max_cash_fraction: 0.1254 -> 0.1268; relative_strength_period: 32 -> 34; relative_strength_threshold: 0.7363 -> 0.2146; rsi_period: 30 -> 32; rvol_period: 22 -> 24; rvol_threshold: 2.9113 -> 2.128; sell_rsi: 72.9249 -> 69.4894; stop_loss_pct: 0.1385 -> 0.1283; take_profit_pct: 0.0598 -> 0.0795
      relative_profit=$-42,359.94, absolute_profit=$-37,011.63, buys=3160, score=(-58159.939999999995, -3160, -6114), objective=-58,159.94
    Trial 097: window=2024-03-25 09:20 UTC -> 2024-06-21 23:59 UTC, months=[2024-03, 2024-04, 2024-05, 2024-06], symbols=[ADBE, APD, ARCT, BAC, BBY, BKR, BLDP, CAT, CHRW, CMCSA, CRWD, DD, DIS, DVN, EA, EOG, FANG, FAST, FIS, HAL, ... (+30 more)], proposal=optuna_tpe
      params=adx_period=21, adx_threshold=35.5937, bb_period=43, bb_stddev=4.3213, buy_rsi=13.9197, cooldown_bars=28, max_cash_fraction=0.1447, relative_strength_period=28, relative_strength_threshold=0.7829, rsi_period=25, rvol_period=24, rvol_threshold=3.0975, sell_rsi=70.3114, stop_loss_pct=0.1469, take_profit_pct=0.0625
      change_vs_previous=adx_threshold: 39.7506 -> 35.5937; bb_period: 46 -> 43; bb_stddev: 4.0925 -> 4.3213; buy_rsi: 12.5881 -> 13.9197; cooldown_bars: 25 -> 28; max_cash_fraction: 0.1268 -> 0.1447; relative_strength_period: 34 -> 28; relative_strength_threshold: 0.2146 -> 0.7829; rsi_period: 32 -> 25; rvol_threshold: 2.128 -> 3.0975; sell_rsi: 69.4894 -> 70.3114; stop_loss_pct: 0.1283 -> 0.1469; take_profit_pct: 0.0795 -> 0.0625
      relative_profit=$-22,434.04, absolute_profit=$-17,956.70, buys=3566, score=(-40264.04, -3566, -6882), objective=-40,264.04
    Trial 098: window=2024-09-24 21:48 UTC -> 2024-12-23 21:48 UTC, months=[2024-09, 2024-10, 2024-11, 2024-12], symbols=[AAPL, ADBE, AEP, AMT, AON, BA, BLDP, CHRW, CRWD, CVNA, D, DHR, F, FCEL, GILD, GPN, HAL, HD, ITW, KSS, ... (+30 more)], proposal=optuna_tpe
      params=adx_period=7, adx_threshold=38.7551, bb_period=38, bb_stddev=2.6007, buy_rsi=12.9165, cooldown_bars=29, max_cash_fraction=0.087, relative_strength_period=45, relative_strength_threshold=0.2223, rsi_period=34, rvol_period=27, rvol_threshold=3.4172, sell_rsi=74.6465, stop_loss_pct=0.0992, take_profit_pct=0.0526
      change_vs_previous=adx_period: 21 -> 7; adx_threshold: 35.5937 -> 38.7551; bb_period: 43 -> 38; bb_stddev: 4.3213 -> 2.6007; buy_rsi: 13.9197 -> 12.9165; cooldown_bars: 28 -> 29; max_cash_fraction: 0.1447 -> 0.087; relative_strength_period: 28 -> 45; relative_strength_threshold: 0.7829 -> 0.2223; rsi_period: 25 -> 34; rvol_period: 24 -> 27; rvol_threshold: 3.0975 -> 3.4172; sell_rsi: 70.3114 -> 74.6465; stop_loss_pct: 0.1469 -> 0.0992; take_profit_pct: 0.0625 -> 0.0526
      relative_profit=$-2,894.57, absolute_profit=$1,182.18, buys=3154, score=(-18664.57, -3154, -6117), objective=-18,664.57
    Trial 099: window=2024-03-15 23:01 UTC -> 2024-06-13 23:01 UTC, months=[2024-03, 2024-04, 2024-05, 2024-06], symbols=[ALB, AMT, APA, APD, ASML, BBY, BKR, CHRW, CMCSA, CSX, CVX, ECL, EDIT, EL, ESTC, F, FISV, GPN, HAL, HLT, ... (+30 more)], proposal=optuna_tpe
      params=adx_period=20, adx_threshold=39.7624, bb_period=46, bb_stddev=3.7637, buy_rsi=15.1011, cooldown_bars=23, max_cash_fraction=0.1286, relative_strength_period=34, relative_strength_threshold=0.1113, rsi_period=36, rvol_period=24, rvol_threshold=2.9432, sell_rsi=71.9697, stop_loss_pct=0.1305, take_profit_pct=0.111
      change_vs_previous=adx_period: 7 -> 20; adx_threshold: 38.7551 -> 39.7624; bb_period: 38 -> 46; bb_stddev: 2.6007 -> 3.7637; buy_rsi: 12.9165 -> 15.1011; cooldown_bars: 29 -> 23; max_cash_fraction: 0.087 -> 0.1286; relative_strength_period: 45 -> 34; relative_strength_threshold: 0.2223 -> 0.1113; rsi_period: 34 -> 36; rvol_period: 27 -> 24; rvol_threshold: 3.4172 -> 2.9432; sell_rsi: 74.6465 -> 71.9697; stop_loss_pct: 0.0992 -> 0.1305; take_profit_pct: 0.0526 -> 0.111
      relative_profit=$-9,735.39, absolute_profit=$-3,358.88, buys=2659, score=(-23030.39, -2659, -5075), objective=-23,030.39
    Trial 100: window=2024-01-22 22:37 UTC -> 2024-04-19 23:59 UTC, months=[2024-01, 2024-02, 2024-03, 2024-04], symbols=[ABNB, AFRM, AMD, ARCT, AXP, BA, BMY, CHRW, COIN, COST, CVNA, CVX, D, DIA, DPZ, ECL, EMR, EXC, GE, GOOGL, ... (+30 more)], proposal=optuna_tpe
      params=adx_period=12, adx_threshold=37.6847, bb_period=43, bb_stddev=3.9396, buy_rsi=12.6697, cooldown_bars=29, max_cash_fraction=0.138, relative_strength_period=46, relative_strength_threshold=0.3428, rsi_period=34, rvol_period=21, rvol_threshold=3.8219, sell_rsi=69.829, stop_loss_pct=0.1039, take_profit_pct=0.0575
      change_vs_previous=adx_period: 20 -> 12; adx_threshold: 39.7624 -> 37.6847; bb_period: 46 -> 43; bb_stddev: 3.7637 -> 3.9396; buy_rsi: 15.1011 -> 12.6697; cooldown_bars: 23 -> 29; max_cash_fraction: 0.1286 -> 0.138; relative_strength_period: 34 -> 46; relative_strength_threshold: 0.1113 -> 0.3428; rsi_period: 36 -> 34; rvol_period: 24 -> 21; rvol_threshold: 2.9432 -> 3.8219; sell_rsi: 71.9697 -> 69.829; stop_loss_pct: 0.1305 -> 0.1039; take_profit_pct: 0.111 -> 0.0575
      relative_profit=$-2,249.05, absolute_profit=$42.72, buys=2746, score=(-15979.05, -2746, -5316), objective=-15,979.05
  Best Emperor_Penguin: relative_net=$72,734.35, trades=8521, params=adx_period=31, adx_threshold=27.5224, bb_period=36, bb_stddev=2.5579, buy_rsi=23.3048, cooldown_bars=12, max_cash_fraction=0.18, relative_strength_period=37, relative_strength_threshold=-2.9764, rsi_period=36, rvol_period=25, rvol_threshold=2.1424, sell_rsi=53.8939, stop_loss_pct=0.1299, take_profit_pct=0.1543

  Optimizing Adv_SELL_ALL
    Trial 001: window=2024-09-16 17:13 UTC -> 2024-12-14 00:59 UTC, months=[2024-09, 2024-10, 2024-11, 2024-12], symbols=[APA, BAC, BBAI, BKR, CAT, CHRW, CMCSA, CMG, COST, CRSP, CSX, DG, DIA, DUK, EXC, FAST, FCX, GM, HUBS, INTU, ... (+30 more)], proposal=initial_params
      params=adx_period=14, adx_threshold=25.0, bb_period=20, bb_stddev=2.0, buy_rsi=30.0, cooldown_bars=10, max_cash_fraction=0.05, relative_strength_period=20, relative_strength_threshold=0.0, rsi_period=13, rvol_period=20, rvol_threshold=2.0, sell_rsi=70.0, stop_loss_pct=0.04, take_profit_pct=0.08
      change_vs_previous=initial sample
      relative_profit=$-107,507.53, absolute_profit=$-99,986.38, buys=10337, score=(-159192.53, -10337, -20674), objective=-159,192.53
    Trial 002: window=2024-03-22 10:31 UTC -> 2024-06-20 10:31 UTC, months=[2024-03, 2024-04, 2024-05, 2024-06], symbols=[AAPL, BHP, BKR, BLK, BMY, CAN, CL, CMG, CRWD, CVNA, DOW, EA, ECL, ENPH, EXPD, FANG, GIS, HAL, HON, IWM, ... (+30 more)], proposal=random_warmup
      params=adx_period=20, adx_threshold=31.5337, bb_period=29, bb_stddev=4.674, buy_rsi=19.5915, cooldown_bars=19, max_cash_fraction=0.2305, relative_strength_period=39, relative_strength_threshold=-1.3832, rsi_period=27, rvol_period=11, rvol_threshold=5.1888, sell_rsi=79.1569, stop_loss_pct=0.1486, take_profit_pct=0.1186
      change_vs_previous=adx_period: 14 -> 20; adx_threshold: 25.0 -> 31.5337; bb_period: 20 -> 29; bb_stddev: 2.0 -> 4.674; buy_rsi: 30.0 -> 19.5915; cooldown_bars: 10 -> 19; max_cash_fraction: 0.05 -> 0.2305; relative_strength_period: 20 -> 39; relative_strength_threshold: 0.0 -> -1.3832; rsi_period: 13 -> 27; rvol_period: 20 -> 11; rvol_threshold: 2.0 -> 5.1888; sell_rsi: 70.0 -> 79.1569; stop_loss_pct: 0.04 -> 0.1486; take_profit_pct: 0.08 -> 0.1186
      relative_profit=$-18,894.09, absolute_profit=$-13,627.20, buys=1340, score=(-25594.09, -1340, -2680), objective=-25,594.09
    Trial 003: window=2024-04-01 18:14 UTC -> 2024-06-28 23:59 UTC, months=[2024-04, 2024-05, 2024-06], symbols=[AAPL, AEP, AI, APA, BBAI, BHP, BMY, CF, CSCO, DE, DIS, DKNG, DOCU, DOW, DUK, EDIT, EXPD, FCEL, FSLY, HD, ... (+30 more)], proposal=random_warmup
      params=adx_period=14, adx_threshold=31.3639, bb_period=41, bb_stddev=4.3872, buy_rsi=23.5927, cooldown_bars=1, max_cash_fraction=0.0819, relative_strength_period=9, relative_strength_threshold=-0.7274, rsi_period=18, rvol_period=26, rvol_threshold=1.1224, sell_rsi=45.3195, stop_loss_pct=0.1397, take_profit_pct=0.1174
      change_vs_previous=adx_period: 20 -> 14; adx_threshold: 31.5337 -> 31.3639; bb_period: 29 -> 41; bb_stddev: 4.674 -> 4.3872; buy_rsi: 19.5915 -> 23.5927; cooldown_bars: 19 -> 1; max_cash_fraction: 0.2305 -> 0.0819; relative_strength_period: 39 -> 9; relative_strength_threshold: -1.3832 -> -0.7274; rsi_period: 27 -> 18; rvol_period: 11 -> 26; rvol_threshold: 5.1888 -> 1.1224; sell_rsi: 79.1569 -> 45.3195; stop_loss_pct: 0.1486 -> 0.1397; take_profit_pct: 0.1186 -> 0.1174
      relative_profit=$-104,469.98, absolute_profit=$-99,995.87, buys=10028, score=(-154609.97999999998, -10028, -20056), objective=-154,609.98
    Trial 004: window=2024-08-28 09:52 UTC -> 2024-11-26 09:52 UTC, months=[2024-08, 2024-09, 2024-10, 2024-11], symbols=[AEP, AFRM, AMZN, ARCT, BALL, BBAI, BHP, CAN, CAT, CCI, CHWY, CSX, DE, DIA, DPZ, ETN, ETSY, KLAC, KR, KTOS, ... (+30 more)], proposal=random_warmup
      params=adx_period=12, adx_threshold=17.8376, bb_period=38, bb_stddev=2.4791, buy_rsi=39.1242, cooldown_bars=27, max_cash_fraction=0.1812, relative_strength_period=9, relative_strength_threshold=-1.6286, rsi_period=18, rvol_period=8, rvol_threshold=5.8204, sell_rsi=76.7756, stop_loss_pct=0.0779, take_profit_pct=0.1609
      change_vs_previous=adx_period: 14 -> 12; adx_threshold: 31.3639 -> 17.8376; bb_period: 41 -> 38; bb_stddev: 4.3872 -> 2.4791; buy_rsi: 23.5927 -> 39.1242; cooldown_bars: 1 -> 27; max_cash_fraction: 0.0819 -> 0.1812; relative_strength_threshold: -0.7274 -> -1.6286; rvol_period: 26 -> 8; rvol_threshold: 1.1224 -> 5.8204; sell_rsi: 45.3195 -> 76.7756; stop_loss_pct: 0.1397 -> 0.0779; take_profit_pct: 0.1174 -> 0.1609
      relative_profit=$-20,424.88, absolute_profit=$-14,158.50, buys=2269, score=(-31769.88, -2269, -4538), objective=-31,769.88
    Trial 005: window=2024-08-06 20:17 UTC -> 2024-11-04 20:17 UTC, months=[2024-08, 2024-09, 2024-10, 2024-11], symbols=[AES, AVGO, BALL, BBAI, CMG, COIN, CVX, DVN, EDIT, ETN, FCEL, GILD, HCA, ITW, JBHT, JPM, KSS, LI, LIN, LLY, ... (+30 more)], proposal=random_warmup
      params=adx_period=23, adx_threshold=13.1172, bb_period=10, bb_stddev=2.645, buy_rsi=31.5297, cooldown_bars=6, max_cash_fraction=0.1226, relative_strength_period=9, relative_strength_threshold=-2.9052, rsi_period=7, rvol_period=8, rvol_threshold=0.8129, sell_rsi=80.7626, stop_loss_pct=0.0407, take_profit_pct=0.0602
      change_vs_previous=adx_period: 12 -> 23; adx_threshold: 17.8376 -> 13.1172; bb_period: 38 -> 10; bb_stddev: 2.4791 -> 2.645; buy_rsi: 39.1242 -> 31.5297; cooldown_bars: 27 -> 6; max_cash_fraction: 0.1812 -> 0.1226; relative_strength_threshold: -1.6286 -> -2.9052; rsi_period: 18 -> 7; rvol_threshold: 5.8204 -> 0.8129; sell_rsi: 76.7756 -> 80.7626; stop_loss_pct: 0.0779 -> 0.0407; take_profit_pct: 0.1609 -> 0.0602
      relative_profit=$-109,291.92, absolute_profit=$-99,996.33, buys=10349, score=(-161036.91999999998, -10349, -20698), objective=-161,036.92
    Trial 006: window=2024-04-16 20:52 UTC -> 2024-07-15 20:52 UTC, months=[2024-04, 2024-05, 2024-06, 2024-07], symbols=[AAPL, ALB, APP, ASML, BEAM, BHP, BLK, BMY, BNTX, C, CHRW, COST, CRSP, CRWD, CSCO, DAL, DD, DHR, DUK, ECL, ... (+30 more)], proposal=random_warmup
      params=adx_period=29, adx_threshold=38.1973, bb_period=46, bb_stddev=1.0148, buy_rsi=32.4018, cooldown_bars=24, max_cash_fraction=0.1329, relative_strength_period=58, relative_strength_threshold=0.1415, rsi_period=16, rvol_period=37, rvol_threshold=1.7422, sell_rsi=83.8986, stop_loss_pct=0.071, take_profit_pct=0.1696
      change_vs_previous=adx_period: 23 -> 29; adx_threshold: 13.1172 -> 38.1973; bb_period: 10 -> 46; bb_stddev: 2.645 -> 1.0148; buy_rsi: 31.5297 -> 32.4018; cooldown_bars: 6 -> 24; max_cash_fraction: 0.1226 -> 0.1329; relative_strength_period: 9 -> 58; relative_strength_threshold: -2.9052 -> 0.1415; rsi_period: 7 -> 16; rvol_period: 8 -> 37; rvol_threshold: 0.8129 -> 1.7422; sell_rsi: 80.7626 -> 83.8986; stop_loss_pct: 0.0407 -> 0.071; take_profit_pct: 0.0602 -> 0.1696
      relative_profit=$-111,474.63, absolute_profit=$-99,991.00, buys=11482, score=(-168884.63, -11482, -22964), objective=-168,884.63
    Trial 007: window=2024-01-30 19:42 UTC -> 2024-04-29 19:42 UTC, months=[2024-01, 2024-02, 2024-03, 2024-04], symbols=[AI, AMT, ARCT, AVAV, AVGO, BBY, BILL, CB, CF, CL, CRSP, D, DD, DOW, ECL, FANG, GD, GE, GPN, HD, ... (+30 more)], proposal=random_warmup
      params=adx_period=26, adx_threshold=11.3741, bb_period=11, bb_stddev=2.8849, buy_rsi=33.5347, cooldown_bars=1, max_cash_fraction=0.1813, relative_strength_period=26, relative_strength_threshold=0.283, rsi_period=9, rvol_period=9, rvol_threshold=3.009, sell_rsi=66.0225, stop_loss_pct=0.0283, take_profit_pct=0.0386
      change_vs_previous=adx_period: 29 -> 26; adx_threshold: 38.1973 -> 11.3741; bb_period: 46 -> 11; bb_stddev: 1.0148 -> 2.8849; buy_rsi: 32.4018 -> 33.5347; cooldown_bars: 24 -> 1; max_cash_fraction: 0.1329 -> 0.1813; relative_strength_period: 58 -> 26; relative_strength_threshold: 0.1415 -> 0.283; rsi_period: 16 -> 9; rvol_period: 37 -> 9; rvol_threshold: 1.7422 -> 3.009; sell_rsi: 83.8986 -> 66.0225; stop_loss_pct: 0.071 -> 0.0283; take_profit_pct: 0.1696 -> 0.0386
      relative_profit=$-103,526.05, absolute_profit=$-99,999.24, buys=10137, score=(-154211.05, -10137, -20274), objective=-154,211.05
    Trial 008: window=2024-04-05 13:16 UTC -> 2024-07-03 20:59 UTC, months=[2024-04, 2024-05, 2024-06, 2024-07], symbols=[ADBE, AI, AVAV, BA, BILL, CB, CHWY, COP, CRSP, CVNA, DAL, DE, DIS, DOCU, DPZ, DUK, EMR, ESTC, ETSY, EXC, ... (+30 more)], proposal=random_warmup
      params=adx_period=26, adx_threshold=38.5089, bb_period=21, bb_stddev=3.8688, buy_rsi=29.5372, cooldown_bars=0, max_cash_fraction=0.1643, relative_strength_period=42, relative_strength_threshold=-2.0574, rsi_period=18, rvol_period=10, rvol_threshold=5.9263, sell_rsi=46.6177, stop_loss_pct=0.1196, take_profit_pct=0.0728
      change_vs_previous=adx_threshold: 11.3741 -> 38.5089; bb_period: 11 -> 21; bb_stddev: 2.8849 -> 3.8688; buy_rsi: 33.5347 -> 29.5372; cooldown_bars: 1 -> 0; max_cash_fraction: 0.1813 -> 0.1643; relative_strength_period: 26 -> 42; relative_strength_threshold: 0.283 -> -2.0574; rsi_period: 9 -> 18; rvol_period: 9 -> 10; rvol_threshold: 3.009 -> 5.9263; sell_rsi: 66.0225 -> 46.6177; stop_loss_pct: 0.0283 -> 0.1196; take_profit_pct: 0.0386 -> 0.0728
      relative_profit=$-96,227.97, absolute_profit=$-89,073.44, buys=9259, score=(-142522.97, -9259, -18518), objective=-142,522.97
    Trial 009: window=2024-02-28 18:14 UTC -> 2024-05-28 18:14 UTC, months=[2024-02, 2024-03, 2024-04, 2024-05], symbols=[AON, AXP, BALL, BBAI, BMY, BNTX, CME, COIN, CRM, CSCO, CSX, CVX, ECL, EMR, ENPH, FANG, GILD, GM, GOOGL, HAL, ... (+30 more)], proposal=random_warmup
      params=adx_period=21, adx_threshold=31.5946, bb_period=34, bb_stddev=2.4939, buy_rsi=39.6924, cooldown_bars=4, max_cash_fraction=0.1654, relative_strength_period=9, relative_strength_threshold=-0.2312, rsi_period=20, rvol_period=6, rvol_threshold=2.0433, sell_rsi=64.5646, stop_loss_pct=0.1466, take_profit_pct=0.0444
      change_vs_previous=adx_period: 26 -> 21; adx_threshold: 38.5089 -> 31.5946; bb_period: 21 -> 34; bb_stddev: 3.8688 -> 2.4939; buy_rsi: 29.5372 -> 39.6924; cooldown_bars: 0 -> 4; max_cash_fraction: 0.1643 -> 0.1654; relative_strength_period: 42 -> 9; relative_strength_threshold: -2.0574 -> -0.2312; rsi_period: 18 -> 20; rvol_period: 10 -> 6; rvol_threshold: 5.9263 -> 2.0433; sell_rsi: 46.6177 -> 64.5646; stop_loss_pct: 0.1196 -> 0.1466; take_profit_pct: 0.0728 -> 0.0444
      relative_profit=$-48,164.89, absolute_profit=$-43,612.21, buys=4167, score=(-68999.89, -4167, -8334), objective=-68,999.89
    Trial 010: window=2024-09-16 09:18 UTC -> 2024-12-14 00:59 UTC, months=[2024-09, 2024-10, 2024-11, 2024-12], symbols=[ABNB, AES, AFRM, APP, AVAV, AXP, CCI, CHRW, COIN, CSCO, DIA, ECL, EMR, EXC, HLT, HON, HOOD, HSY, INTC, JNJ, ... (+30 more)], proposal=random_warmup
      params=adx_period=34, adx_threshold=27.1114, bb_period=20, bb_stddev=3.8132, buy_rsi=10.5098, cooldown_bars=4, max_cash_fraction=0.1542, relative_strength_period=52, relative_strength_threshold=-1.3786, rsi_period=12, rvol_period=26, rvol_threshold=3.9475, sell_rsi=73.7685, stop_loss_pct=0.1467, take_profit_pct=0.0954
      change_vs_previous=adx_period: 21 -> 34; adx_threshold: 31.5946 -> 27.1114; bb_period: 34 -> 20; bb_stddev: 2.4939 -> 3.8132; buy_rsi: 39.6924 -> 10.5098; max_cash_fraction: 0.1654 -> 0.1542; relative_strength_period: 9 -> 52; relative_strength_threshold: -0.2312 -> -1.3786; rsi_period: 20 -> 12; rvol_period: 6 -> 26; rvol_threshold: 2.0433 -> 3.9475; sell_rsi: 64.5646 -> 73.7685; stop_loss_pct: 0.1466 -> 0.1467; take_profit_pct: 0.0444 -> 0.0954
      relative_profit=$-37,184.15, absolute_profit=$-29,905.34, buys=4149, score=(-57929.15, -4149, -8298), objective=-57,929.15
    Trial 011: window=2024-07-08 17:55 UTC -> 2024-10-04 23:59 UTC, months=[2024-07, 2024-08, 2024-09, 2024-10], symbols=[AAPL, APD, AVAV, BALL, BBAI, BBY, BILL, BLDP, BMY, CB, CSCO, CVNA, DD, DOCU, F, GREE, HAL, HCA, ICE, JNJ, ... (+30 more)], proposal=optuna_tpe
      params=adx_period=16, adx_threshold=33.1564, bb_period=34, bb_stddev=2.6971, buy_rsi=30.4895, cooldown_bars=18, max_cash_fraction=0.1877, relative_strength_period=34, relative_strength_threshold=-1.262, rsi_period=40, rvol_period=21, rvol_threshold=4.5734, sell_rsi=76.1471, stop_loss_pct=0.0822, take_profit_pct=0.0781
      change_vs_previous=adx_period: 34 -> 16; adx_threshold: 27.1114 -> 33.1564; bb_period: 20 -> 34; bb_stddev: 3.8132 -> 2.6971; buy_rsi: 10.5098 -> 30.4895; cooldown_bars: 4 -> 18; max_cash_fraction: 0.1542 -> 0.1877; relative_strength_period: 52 -> 34; relative_strength_threshold: -1.3786 -> -1.262; rsi_period: 12 -> 40; rvol_period: 26 -> 21; rvol_threshold: 3.9475 -> 4.5734; sell_rsi: 73.7685 -> 76.1471; stop_loss_pct: 0.1467 -> 0.0822; take_profit_pct: 0.0954 -> 0.0781
      relative_profit=$-11,909.67, absolute_profit=$-8,825.89, buys=2228, score=(-23049.67, -2228, -4456), objective=-23,049.67
    Trial 012: window=2024-07-01 16:43 UTC -> 2024-09-27 23:59 UTC, months=[2024-07, 2024-08, 2024-09], symbols=[AMAT, AMD, BABA, BILL, BKR, CAN, CB, CHRW, CRWD, CSX, DIA, EA, ED, ESTC, EXC, FAST, FSLY, GREE, IFF, INTU, ... (+30 more)], proposal=optuna_tpe
      params=adx_period=14, adx_threshold=34.7952, bb_period=35, bb_stddev=4.6655, buy_rsi=25.0713, cooldown_bars=14, max_cash_fraction=0.2161, relative_strength_period=31, relative_strength_threshold=0.0637, rsi_period=37, rvol_period=15, rvol_threshold=4.4223, sell_rsi=76.8207, stop_loss_pct=0.1272, take_profit_pct=0.1109
      change_vs_previous=adx_period: 16 -> 14; adx_threshold: 33.1564 -> 34.7952; bb_period: 34 -> 35; bb_stddev: 2.6971 -> 4.6655; buy_rsi: 30.4895 -> 25.0713; cooldown_bars: 18 -> 14; max_cash_fraction: 0.1877 -> 0.2161; relative_strength_period: 34 -> 31; relative_strength_threshold: -1.262 -> 0.0637; rsi_period: 40 -> 37; rvol_period: 21 -> 15; rvol_threshold: 4.5734 -> 4.4223; sell_rsi: 76.1471 -> 76.8207; stop_loss_pct: 0.0822 -> 0.1272; take_profit_pct: 0.0781 -> 0.1109
      relative_profit=$-1,704.82, absolute_profit=$2,979.58, buys=6502, score=(-34214.82, -6502, -13004), objective=-34,214.82
    Trial 013: window=2024-01-10 21:20 UTC -> 2024-04-09 21:20 UTC, months=[2024-01, 2024-02, 2024-03, 2024-04], symbols=[ABNB, AMT, APP, AVAV, AVGO, CSX, CVX, DD, DE, DOW, DVN, EA, EDIT, EL, EOG, EQIX, F, FCX, FIS, GS, ... (+30 more)], proposal=optuna_tpe
      params=adx_period=20, adx_threshold=29.8745, bb_period=35, bb_stddev=3.0965, buy_rsi=39.4223, cooldown_bars=15, max_cash_fraction=0.1623, relative_strength_period=21, relative_strength_threshold=-1.8171, rsi_period=31, rvol_period=24, rvol_threshold=4.5882, sell_rsi=73.0885, stop_loss_pct=0.1117, take_profit_pct=0.0969
      change_vs_previous=adx_period: 14 -> 20; adx_threshold: 34.7952 -> 29.8745; bb_stddev: 4.6655 -> 3.0965; buy_rsi: 25.0713 -> 39.4223; cooldown_bars: 14 -> 15; max_cash_fraction: 0.2161 -> 0.1623; relative_strength_period: 31 -> 21; relative_strength_threshold: 0.0637 -> -1.8171; rsi_period: 37 -> 31; rvol_period: 15 -> 24; rvol_threshold: 4.4223 -> 4.5882; sell_rsi: 76.8207 -> 73.0885; stop_loss_pct: 0.1272 -> 0.1117; take_profit_pct: 0.1109 -> 0.0969
      relative_profit=$-18,882.13, absolute_profit=$-9,852.81, buys=1914, score=(-28452.129999999997, -1914, -3828), objective=-28,452.13
    Trial 014: window=2024-01-03 21:55 UTC -> 2024-04-02 21:55 UTC, months=[2024-01, 2024-02, 2024-03, 2024-04], symbols=[AES, AMD, BBY, BKR, CCI, CHRW, CHWY, CMCSA, DOW, DUK, EA, EQIX, GILD, GIS, HAL, HLT, HSY, LYB, MARA, MCHP, ... (+30 more)], proposal=optuna_tpe
      params=adx_period=9, adx_threshold=36.9099, bb_period=35, bb_stddev=3.3385, buy_rsi=30.9955, cooldown_bars=23, max_cash_fraction=0.1436, relative_strength_period=33, relative_strength_threshold=-0.3233, rsi_period=37, rvol_period=19, rvol_threshold=4.1041, sell_rsi=77.128, stop_loss_pct=0.0658, take_profit_pct=0.0353
      change_vs_previous=adx_period: 20 -> 9; adx_threshold: 29.8745 -> 36.9099; bb_stddev: 3.0965 -> 3.3385; buy_rsi: 39.4223 -> 30.9955; cooldown_bars: 15 -> 23; max_cash_fraction: 0.1623 -> 0.1436; relative_strength_period: 21 -> 33; relative_strength_threshold: -1.8171 -> -0.3233; rsi_period: 31 -> 37; rvol_period: 24 -> 19; rvol_threshold: 4.5882 -> 4.1041; sell_rsi: 73.0885 -> 77.128; stop_loss_pct: 0.1117 -> 0.0658; take_profit_pct: 0.0969 -> 0.0353
      relative_profit=$-30,295.69, absolute_profit=$-19,625.63, buys=2042, score=(-40505.69, -2042, -4084), objective=-40,505.69
    Trial 015: window=2024-05-22 18:43 UTC -> 2024-08-20 18:43 UTC, months=[2024-05, 2024-06, 2024-07, 2024-08], symbols=[ABBV, AI, AMZN, AON, AVGO, BBAI, BE, BLDP, DAL, DDOG, DKNG, DOCU, DVN, EDIT, EQIX, F, FAST, FISV, GOOGL, HUBS, ... (+30 more)], proposal=optuna_tpe
      params=adx_period=17, adx_threshold=32.066, bb_period=18, bb_stddev=3.9452, buy_rsi=29.7915, cooldown_bars=17, max_cash_fraction=0.2429, relative_strength_period=34, relative_strength_threshold=-1.1592, rsi_period=22, rvol_period=11, rvol_threshold=4.4811, sell_rsi=77.3501, stop_loss_pct=0.0967, take_profit_pct=0.1668
      change_vs_previous=adx_period: 9 -> 17; adx_threshold: 36.9099 -> 32.066; bb_period: 35 -> 18; bb_stddev: 3.3385 -> 3.9452; buy_rsi: 30.9955 -> 29.7915; cooldown_bars: 23 -> 17; max_cash_fraction: 0.1436 -> 0.2429; relative_strength_period: 33 -> 34; relative_strength_threshold: -0.3233 -> -1.1592; rsi_period: 37 -> 22; rvol_period: 19 -> 11; rvol_threshold: 4.1041 -> 4.4811; sell_rsi: 77.128 -> 77.3501; stop_loss_pct: 0.0658 -> 0.0967; take_profit_pct: 0.0353 -> 0.1668
      relative_profit=$-7,989.62, absolute_profit=$-2,047.39, buys=2433, score=(-20154.62, -2433, -4866), objective=-20,154.62
    Trial 016: window=2024-08-26 14:54 UTC -> 2024-11-23 00:59 UTC, months=[2024-08, 2024-09, 2024-10, 2024-11], symbols=[AES, AI, CAN, CME, CMG, COST, CVNA, CVX, DIA, DOCU, DOW, DUK, EL, EQIX, ETN, FCX, FSLY, GILD, HON, HSY, ... (+30 more)], proposal=optuna_tpe
      params=adx_period=14, adx_threshold=37.6201, bb_period=30, bb_stddev=3.6172, buy_rsi=34.8667, cooldown_bars=20, max_cash_fraction=0.1778, relative_strength_period=35, relative_strength_threshold=-1.1593, rsi_period=20, rvol_period=20, rvol_threshold=4.334, sell_rsi=81.2831, stop_loss_pct=0.1048, take_profit_pct=0.0824
      change_vs_previous=adx_period: 17 -> 14; adx_threshold: 32.066 -> 37.6201; bb_period: 18 -> 30; bb_stddev: 3.9452 -> 3.6172; buy_rsi: 29.7915 -> 34.8667; cooldown_bars: 17 -> 20; max_cash_fraction: 0.2429 -> 0.1778; relative_strength_period: 34 -> 35; relative_strength_threshold: -1.1592 -> -1.1593; rsi_period: 22 -> 20; rvol_period: 11 -> 20; rvol_threshold: 4.4811 -> 4.334; sell_rsi: 77.3501 -> 81.2831; stop_loss_pct: 0.0967 -> 0.1048; take_profit_pct: 0.1668 -> 0.0824
      relative_profit=$-26,670.26, absolute_profit=$-20,357.03, buys=2638, score=(-39860.259999999995, -2638, -5276), objective=-39,860.26
    Trial 017: window=2024-07-30 18:16 UTC -> 2024-10-28 18:16 UTC, months=[2024-07, 2024-08, 2024-09, 2024-10], symbols=[AEP, AFRM, ALB, AON, APD, AVGO, AXP, BEAM, BKR, BLDP, CAN, CAT, CL, CMG, COIN, CRWD, CSX, D, DDOG, DE, ... (+30 more)], proposal=optuna_tpe
      params=adx_period=26, adx_threshold=35.3147, bb_period=20, bb_stddev=1.9061, buy_rsi=29.4725, cooldown_bars=19, max_cash_fraction=0.1596, relative_strength_period=37, relative_strength_threshold=-1.5596, rsi_period=29, rvol_period=23, rvol_threshold=5.5585, sell_rsi=81.5824, stop_loss_pct=0.0923, take_profit_pct=0.0658
      change_vs_previous=adx_period: 14 -> 26; adx_threshold: 37.6201 -> 35.3147; bb_period: 30 -> 20; bb_stddev: 3.6172 -> 1.9061; buy_rsi: 34.8667 -> 29.4725; cooldown_bars: 20 -> 19; max_cash_fraction: 0.1778 -> 0.1596; relative_strength_period: 35 -> 37; relative_strength_threshold: -1.1593 -> -1.5596; rsi_period: 20 -> 29; rvol_period: 20 -> 23; rvol_threshold: 4.334 -> 5.5585; sell_rsi: 81.2831 -> 81.5824; stop_loss_pct: 0.1048 -> 0.0923; take_profit_pct: 0.0824 -> 0.0658
      relative_profit=$-22,628.85, absolute_profit=$-15,406.77, buys=2004, score=(-32648.85, -2004, -4008), objective=-32,648.85
    Trial 018: window=2024-06-06 12:32 UTC -> 2024-09-04 12:32 UTC, months=[2024-06, 2024-07, 2024-08, 2024-09], symbols=[ABNB, AES, AVAV, BLK, CCI, COIN, CRM, CRSP, CSCO, CSX, CVX, DDOG, DKNG, FAST, FCEL, FIS, FSLY, HII, ICE, IFF, ... (+30 more)], proposal=optuna_tpe
      params=adx_period=19, adx_threshold=29.3102, bb_period=21, bb_stddev=3.3372, buy_rsi=27.1585, cooldown_bars=8, max_cash_fraction=0.2397, relative_strength_period=24, relative_strength_threshold=-2.2696, rsi_period=18, rvol_period=3, rvol_threshold=4.4499, sell_rsi=68.4067, stop_loss_pct=0.1245, take_profit_pct=0.1327
      change_vs_previous=adx_period: 26 -> 19; adx_threshold: 35.3147 -> 29.3102; bb_period: 20 -> 21; bb_stddev: 1.9061 -> 3.3372; buy_rsi: 29.4725 -> 27.1585; cooldown_bars: 19 -> 8; max_cash_fraction: 0.1596 -> 0.2397; relative_strength_period: 37 -> 24; relative_strength_threshold: -1.5596 -> -2.2696; rsi_period: 29 -> 18; rvol_period: 23 -> 3; rvol_threshold: 5.5585 -> 4.4499; sell_rsi: 81.5824 -> 68.4067; stop_loss_pct: 0.0923 -> 0.1245; take_profit_pct: 0.0658 -> 0.1327
      relative_profit=$-22,130.09, absolute_profit=$-19,324.32, buys=1499, score=(-29625.09, -1499, -2998), objective=-29,625.09
    Trial 019: window=2024-07-22 09:13 UTC -> 2024-10-18 23:59 UTC, months=[2024-07, 2024-08, 2024-09, 2024-10], symbols=[AMZN, APA, BBAI, BKR, BLDP, CAN, CMG, COIN, COST, CRWD, DD, DIS, DUK, EA, EDIT, ETSY, FAST, GM, GOOGL, GPN, ... (+30 more)], proposal=optuna_tpe
      params=adx_period=16, adx_threshold=35.6623, bb_period=14, bb_stddev=4.7065, buy_rsi=32.4367, cooldown_bars=19, max_cash_fraction=0.1746, relative_strength_period=36, relative_strength_threshold=-1.3523, rsi_period=25, rvol_period=13, rvol_threshold=3.6816, sell_rsi=72.7786, stop_loss_pct=0.1268, take_profit_pct=0.0594
      change_vs_previous=adx_period: 19 -> 16; adx_threshold: 29.3102 -> 35.6623; bb_period: 21 -> 14; bb_stddev: 3.3372 -> 4.7065; buy_rsi: 27.1585 -> 32.4367; cooldown_bars: 8 -> 19; max_cash_fraction: 0.2397 -> 0.1746; relative_strength_period: 24 -> 36; relative_strength_threshold: -2.2696 -> -1.3523; rsi_period: 18 -> 25; rvol_period: 3 -> 13; rvol_threshold: 4.4499 -> 3.6816; sell_rsi: 68.4067 -> 72.7786; stop_loss_pct: 0.1245 -> 0.1268; take_profit_pct: 0.1327 -> 0.0594
      relative_profit=$-17,256.92, absolute_profit=$-11,166.15, buys=2568, score=(-30096.92, -2568, -5136), objective=-30,096.92
    Trial 020: window=2024-05-17 23:30 UTC -> 2024-08-15 23:30 UTC, months=[2024-05, 2024-06, 2024-07, 2024-08], symbols=[AMZN, AON, APD, ARCT, BA, BBY, BHP, CMG, CSCO, D, DG, DIS, EMR, ESTC, FANG, LI, MARA, MP, MRNA, MSFT, ... (+30 more)], proposal=optuna_tpe
      params=adx_period=20, adx_threshold=34.5651, bb_period=18, bb_stddev=3.0294, buy_rsi=29.3741, cooldown_bars=18, max_cash_fraction=0.232, relative_strength_period=37, relative_strength_threshold=-2.1163, rsi_period=19, rvol_period=18, rvol_threshold=5.2822, sell_rsi=77.6207, stop_loss_pct=0.1317, take_profit_pct=0.199
      change_vs_previous=adx_period: 16 -> 20; adx_threshold: 35.6623 -> 34.5651; bb_period: 14 -> 18; bb_stddev: 4.7065 -> 3.0294; buy_rsi: 32.4367 -> 29.3741; cooldown_bars: 19 -> 18; max_cash_fraction: 0.1746 -> 0.232; relative_strength_period: 36 -> 37; relative_strength_threshold: -1.3523 -> -2.1163; rsi_period: 25 -> 19; rvol_period: 13 -> 18; rvol_threshold: 3.6816 -> 5.2822; sell_rsi: 72.7786 -> 77.6207; stop_loss_pct: 0.1268 -> 0.1317; take_profit_pct: 0.0594 -> 0.199
      relative_profit=$70,102.70, absolute_profit=$74,638.17, buys=2190, score=(59152.7, -2190, -4380), objective=59,152.70
    Trial 021: window=2024-07-10 08:13 UTC -> 2024-10-08 08:13 UTC, months=[2024-07, 2024-08, 2024-09, 2024-10], symbols=[AMAT, AMD, ASML, BABA, BKR, BLDP, C, CF, CMCSA, CME, COIN, COP, CVNA, ETN, ETSY, GPN, GS, HII, ICE, IWM, ... (+30 more)], proposal=optuna_tpe
      params=adx_period=22, adx_threshold=32.4385, bb_period=16, bb_stddev=3.6119, buy_rsi=29.9908, cooldown_bars=12, max_cash_fraction=0.2395, relative_strength_period=41, relative_strength_threshold=-1.7491, rsi_period=26, rvol_period=10, rvol_threshold=4.607, sell_rsi=63.5772, stop_loss_pct=0.1273, take_profit_pct=0.128
      change_vs_previous=adx_period: 20 -> 22; adx_threshold: 34.5651 -> 32.4385; bb_period: 18 -> 16; bb_stddev: 3.0294 -> 3.6119; buy_rsi: 29.3741 -> 29.9908; cooldown_bars: 18 -> 12; max_cash_fraction: 0.232 -> 0.2395; relative_strength_period: 37 -> 41; relative_strength_threshold: -2.1163 -> -1.7491; rsi_period: 19 -> 26; rvol_period: 18 -> 10; rvol_threshold: 5.2822 -> 4.607; sell_rsi: 77.6207 -> 63.5772; stop_loss_pct: 0.1317 -> 0.1273; take_profit_pct: 0.199 -> 0.128
      relative_profit=$20,969.80, absolute_profit=$23,026.06, buys=1998, score=(10979.800000000003, -1998, -3996), objective=10,979.80
    Trial 022: window=2024-05-02 21:33 UTC -> 2024-07-31 21:33 UTC, months=[2024-05, 2024-06, 2024-07], symbols=[ALB, AON, BEAM, BILL, CAN, CVNA, EA, ECL, ED, EOG, FCEL, FISV, GE, GOOGL, GREE, HII, IWM, JNJ, JPM, KLAC, ... (+30 more)], proposal=optuna_tpe
      params=adx_period=24, adx_threshold=33.2152, bb_period=11, bb_stddev=4.008, buy_rsi=23.2786, cooldown_bars=18, max_cash_fraction=0.2364, relative_strength_period=21, relative_strength_threshold=-1.791, rsi_period=17, rvol_period=25, rvol_threshold=5.5774, sell_rsi=74.7243, stop_loss_pct=0.1268, take_profit_pct=0.1664
      change_vs_previous=adx_period: 22 -> 24; adx_threshold: 32.4385 -> 33.2152; bb_period: 16 -> 11; bb_stddev: 3.6119 -> 4.008; buy_rsi: 29.9908 -> 23.2786; cooldown_bars: 12 -> 18; max_cash_fraction: 0.2395 -> 0.2364; relative_strength_period: 41 -> 21; relative_strength_threshold: -1.7491 -> -1.791; rsi_period: 26 -> 17; rvol_period: 10 -> 25; rvol_threshold: 4.607 -> 5.5774; sell_rsi: 63.5772 -> 74.7243; stop_loss_pct: 0.1273 -> 0.1268; take_profit_pct: 0.128 -> 0.1664
      relative_profit=$-4,176.50, absolute_profit=$4,726.83, buys=2396, score=(-16156.5, -2396, -4792), objective=-16,156.50
    Trial 023: window=2024-05-29 13:53 UTC -> 2024-08-27 13:53 UTC, months=[2024-05, 2024-06, 2024-07, 2024-08], symbols=[AMAT, AON, ARCT, AVGO, BBY, BILL, CCI, CL, CRSP, CSX, DAL, DD, DKNG, DOW, DUK, ENPH, F, FANG, GPN, HII, ... (+30 more)], proposal=optuna_tpe
      params=adx_period=24, adx_threshold=29.2117, bb_period=14, bb_stddev=4.3374, buy_rsi=25.0686, cooldown_bars=21, max_cash_fraction=0.2483, relative_strength_period=27, relative_strength_threshold=-2.562, rsi_period=18, rvol_period=14, rvol_threshold=5.4436, sell_rsi=63.6332, stop_loss_pct=0.0978, take_profit_pct=0.1819
      change_vs_previous=adx_threshold: 33.2152 -> 29.2117; bb_period: 11 -> 14; bb_stddev: 4.008 -> 4.3374; buy_rsi: 23.2786 -> 25.0686; cooldown_bars: 18 -> 21; max_cash_fraction: 0.2364 -> 0.2483; relative_strength_period: 21 -> 27; relative_strength_threshold: -1.791 -> -2.562; rsi_period: 17 -> 18; rvol_period: 25 -> 14; rvol_threshold: 5.5774 -> 5.4436; sell_rsi: 74.7243 -> 63.6332; stop_loss_pct: 0.1268 -> 0.0978; take_profit_pct: 0.1664 -> 0.1819
      relative_profit=$-8,781.30, absolute_profit=$-2,585.70, buys=2750, score=(-22531.3, -2750, -5500), objective=-22,531.30
    Trial 024: window=2024-01-11 16:29 UTC -> 2024-04-10 16:29 UTC, months=[2024-01, 2024-02, 2024-03, 2024-04], symbols=[ADM, AMAT, APP, BBAI, BKR, CB, CL, COP, DD, DVN, EOG, HCA, IWM, JBHT, JNJ, KMB, KR, KSS, LCID, LSTR, ... (+30 more)], proposal=optuna_tpe
      params=adx_period=20, adx_threshold=27.4904, bb_period=17, bb_stddev=4.5829, buy_rsi=23.2777, cooldown_bars=14, max_cash_fraction=0.2299, relative_strength_period=20, relative_strength_threshold=-1.1592, rsi_period=11, rvol_period=27, rvol_threshold=5.3324, sell_rsi=53.5371, stop_loss_pct=0.1157, take_profit_pct=0.1789
      change_vs_previous=adx_period: 24 -> 20; adx_threshold: 29.2117 -> 27.4904; bb_period: 14 -> 17; bb_stddev: 4.3374 -> 4.5829; buy_rsi: 25.0686 -> 23.2777; cooldown_bars: 21 -> 14; max_cash_fraction: 0.2483 -> 0.2299; relative_strength_period: 27 -> 20; relative_strength_threshold: -2.562 -> -1.1592; rsi_period: 18 -> 11; rvol_period: 14 -> 27; rvol_threshold: 5.4436 -> 5.3324; sell_rsi: 63.6332 -> 53.5371; stop_loss_pct: 0.0978 -> 0.1157; take_profit_pct: 0.1819 -> 0.1789
      relative_profit=$-108,466.27, absolute_profit=$-99,997.32, buys=10873, score=(-162831.27000000002, -10873, -21746), objective=-162,831.27
    Trial 025: window=2024-02-16 14:46 UTC -> 2024-05-16 14:46 UTC, months=[2024-02, 2024-03, 2024-04, 2024-05], symbols=[ABBV, AFRM, AMAT, AMD, BAC, CCI, CF, CHWY, CSCO, D, DHR, DIS, DKNG, ECL, EMR, ETSY, EXC, EXPD, FCX, FIS, ... (+30 more)], proposal=optuna_tpe
      params=adx_period=13, adx_threshold=38.2605, bb_period=19, bb_stddev=4.1245, buy_rsi=31.551, cooldown_bars=19, max_cash_fraction=0.2387, relative_strength_period=36, relative_strength_threshold=-2.3339, rsi_period=18, rvol_period=23, rvol_threshold=4.9521, sell_rsi=78.7469, stop_loss_pct=0.1209, take_profit_pct=0.1735
      change_vs_previous=adx_period: 20 -> 13; adx_threshold: 27.4904 -> 38.2605; bb_period: 17 -> 19; bb_stddev: 4.5829 -> 4.1245; buy_rsi: 23.2777 -> 31.551; cooldown_bars: 14 -> 19; max_cash_fraction: 0.2299 -> 0.2387; relative_strength_period: 20 -> 36; relative_strength_threshold: -1.1592 -> -2.3339; rsi_period: 11 -> 18; rvol_period: 27 -> 23; rvol_threshold: 5.3324 -> 4.9521; sell_rsi: 53.5371 -> 78.7469; stop_loss_pct: 0.1157 -> 0.1209; take_profit_pct: 0.1789 -> 0.1735
      relative_profit=$-27,706.96, absolute_profit=$-21,774.36, buys=2470, score=(-40056.96, -2470, -4940), objective=-40,056.96
    Trial 026: window=2024-08-19 19:55 UTC -> 2024-11-16 00:59 UTC, months=[2024-08, 2024-09, 2024-10, 2024-11], symbols=[ABNB, AEP, AON, AVGO, BA, BALL, BEAM, BNTX, CF, CME, DHR, DIA, DIS, DVN, FCEL, FSLY, GS, HD, HLT, IWM, ... (+30 more)], proposal=optuna_tpe
      params=adx_period=31, adx_threshold=34.0168, bb_period=11, bb_stddev=3.4479, buy_rsi=20.1385, cooldown_bars=20, max_cash_fraction=0.2145, relative_strength_period=36, relative_strength_threshold=-1.4412, rsi_period=21, rvol_period=25, rvol_threshold=5.8188, sell_rsi=73.3805, stop_loss_pct=0.1134, take_profit_pct=0.1232
      change_vs_previous=adx_period: 13 -> 31; adx_threshold: 38.2605 -> 34.0168; bb_period: 19 -> 11; bb_stddev: 4.1245 -> 3.4479; buy_rsi: 31.551 -> 20.1385; cooldown_bars: 19 -> 20; max_cash_fraction: 0.2387 -> 0.2145; relative_strength_threshold: -2.3339 -> -1.4412; rsi_period: 18 -> 21; rvol_period: 23 -> 25; rvol_threshold: 4.9521 -> 5.8188; sell_rsi: 78.7469 -> 73.3805; stop_loss_pct: 0.1209 -> 0.1134; take_profit_pct: 0.1735 -> 0.1232
      relative_profit=$-19,171.64, absolute_profit=$-14,377.27, buys=2049, score=(-29416.64, -2049, -4098), objective=-29,416.64
    Trial 027: window=2024-05-17 16:13 UTC -> 2024-08-15 16:13 UTC, months=[2024-05, 2024-06, 2024-07, 2024-08], symbols=[ARCT, AVAV, AXP, BBAI, CHWY, CSX, CVX, DDOG, DG, DIA, DPZ, EA, ECL, ED, EQIX, ESTC, ETSY, FCX, FSLY, INTC, ... (+30 more)], proposal=optuna_tpe
      params=adx_period=18, adx_threshold=35.8564, bb_period=17, bb_stddev=3.5268, buy_rsi=29.3254, cooldown_bars=17, max_cash_fraction=0.1947, relative_strength_period=21, relative_strength_threshold=-2.399, rsi_period=18, rvol_period=18, rvol_threshold=5.1785, sell_rsi=68.2581, stop_loss_pct=0.1165, take_profit_pct=0.1541
      change_vs_previous=adx_period: 31 -> 18; adx_threshold: 34.0168 -> 35.8564; bb_period: 11 -> 17; bb_stddev: 3.4479 -> 3.5268; buy_rsi: 20.1385 -> 29.3254; cooldown_bars: 20 -> 17; max_cash_fraction: 0.2145 -> 0.1947; relative_strength_period: 36 -> 21; relative_strength_threshold: -1.4412 -> -2.399; rsi_period: 21 -> 18; rvol_period: 25 -> 18; rvol_threshold: 5.8188 -> 5.1785; sell_rsi: 73.3805 -> 68.2581; stop_loss_pct: 0.1134 -> 0.1165; take_profit_pct: 0.1232 -> 0.1541
      relative_profit=$-26,947.25, absolute_profit=$-22,564.66, buys=2525, score=(-39572.25, -2525, -5050), objective=-39,572.25
    Trial 028: window=2024-04-23 21:42 UTC -> 2024-07-22 21:42 UTC, months=[2024-04, 2024-05, 2024-06, 2024-07], symbols=[ABNB, AMAT, AMZN, AON, AXP, BABA, BBY, BMY, CAN, CB, CHWY, CMCSA, CME, CRSP, DD, DHR, EDIT, EQIX, ETSY, FAST, ... (+30 more)], proposal=optuna_tpe
      params=adx_period=21, adx_threshold=30.7312, bb_period=23, bb_stddev=2.7115, buy_rsi=25.1756, cooldown_bars=18, max_cash_fraction=0.235, relative_strength_period=21, relative_strength_threshold=-1.4279, rsi_period=19, rvol_period=23, rvol_threshold=5.4595, sell_rsi=82.4808, stop_loss_pct=0.1194, take_profit_pct=0.1644
      change_vs_previous=adx_period: 18 -> 21; adx_threshold: 35.8564 -> 30.7312; bb_period: 17 -> 23; bb_stddev: 3.5268 -> 2.7115; buy_rsi: 29.3254 -> 25.1756; cooldown_bars: 17 -> 18; max_cash_fraction: 0.1947 -> 0.235; relative_strength_threshold: -2.399 -> -1.4279; rsi_period: 18 -> 19; rvol_period: 18 -> 23; rvol_threshold: 5.1785 -> 5.4595; sell_rsi: 68.2581 -> 82.4808; stop_loss_pct: 0.1165 -> 0.1194; take_profit_pct: 0.1541 -> 0.1644
      relative_profit=$-22,838.31, absolute_profit=$-13,471.24, buys=2252, score=(-34098.31, -2252, -4504), objective=-34,098.31
    Trial 029: window=2024-06-12 21:17 UTC -> 2024-09-10 21:17 UTC, months=[2024-06, 2024-07, 2024-08, 2024-09], symbols=[AVAV, BA, BABA, CAN, CAT, CCI, CL, CMCSA, CMG, CRWD, DG, DIA, ECL, EL, FISV, GOOGL, HUBS, KMI, LMT, MDB, ... (+30 more)], proposal=optuna_tpe
      params=adx_period=22, adx_threshold=34.9641, bb_period=10, bb_stddev=3.7807, buy_rsi=19.7017, cooldown_bars=15, max_cash_fraction=0.2176, relative_strength_period=34, relative_strength_threshold=-2.8059, rsi_period=15, rvol_period=20, rvol_threshold=4.6591, sell_rsi=72.018, stop_loss_pct=0.1497, take_profit_pct=0.1751
      change_vs_previous=adx_period: 21 -> 22; adx_threshold: 30.7312 -> 34.9641; bb_period: 23 -> 10; bb_stddev: 2.7115 -> 3.7807; buy_rsi: 25.1756 -> 19.7017; cooldown_bars: 18 -> 15; max_cash_fraction: 0.235 -> 0.2176; relative_strength_period: 21 -> 34; relative_strength_threshold: -1.4279 -> -2.8059; rsi_period: 19 -> 15; rvol_period: 23 -> 20; rvol_threshold: 5.4595 -> 4.6591; sell_rsi: 82.4808 -> 72.018; stop_loss_pct: 0.1194 -> 0.1497; take_profit_pct: 0.1644 -> 0.1751
      relative_profit=$70,263.73, absolute_profit=$71,457.24, buys=3076, score=(54883.73000000001, -3076, -6152), objective=54,883.73
    Trial 030: window=2024-03-25 10:07 UTC -> 2024-06-21 23:59 UTC, months=[2024-03, 2024-04, 2024-05, 2024-06], symbols=[ABNB, AES, AFRM, AI, ALB, AMZN, BA, CAT, CB, CCI, CHRW, CRSP, CSX, CVNA, CVX, DE, DKNG, EXC, FAST, FCX, ... (+30 more)], proposal=optuna_tpe
      params=adx_period=22, adx_threshold=37.9548, bb_period=18, bb_stddev=2.687, buy_rsi=22.9665, cooldown_bars=10, max_cash_fraction=0.2124, relative_strength_period=32, relative_strength_threshold=-2.01, rsi_period=16, rvol_period=11, rvol_threshold=5.8331, sell_rsi=80.564, stop_loss_pct=0.1469, take_profit_pct=0.1574
      change_vs_previous=adx_threshold: 34.9641 -> 37.9548; bb_period: 10 -> 18; bb_stddev: 3.7807 -> 2.687; buy_rsi: 19.7017 -> 22.9665; cooldown_bars: 15 -> 10; max_cash_fraction: 0.2176 -> 0.2124; relative_strength_period: 34 -> 32; relative_strength_threshold: -2.8059 -> -2.01; rsi_period: 15 -> 16; rvol_period: 20 -> 11; rvol_threshold: 4.6591 -> 5.8331; sell_rsi: 72.018 -> 80.564; stop_loss_pct: 0.1497 -> 0.1469; take_profit_pct: 0.1751 -> 0.1574
      relative_profit=$-28,058.37, absolute_profit=$-23,457.69, buys=2148, score=(-38798.369999999995, -2148, -4296), objective=-38,798.37
    Trial 031: window=2024-05-15 23:04 UTC -> 2024-08-13 23:04 UTC, months=[2024-05, 2024-06, 2024-07, 2024-08], symbols=[ADM, ALB, AMAT, AMD, ARCT, BALL, BHP, BILL, CHRW, COST, CVX, EA, EDIT, EOG, ETN, GD, GE, GPN, INTU, KHC, ... (+30 more)], proposal=optuna_tpe
      params=adx_period=19, adx_threshold=34.3938, bb_period=16, bb_stddev=3.5989, buy_rsi=32.4553, cooldown_bars=13, max_cash_fraction=0.2175, relative_strength_period=51, relative_strength_threshold=-2.2089, rsi_period=18, rvol_period=10, rvol_threshold=5.2378, sell_rsi=69.9851, stop_loss_pct=0.1246, take_profit_pct=0.1412
      change_vs_previous=adx_period: 22 -> 19; adx_threshold: 37.9548 -> 34.3938; bb_period: 18 -> 16; bb_stddev: 2.687 -> 3.5989; buy_rsi: 22.9665 -> 32.4553; cooldown_bars: 10 -> 13; max_cash_fraction: 0.2124 -> 0.2175; relative_strength_period: 32 -> 51; relative_strength_threshold: -2.01 -> -2.2089; rsi_period: 16 -> 18; rvol_period: 11 -> 10; rvol_threshold: 5.8331 -> 5.2378; sell_rsi: 80.564 -> 69.9851; stop_loss_pct: 0.1469 -> 0.1246; take_profit_pct: 0.1574 -> 0.1412
      relative_profit=$-23,935.81, absolute_profit=$-21,732.11, buys=2202, score=(-34945.81, -2202, -4404), objective=-34,945.81
    Trial 032: window=2024-08-09 13:24 UTC -> 2024-11-07 13:24 UTC, months=[2024-08, 2024-09, 2024-10, 2024-11], symbols=[ALB, APD, BA, BABA, BILL, CHRW, COP, CVNA, DAL, DHR, DIA, EMR, ENPH, EOG, EXPD, F, GOOGL, HAL, HCA, HOOD, ... (+30 more)], proposal=optuna_tpe
      params=adx_period=28, adx_threshold=36.598, bb_period=10, bb_stddev=4.0964, buy_rsi=23.7376, cooldown_bars=15, max_cash_fraction=0.2484, relative_strength_period=10, relative_strength_threshold=-2.1477, rsi_period=20, rvol_period=19, rvol_threshold=5.8369, sell_rsi=70.4982, stop_loss_pct=0.1226, take_profit_pct=0.1696
      change_vs_previous=adx_period: 19 -> 28; adx_threshold: 34.3938 -> 36.598; bb_period: 16 -> 10; bb_stddev: 3.5989 -> 4.0964; buy_rsi: 32.4553 -> 23.7376; cooldown_bars: 13 -> 15; max_cash_fraction: 0.2175 -> 0.2484; relative_strength_period: 51 -> 10; relative_strength_threshold: -2.2089 -> -2.1477; rsi_period: 18 -> 20; rvol_period: 10 -> 19; rvol_threshold: 5.2378 -> 5.8369; sell_rsi: 69.9851 -> 70.4982; stop_loss_pct: 0.1246 -> 0.1226; take_profit_pct: 0.1412 -> 0.1696
      relative_profit=$-15,669.08, absolute_profit=$-3,748.23, buys=2058, score=(-25959.08, -2058, -4116), objective=-25,959.08
    Trial 033: window=2024-02-05 11:23 UTC -> 2024-05-03 23:59 UTC, months=[2024-02, 2024-03, 2024-04, 2024-05], symbols=[ADBE, AEP, APA, AVGO, BAC, BLK, CF, COIN, COST, CRM, CRSP, CSCO, D, DD, DOCU, DVN, ED, EDIT, EMR, ETN, ... (+30 more)], proposal=optuna_tpe
      params=adx_period=23, adx_threshold=28.3898, bb_period=12, bb_stddev=3.3043, buy_rsi=16.9975, cooldown_bars=12, max_cash_fraction=0.2421, relative_strength_period=43, relative_strength_threshold=-2.4425, rsi_period=15, rvol_period=17, rvol_threshold=4.2897, sell_rsi=77.2127, stop_loss_pct=0.1249, take_profit_pct=0.1614
      change_vs_previous=adx_period: 28 -> 23; adx_threshold: 36.598 -> 28.3898; bb_period: 10 -> 12; bb_stddev: 4.0964 -> 3.3043; buy_rsi: 23.7376 -> 16.9975; cooldown_bars: 15 -> 12; max_cash_fraction: 0.2484 -> 0.2421; relative_strength_period: 10 -> 43; relative_strength_threshold: -2.1477 -> -2.4425; rsi_period: 20 -> 15; rvol_period: 19 -> 17; rvol_threshold: 5.8369 -> 4.2897; sell_rsi: 70.4982 -> 77.2127; stop_loss_pct: 0.1226 -> 0.1249; take_profit_pct: 0.1696 -> 0.1614
      relative_profit=$-21,200.81, absolute_profit=$-17,455.91, buys=2945, score=(-35925.81, -2945, -5890), objective=-35,925.81
    Trial 034: window=2024-05-28 22:21 UTC -> 2024-08-26 22:21 UTC, months=[2024-05, 2024-06, 2024-07, 2024-08], symbols=[ADM, AMD, AON, ARCT, BE, BEAM, BHP, CF, CMCSA, CSCO, DE, EA, ED, ENPH, ESTC, GM, GS, HII, JPM, LAC, ... (+30 more)], proposal=optuna_tpe
      params=adx_period=25, adx_threshold=33.4275, bb_period=22, bb_stddev=3.723, buy_rsi=25.0474, cooldown_bars=11, max_cash_fraction=0.2346, relative_strength_period=37, relative_strength_threshold=-1.6365, rsi_period=10, rvol_period=17, rvol_threshold=5.0277, sell_rsi=76.899, stop_loss_pct=0.1218, take_profit_pct=0.1729
      change_vs_previous=adx_period: 23 -> 25; adx_threshold: 28.3898 -> 33.4275; bb_period: 12 -> 22; bb_stddev: 3.3043 -> 3.723; buy_rsi: 16.9975 -> 25.0474; cooldown_bars: 12 -> 11; max_cash_fraction: 0.2421 -> 0.2346; relative_strength_period: 43 -> 37; relative_strength_threshold: -2.4425 -> -1.6365; rsi_period: 15 -> 10; rvol_threshold: 4.2897 -> 5.0277; sell_rsi: 77.2127 -> 76.899; stop_loss_pct: 0.1249 -> 0.1218; take_profit_pct: 0.1614 -> 0.1729
      relative_profit=$-53,154.02, absolute_profit=$-47,450.69, buys=5053, score=(-78419.02, -5053, -10106), objective=-78,419.02
    Trial 035: window=2024-02-21 20:23 UTC -> 2024-05-21 20:23 UTC, months=[2024-02, 2024-03, 2024-04, 2024-05], symbols=[ABNB, BABA, BHP, CAN, CB, CMCSA, COIN, CRM, DDOG, DHR, DOW, DUK, EA, EQIX, GE, HII, ITW, IWM, KMB, LIN, ... (+30 more)], proposal=optuna_tpe
      params=adx_period=24, adx_threshold=29.8897, bb_period=11, bb_stddev=2.773, buy_rsi=22.7402, cooldown_bars=15, max_cash_fraction=0.2351, relative_strength_period=42, relative_strength_threshold=-2.5495, rsi_period=18, rvol_period=14, rvol_threshold=4.1778, sell_rsi=70.1715, stop_loss_pct=0.1386, take_profit_pct=0.136
      change_vs_previous=adx_period: 25 -> 24; adx_threshold: 33.4275 -> 29.8897; bb_period: 22 -> 11; bb_stddev: 3.723 -> 2.773; buy_rsi: 25.0474 -> 22.7402; cooldown_bars: 11 -> 15; max_cash_fraction: 0.2346 -> 0.2351; relative_strength_period: 37 -> 42; relative_strength_threshold: -1.6365 -> -2.5495; rsi_period: 10 -> 18; rvol_period: 17 -> 14; rvol_threshold: 5.0277 -> 4.1778; sell_rsi: 76.899 -> 70.1715; stop_loss_pct: 0.1218 -> 0.1386; take_profit_pct: 0.1729 -> 0.136
      relative_profit=$-30,006.97, absolute_profit=$-22,497.39, buys=2657, score=(-43291.97, -2657, -5314), objective=-43,291.97
    Trial 036: window=2024-06-27 22:31 UTC -> 2024-09-25 22:31 UTC, months=[2024-06, 2024-07, 2024-08, 2024-09], symbols=[ABBV, AON, APD, AVAV, AXP, BABA, BLDP, CSCO, D, DAL, DD, DIA, DOCU, DPZ, DUK, EDIT, EMR, FCX, HD, HLT, ... (+30 more)], proposal=optuna_tpe
      params=adx_period=23, adx_threshold=30.7145, bb_period=15, bb_stddev=3.1407, buy_rsi=26.7911, cooldown_bars=19, max_cash_fraction=0.2068, relative_strength_period=28, relative_strength_threshold=-2.0375, rsi_period=18, rvol_period=22, rvol_threshold=5.4694, sell_rsi=73.7487, stop_loss_pct=0.1211, take_profit_pct=0.132
      change_vs_previous=adx_period: 24 -> 23; adx_threshold: 29.8897 -> 30.7145; bb_period: 11 -> 15; bb_stddev: 2.773 -> 3.1407; buy_rsi: 22.7402 -> 26.7911; cooldown_bars: 15 -> 19; max_cash_fraction: 0.2351 -> 0.2068; relative_strength_period: 42 -> 28; relative_strength_threshold: -2.5495 -> -2.0375; rvol_period: 14 -> 22; rvol_threshold: 4.1778 -> 5.4694; sell_rsi: 70.1715 -> 73.7487; stop_loss_pct: 0.1386 -> 0.1211; take_profit_pct: 0.136 -> 0.132
      relative_profit=$-21,255.42, absolute_profit=$-16,998.92, buys=2421, score=(-33360.42, -2421, -4842), objective=-33,360.42
    Trial 037: window=2024-08-05 10:49 UTC -> 2024-11-01 23:59 UTC, months=[2024-08, 2024-09, 2024-10, 2024-11], symbols=[ALB, AMD, AMT, BA, BBAI, CF, CHWY, CL, COIN, CVNA, DAL, DDOG, ECL, ESTC, FCEL, FSLY, GE, GS, ITW, KLAC, ... (+30 more)], proposal=optuna_tpe
      params=adx_period=18, adx_threshold=37.0081, bb_period=13, bb_stddev=4.0894, buy_rsi=26.5188, cooldown_bars=13, max_cash_fraction=0.2208, relative_strength_period=49, relative_strength_threshold=-2.2324, rsi_period=19, rvol_period=22, rvol_threshold=4.3963, sell_rsi=63.3334, stop_loss_pct=0.1455, take_profit_pct=0.153
      change_vs_previous=adx_period: 23 -> 18; adx_threshold: 30.7145 -> 37.0081; bb_period: 15 -> 13; bb_stddev: 3.1407 -> 4.0894; buy_rsi: 26.7911 -> 26.5188; cooldown_bars: 19 -> 13; max_cash_fraction: 0.2068 -> 0.2208; relative_strength_period: 28 -> 49; relative_strength_threshold: -2.0375 -> -2.2324; rsi_period: 18 -> 19; rvol_threshold: 5.4694 -> 4.3963; sell_rsi: 73.7487 -> 63.3334; stop_loss_pct: 0.1211 -> 0.1455; take_profit_pct: 0.132 -> 0.153
      relative_profit=$23,422.94, absolute_profit=$33,767.05, buys=3089, score=(7977.940000000002, -3089, -6178), objective=7,977.94
    Trial 038: window=2024-09-10 21:34 UTC -> 2024-12-09 21:34 UTC, months=[2024-09, 2024-10, 2024-11, 2024-12], symbols=[ALB, AMZN, AON, BALL, BE, BEAM, BHP, BKR, CCI, CHWY, COIN, COP, CVNA, DAL, DE, DPZ, DUK, EDIT, ETSY, FCEL, ... (+30 more)], proposal=optuna_tpe
      params=adx_period=14, adx_threshold=32.9755, bb_period=15, bb_stddev=4.4486, buy_rsi=23.7208, cooldown_bars=12, max_cash_fraction=0.2032, relative_strength_period=52, relative_strength_threshold=-2.5837, rsi_period=24, rvol_period=26, rvol_threshold=5.6191, sell_rsi=62.1197, stop_loss_pct=0.1232, take_profit_pct=0.1355
      change_vs_previous=adx_period: 18 -> 14; adx_threshold: 37.0081 -> 32.9755; bb_period: 13 -> 15; bb_stddev: 4.0894 -> 4.4486; buy_rsi: 26.5188 -> 23.7208; cooldown_bars: 13 -> 12; max_cash_fraction: 0.2208 -> 0.2032; relative_strength_period: 49 -> 52; relative_strength_threshold: -2.2324 -> -2.5837; rsi_period: 19 -> 24; rvol_period: 22 -> 26; rvol_threshold: 4.3963 -> 5.6191; sell_rsi: 63.3334 -> 62.1197; stop_loss_pct: 0.1455 -> 0.1232; take_profit_pct: 0.153 -> 0.1355
      relative_profit=$-14,894.84, absolute_profit=$-4,769.58, buys=2143, score=(-25609.84, -2143, -4286), objective=-25,609.84
    Trial 039: window=2024-01-04 18:50 UTC -> 2024-04-03 18:50 UTC, months=[2024-01, 2024-02, 2024-03, 2024-04], symbols=[AAPL, ABBV, ABNB, AI, AVGO, BA, BEAM, BLK, CHWY, DD, DIS, DOW, DPZ, EOG, ETN, ETSY, HCA, HD, KLAC, KO, ... (+30 more)], proposal=optuna_tpe
      params=adx_period=19, adx_threshold=38.3124, bb_period=14, bb_stddev=3.9607, buy_rsi=18.1326, cooldown_bars=18, max_cash_fraction=0.2036, relative_strength_period=35, relative_strength_threshold=-2.6437, rsi_period=20, rvol_period=23, rvol_threshold=4.8239, sell_rsi=74.7345, stop_loss_pct=0.1337, take_profit_pct=0.1028
      change_vs_previous=adx_period: 14 -> 19; adx_threshold: 32.9755 -> 38.3124; bb_period: 15 -> 14; bb_stddev: 4.4486 -> 3.9607; buy_rsi: 23.7208 -> 18.1326; cooldown_bars: 12 -> 18; max_cash_fraction: 0.2032 -> 0.2036; relative_strength_period: 52 -> 35; relative_strength_threshold: -2.5837 -> -2.6437; rsi_period: 24 -> 20; rvol_period: 26 -> 23; rvol_threshold: 5.6191 -> 4.8239; sell_rsi: 62.1197 -> 74.7345; stop_loss_pct: 0.1232 -> 0.1337; take_profit_pct: 0.1355 -> 0.1028
      relative_profit=$-20,487.27, absolute_profit=$-9,745.69, buys=2192, score=(-31447.27, -2192, -4384), objective=-31,447.27
    Trial 040: window=2024-06-28 23:59 UTC -> 2024-09-26 23:59 UTC, months=[2024-06, 2024-07, 2024-08, 2024-09], symbols=[ADBE, ADM, AMAT, AMD, APA, ARCT, BKR, CAN, CB, CL, CSCO, DDOG, DG, EXC, F, FANG, GE, GILD, GIS, HCA, ... (+30 more)], proposal=optuna_tpe
      params=adx_period=27, adx_threshold=28.5968, bb_period=13, bb_stddev=3.7852, buy_rsi=18.8961, cooldown_bars=11, max_cash_fraction=0.2267, relative_strength_period=43, relative_strength_threshold=-2.721, rsi_period=18, rvol_period=22, rvol_threshold=5.0536, sell_rsi=77.6251, stop_loss_pct=0.1439, take_profit_pct=0.1718
      change_vs_previous=adx_period: 19 -> 27; adx_threshold: 38.3124 -> 28.5968; bb_period: 14 -> 13; bb_stddev: 3.9607 -> 3.7852; buy_rsi: 18.1326 -> 18.8961; cooldown_bars: 18 -> 11; max_cash_fraction: 0.2036 -> 0.2267; relative_strength_period: 35 -> 43; relative_strength_threshold: -2.6437 -> -2.721; rsi_period: 20 -> 18; rvol_period: 23 -> 22; rvol_threshold: 4.8239 -> 5.0536; sell_rsi: 74.7345 -> 77.6251; stop_loss_pct: 0.1337 -> 0.1439; take_profit_pct: 0.1028 -> 0.1718
      relative_profit=$-25,593.86, absolute_profit=$-20,628.48, buys=2532, score=(-38253.86, -2532, -5064), objective=-38,253.86
    Trial 041: window=2024-09-05 23:55 UTC -> 2024-12-04 23:55 UTC, months=[2024-09, 2024-10, 2024-11, 2024-12], symbols=[ABNB, AMT, AON, AXP, BABA, BBAI, BILL, BNTX, C, CB, CME, CMG, CRWD, DD, ESTC, GILD, GIS, HUBS, ICE, JBHT, ... (+30 more)], proposal=optuna_tpe
      params=adx_period=27, adx_threshold=31.9534, bb_period=16, bb_stddev=3.3713, buy_rsi=19.1412, cooldown_bars=10, max_cash_fraction=0.2288, relative_strength_period=29, relative_strength_threshold=-2.8908, rsi_period=14, rvol_period=18, rvol_threshold=3.9629, sell_rsi=67.8182, stop_loss_pct=0.1491, take_profit_pct=0.1907
      change_vs_previous=adx_threshold: 28.5968 -> 31.9534; bb_period: 13 -> 16; bb_stddev: 3.7852 -> 3.3713; buy_rsi: 18.8961 -> 19.1412; cooldown_bars: 11 -> 10; max_cash_fraction: 0.2267 -> 0.2288; relative_strength_period: 43 -> 29; relative_strength_threshold: -2.721 -> -2.8908; rsi_period: 18 -> 14; rvol_period: 22 -> 18; rvol_threshold: 5.0536 -> 3.9629; sell_rsi: 77.6251 -> 67.8182; stop_loss_pct: 0.1439 -> 0.1491; take_profit_pct: 0.1718 -> 0.1907
      relative_profit=$-40,649.60, absolute_profit=$-30,091.75, buys=4378, score=(-62539.6, -4378, -8756), objective=-62,539.60
    Trial 042: window=2024-09-17 11:04 UTC -> 2024-12-16 11:04 UTC, months=[2024-09, 2024-10, 2024-11, 2024-12], symbols=[AEP, AES, AMZN, APP, AXP, BALL, BBY, BEAM, BHP, BKR, BLDP, CMG, COP, COST, CRWD, DE, DG, DOCU, FISV, GE, ... (+30 more)], proposal=optuna_tpe
      params=adx_period=23, adx_threshold=37.9401, bb_period=13, bb_stddev=3.7617, buy_rsi=22.4158, cooldown_bars=11, max_cash_fraction=0.2238, relative_strength_period=29, relative_strength_threshold=-2.3661, rsi_period=12, rvol_period=24, rvol_threshold=4.792, sell_rsi=76.798, stop_loss_pct=0.1476, take_profit_pct=0.1371
      change_vs_previous=adx_period: 27 -> 23; adx_threshold: 31.9534 -> 37.9401; bb_period: 16 -> 13; bb_stddev: 3.3713 -> 3.7617; buy_rsi: 19.1412 -> 22.4158; cooldown_bars: 10 -> 11; max_cash_fraction: 0.2288 -> 0.2238; relative_strength_threshold: -2.8908 -> -2.3661; rsi_period: 14 -> 12; rvol_period: 18 -> 24; rvol_threshold: 3.9629 -> 4.792; sell_rsi: 67.8182 -> 76.798; stop_loss_pct: 0.1491 -> 0.1476; take_profit_pct: 0.1907 -> 0.1371
      relative_profit=$-37,577.58, absolute_profit=$-30,355.97, buys=3926, score=(-57207.58, -3926, -7852), objective=-57,207.58
    Trial 043: window=2024-05-23 09:57 UTC -> 2024-08-21 09:57 UTC, months=[2024-05, 2024-06, 2024-07, 2024-08], symbols=[ABBV, ADBE, ADM, AVGO, BBAI, BE, BLK, CRM, DVN, EA, EQIX, FIS, FSLY, GIS, GOOGL, GPN, GS, HII, HOOD, HUBS, ... (+30 more)], proposal=optuna_tpe
      params=adx_period=25, adx_threshold=32.9484, bb_period=13, bb_stddev=4.0348, buy_rsi=15.2445, cooldown_bars=11, max_cash_fraction=0.2496, relative_strength_period=35, relative_strength_threshold=-2.6084, rsi_period=18, rvol_period=14, rvol_threshold=5.0903, sell_rsi=66.2738, stop_loss_pct=0.1364, take_profit_pct=0.168
      change_vs_previous=adx_period: 23 -> 25; adx_threshold: 37.9401 -> 32.9484; bb_stddev: 3.7617 -> 4.0348; buy_rsi: 22.4158 -> 15.2445; max_cash_fraction: 0.2238 -> 0.2496; relative_strength_period: 29 -> 35; relative_strength_threshold: -2.3661 -> -2.6084; rsi_period: 12 -> 18; rvol_period: 24 -> 14; rvol_threshold: 4.792 -> 5.0903; sell_rsi: 76.798 -> 66.2738; stop_loss_pct: 0.1476 -> 0.1364; take_profit_pct: 0.1371 -> 0.168
      relative_profit=$1,437.97, absolute_profit=$6,289.17, buys=2408, score=(-10602.029999999999, -2408, -4816), objective=-10,602.03
    Trial 044: window=2024-08-01 15:14 UTC -> 2024-10-30 15:14 UTC, months=[2024-08, 2024-09, 2024-10], symbols=[AMAT, AMD, APA, AXP, BA, BKR, COP, CSCO, CVNA, D, DHR, DOCU, DPZ, DUK, EXC, F, FANG, FAST, FSLY, GD, ... (+30 more)], proposal=optuna_tpe
      params=adx_period=21, adx_threshold=39.9864, bb_period=11, bb_stddev=4.091, buy_rsi=16.189, cooldown_bars=19, max_cash_fraction=0.2196, relative_strength_period=33, relative_strength_threshold=-2.4909, rsi_period=10, rvol_period=22, rvol_threshold=3.7786, sell_rsi=78.81, stop_loss_pct=0.1346, take_profit_pct=0.1986
      change_vs_previous=adx_period: 25 -> 21; adx_threshold: 32.9484 -> 39.9864; bb_period: 13 -> 11; bb_stddev: 4.0348 -> 4.091; buy_rsi: 15.2445 -> 16.189; cooldown_bars: 11 -> 19; max_cash_fraction: 0.2496 -> 0.2196; relative_strength_period: 35 -> 33; relative_strength_threshold: -2.6084 -> -2.4909; rsi_period: 18 -> 10; rvol_period: 14 -> 22; rvol_threshold: 5.0903 -> 3.7786; sell_rsi: 66.2738 -> 78.81; stop_loss_pct: 0.1364 -> 0.1346; take_profit_pct: 0.168 -> 0.1986
      relative_profit=$-34,290.10, absolute_profit=$-27,774.21, buys=5467, score=(-61625.1, -5467, -10934), objective=-61,625.10
    Trial 045: window=2024-06-28 11:51 UTC -> 2024-09-26 11:51 UTC, months=[2024-06, 2024-07, 2024-08, 2024-09], symbols=[ARCT, AVGO, BBAI, BKR, CB, CF, DE, DIS, EMR, ETN, FAST, GPN, HAL, HCA, HON, HOOD, INTC, IWM, KMB, KSS, ... (+30 more)], proposal=optuna_tpe
      params=adx_period=24, adx_threshold=33.4931, bb_period=17, bb_stddev=3.3394, buy_rsi=20.8944, cooldown_bars=15, max_cash_fraction=0.2325, relative_strength_period=28, relative_strength_threshold=-2.2253, rsi_period=13, rvol_period=15, rvol_threshold=5.5567, sell_rsi=67.6645, stop_loss_pct=0.1423, take_profit_pct=0.1781
      change_vs_previous=adx_period: 21 -> 24; adx_threshold: 39.9864 -> 33.4931; bb_period: 11 -> 17; bb_stddev: 4.091 -> 3.3394; buy_rsi: 16.189 -> 20.8944; cooldown_bars: 19 -> 15; max_cash_fraction: 0.2196 -> 0.2325; relative_strength_period: 33 -> 28; relative_strength_threshold: -2.4909 -> -2.2253; rsi_period: 10 -> 13; rvol_period: 22 -> 15; rvol_threshold: 3.7786 -> 5.5567; sell_rsi: 78.81 -> 67.6645; stop_loss_pct: 0.1346 -> 0.1423; take_profit_pct: 0.1986 -> 0.1781
      relative_profit=$-20,104.46, absolute_profit=$-15,362.41, buys=4349, score=(-41849.46, -4349, -8698), objective=-41,849.46
    Trial 046: window=2024-04-03 21:07 UTC -> 2024-07-02 21:07 UTC, months=[2024-04, 2024-05, 2024-06, 2024-07], symbols=[ADM, AES, AMT, ASML, BMY, C, CAT, CCI, COIN, D, DOCU, ECL, FAST, GD, GIS, GOOGL, HCA, IFF, ITW, KO, ... (+30 more)], proposal=optuna_tpe
      params=adx_period=29, adx_threshold=33.3237, bb_period=14, bb_stddev=4.0925, buy_rsi=14.5583, cooldown_bars=12, max_cash_fraction=0.1883, relative_strength_period=30, relative_strength_threshold=-2.8417, rsi_period=15, rvol_period=14, rvol_threshold=5.1463, sell_rsi=69.6719, stop_loss_pct=0.1393, take_profit_pct=0.1425
      change_vs_previous=adx_period: 24 -> 29; adx_threshold: 33.4931 -> 33.3237; bb_period: 17 -> 14; bb_stddev: 3.3394 -> 4.0925; buy_rsi: 20.8944 -> 14.5583; cooldown_bars: 15 -> 12; max_cash_fraction: 0.2325 -> 0.1883; relative_strength_period: 28 -> 30; relative_strength_threshold: -2.2253 -> -2.8417; rsi_period: 13 -> 15; rvol_period: 15 -> 14; rvol_threshold: 5.5567 -> 5.1463; sell_rsi: 67.6645 -> 69.6719; stop_loss_pct: 0.1423 -> 0.1393; take_profit_pct: 0.1781 -> 0.1425
      relative_profit=$11,298.83, absolute_profit=$16,755.66, buys=2562, score=(-1511.17, -2562, -5124), objective=-1,511.17
    Trial 047: window=2024-03-14 23:39 UTC -> 2024-06-12 23:39 UTC, months=[2024-03, 2024-04, 2024-05, 2024-06], symbols=[ADM, AMD, AMZN, APA, APD, BILL, CF, CMCSA, CRM, CRWD, DG, DOW, EDIT, EXC, FANG, FSLY, GREE, HCA, ICE, MO, ... (+30 more)], proposal=optuna_tpe
      params=adx_period=18, adx_threshold=31.2256, bb_period=15, bb_stddev=4.574, buy_rsi=24.9647, cooldown_bars=10, max_cash_fraction=0.2321, relative_strength_period=47, relative_strength_threshold=-2.0235, rsi_period=16, rvol_period=25, rvol_threshold=4.3998, sell_rsi=62.5405, stop_loss_pct=0.1186, take_profit_pct=0.1546
      change_vs_previous=adx_period: 29 -> 18; adx_threshold: 33.3237 -> 31.2256; bb_period: 14 -> 15; bb_stddev: 4.0925 -> 4.574; buy_rsi: 14.5583 -> 24.9647; cooldown_bars: 12 -> 10; max_cash_fraction: 0.1883 -> 0.2321; relative_strength_period: 30 -> 47; relative_strength_threshold: -2.8417 -> -2.0235; rsi_period: 15 -> 16; rvol_period: 14 -> 25; rvol_threshold: 5.1463 -> 4.3998; sell_rsi: 69.6719 -> 62.5405; stop_loss_pct: 0.1393 -> 0.1186; take_profit_pct: 0.1425 -> 0.1546
      relative_profit=$-43,421.99, absolute_profit=$-37,985.71, buys=4191, score=(-64376.99, -4191, -8382), objective=-64,376.99
    Trial 048: window=2024-06-13 14:10 UTC -> 2024-09-11 14:10 UTC, months=[2024-06, 2024-07, 2024-08, 2024-09], symbols=[ADBE, AEP, AVAV, BE, BILL, BLK, CL, CSCO, DHR, DUK, EMR, ENPH, EXC, F, GPN, GS, ITW, KMB, LULU, MARA, ... (+30 more)], proposal=optuna_tpe
      params=adx_period=26, adx_threshold=27.973, bb_period=11, bb_stddev=4.3848, buy_rsi=22.6245, cooldown_bars=16, max_cash_fraction=0.2354, relative_strength_period=28, relative_strength_threshold=-2.9856, rsi_period=15, rvol_period=24, rvol_threshold=4.1154, sell_rsi=66.8719, stop_loss_pct=0.1407, take_profit_pct=0.1325
      change_vs_previous=adx_period: 18 -> 26; adx_threshold: 31.2256 -> 27.973; bb_period: 15 -> 11; bb_stddev: 4.574 -> 4.3848; buy_rsi: 24.9647 -> 22.6245; cooldown_bars: 10 -> 16; max_cash_fraction: 0.2321 -> 0.2354; relative_strength_period: 47 -> 28; relative_strength_threshold: -2.0235 -> -2.9856; rsi_period: 16 -> 15; rvol_period: 25 -> 24; rvol_threshold: 4.3998 -> 4.1154; sell_rsi: 62.5405 -> 66.8719; stop_loss_pct: 0.1186 -> 0.1407; take_profit_pct: 0.1546 -> 0.1325
      relative_profit=$-34,973.16, absolute_profit=$-34,578.03, buys=3709, score=(-53518.159999999996, -3709, -7418), objective=-53,518.16
    Trial 049: window=2024-02-27 13:46 UTC -> 2024-05-24 23:59 UTC, months=[2024-02, 2024-03, 2024-04, 2024-05], symbols=[AEP, AMZN, ASML, AXP, BLDP, BNTX, CAN, CCI, CME, CRM, CVNA, DD, DKNG, EMR, ESTC, FCX, GILD, HAL, HON, JNJ, ... (+30 more)], proposal=optuna_tpe
      params=adx_period=19, adx_threshold=33.8573, bb_period=12, bb_stddev=3.8018, buy_rsi=26.6365, cooldown_bars=18, max_cash_fraction=0.2163, relative_strength_period=24, relative_strength_threshold=-2.8015, rsi_period=17, rvol_period=23, rvol_threshold=4.9542, sell_rsi=72.6876, stop_loss_pct=0.1381, take_profit_pct=0.1424
      change_vs_previous=adx_period: 26 -> 19; adx_threshold: 27.973 -> 33.8573; bb_period: 11 -> 12; bb_stddev: 4.3848 -> 3.8018; buy_rsi: 22.6245 -> 26.6365; cooldown_bars: 16 -> 18; max_cash_fraction: 0.2354 -> 0.2163; relative_strength_period: 28 -> 24; relative_strength_threshold: -2.9856 -> -2.8015; rsi_period: 15 -> 17; rvol_period: 24 -> 23; rvol_threshold: 4.1154 -> 4.9542; sell_rsi: 66.8719 -> 72.6876; stop_loss_pct: 0.1407 -> 0.1381; take_profit_pct: 0.1325 -> 0.1424
      relative_profit=$-33,141.00, absolute_profit=$-28,645.54, buys=2755, score=(-46916.0, -2755, -5510), objective=-46,916.00
    Trial 050: window=2024-05-08 10:35 UTC -> 2024-08-06 10:35 UTC, months=[2024-05, 2024-06, 2024-07, 2024-08], symbols=[ABNB, AEP, AFRM, AI, ALB, AON, APP, AXP, BABA, BALL, BILL, CAN, CL, CMG, COP, COST, CRWD, DDOG, EDIT, ETN, ... (+30 more)], proposal=optuna_tpe
      params=adx_period=19, adx_threshold=35.5505, bb_period=19, bb_stddev=3.0146, buy_rsi=33.5416, cooldown_bars=19, max_cash_fraction=0.2138, relative_strength_period=34, relative_strength_threshold=-2.681, rsi_period=15, rvol_period=19, rvol_threshold=5.5889, sell_rsi=73.996, stop_loss_pct=0.0951, take_profit_pct=0.1947
      change_vs_previous=adx_threshold: 33.8573 -> 35.5505; bb_period: 12 -> 19; bb_stddev: 3.8018 -> 3.0146; buy_rsi: 26.6365 -> 33.5416; cooldown_bars: 18 -> 19; max_cash_fraction: 0.2163 -> 0.2138; relative_strength_period: 24 -> 34; relative_strength_threshold: -2.8015 -> -2.681; rsi_period: 17 -> 15; rvol_period: 23 -> 19; rvol_threshold: 4.9542 -> 5.5889; sell_rsi: 72.6876 -> 73.996; stop_loss_pct: 0.1381 -> 0.0951; take_profit_pct: 0.1424 -> 0.1947
      relative_profit=$192,480.07, absolute_profit=$193,133.85, buys=2801, score=(178475.07, -2801, -5602), objective=178,475.07
    Trial 051: window=2024-09-04 15:31 UTC -> 2024-12-03 15:31 UTC, months=[2024-09, 2024-10, 2024-11, 2024-12], symbols=[AES, AFRM, ALB, AMAT, AXP, BKR, BLDP, CME, COST, CRSP, DAL, DDOG, DIS, EXC, EXPD, F, HD, HII, HON, HOOD, ... (+30 more)], proposal=optuna_tpe
      params=adx_period=23, adx_threshold=38.9122, bb_period=15, bb_stddev=4.2013, buy_rsi=23.7966, cooldown_bars=13, max_cash_fraction=0.1785, relative_strength_period=34, relative_strength_threshold=-2.4694, rsi_period=13, rvol_period=25, rvol_threshold=5.0699, sell_rsi=71.9932, stop_loss_pct=0.1423, take_profit_pct=0.16
      change_vs_previous=adx_period: 19 -> 23; adx_threshold: 35.5505 -> 38.9122; bb_period: 19 -> 15; bb_stddev: 3.0146 -> 4.2013; buy_rsi: 33.5416 -> 23.7966; cooldown_bars: 19 -> 13; max_cash_fraction: 0.2138 -> 0.1785; relative_strength_threshold: -2.681 -> -2.4694; rsi_period: 15 -> 13; rvol_period: 19 -> 25; rvol_threshold: 5.5889 -> 5.0699; sell_rsi: 73.996 -> 71.9932; stop_loss_pct: 0.0951 -> 0.1423; take_profit_pct: 0.1947 -> 0.16
      relative_profit=$-45,095.89, absolute_profit=$-35,903.24, buys=4181, score=(-66000.89, -4181, -8362), objective=-66,000.89
    Trial 052: window=2024-05-03 09:35 UTC -> 2024-08-01 09:35 UTC, months=[2024-05, 2024-06, 2024-07, 2024-08], symbols=[ADBE, AMT, ASML, AVAV, BALL, BBAI, BKR, BLK, CAT, CL, DE, DIS, DOCU, DPZ, ED, EXPD, FCX, GE, GPN, GREE, ... (+30 more)], proposal=optuna_tpe
      params=adx_period=24, adx_threshold=34.8723, bb_period=13, bb_stddev=3.2286, buy_rsi=36.0796, cooldown_bars=17, max_cash_fraction=0.2038, relative_strength_period=36, relative_strength_threshold=-2.5931, rsi_period=14, rvol_period=17, rvol_threshold=5.5795, sell_rsi=70.8052, stop_loss_pct=0.0686, take_profit_pct=0.1817
      change_vs_previous=adx_period: 23 -> 24; adx_threshold: 38.9122 -> 34.8723; bb_period: 15 -> 13; bb_stddev: 4.2013 -> 3.2286; buy_rsi: 23.7966 -> 36.0796; cooldown_bars: 13 -> 17; max_cash_fraction: 0.1785 -> 0.2038; relative_strength_period: 34 -> 36; relative_strength_threshold: -2.4694 -> -2.5931; rsi_period: 13 -> 14; rvol_period: 25 -> 17; rvol_threshold: 5.0699 -> 5.5795; sell_rsi: 71.9932 -> 70.8052; stop_loss_pct: 0.1423 -> 0.0686; take_profit_pct: 0.16 -> 0.1817
      relative_profit=$-33,870.54, absolute_profit=$-25,019.81, buys=3231, score=(-50025.54, -3231, -6462), objective=-50,025.54
    Trial 053: window=2024-06-13 17:31 UTC -> 2024-09-11 17:31 UTC, months=[2024-06, 2024-07, 2024-08, 2024-09], symbols=[ABNB, AES, AMAT, BMY, CAT, CCI, DKNG, EDIT, EL, ETN, F, FANG, GD, GIS, GPN, KMI, KTOS, LRCX, MARA, MCD, ... (+30 more)], proposal=optuna_tpe
      params=adx_period=21, adx_threshold=36.1205, bb_period=13, bb_stddev=3.7462, buy_rsi=16.4162, cooldown_bars=14, max_cash_fraction=0.2262, relative_strength_period=29, relative_strength_threshold=-2.2792, rsi_period=9, rvol_period=19, rvol_threshold=4.46, sell_rsi=67.0843, stop_loss_pct=0.148, take_profit_pct=0.1666
      change_vs_previous=adx_period: 24 -> 21; adx_threshold: 34.8723 -> 36.1205; bb_stddev: 3.2286 -> 3.7462; buy_rsi: 36.0796 -> 16.4162; cooldown_bars: 17 -> 14; max_cash_fraction: 0.2038 -> 0.2262; relative_strength_period: 36 -> 29; relative_strength_threshold: -2.5931 -> -2.2792; rsi_period: 14 -> 9; rvol_period: 17 -> 19; rvol_threshold: 5.5795 -> 4.46; sell_rsi: 70.8052 -> 67.0843; stop_loss_pct: 0.0686 -> 0.148; take_profit_pct: 0.1817 -> 0.1666
      relative_profit=$-89,655.16, absolute_profit=$-88,365.78, buys=8803, score=(-133670.16, -8803, -17606), objective=-133,670.16
    Trial 054: window=2024-03-25 11:24 UTC -> 2024-06-21 23:59 UTC, months=[2024-03, 2024-04, 2024-05, 2024-06], symbols=[AES, AON, APP, ASML, BE, BMY, CB, CHWY, CMCSA, CRWD, CVX, DDOG, DUK, EA, EOG, EQIX, ESTC, FSLY, GILD, KHC, ... (+30 more)], proposal=optuna_tpe
      params=adx_period=31, adx_threshold=30.1122, bb_period=19, bb_stddev=3.6979, buy_rsi=14.3953, cooldown_bars=9, max_cash_fraction=0.1863, relative_strength_period=28, relative_strength_threshold=-2.46, rsi_period=14, rvol_period=14, rvol_threshold=4.8737, sell_rsi=72.1186, stop_loss_pct=0.1263, take_profit_pct=0.1469
      change_vs_previous=adx_period: 21 -> 31; adx_threshold: 36.1205 -> 30.1122; bb_period: 13 -> 19; bb_stddev: 3.7462 -> 3.6979; buy_rsi: 16.4162 -> 14.3953; cooldown_bars: 14 -> 9; max_cash_fraction: 0.2262 -> 0.1863; relative_strength_period: 29 -> 28; relative_strength_threshold: -2.2792 -> -2.46; rsi_period: 9 -> 14; rvol_period: 19 -> 14; rvol_threshold: 4.46 -> 4.8737; sell_rsi: 67.0843 -> 72.1186; stop_loss_pct: 0.148 -> 0.1263; take_profit_pct: 0.1666 -> 0.1469
      relative_profit=$-35,114.84, absolute_profit=$-30,375.91, buys=3060, score=(-50414.84, -3060, -6120), objective=-50,414.84
    Trial 055: window=2024-08-27 22:12 UTC -> 2024-11-25 22:12 UTC, months=[2024-08, 2024-09, 2024-10, 2024-11], symbols=[AAPL, ADBE, ADM, APA, AVGO, BEAM, BHP, BILL, BLK, CAT, CF, CMG, COP, CRWD, CSCO, DDOG, DIS, ETN, ETSY, EXC, ... (+30 more)], proposal=optuna_tpe
      params=adx_period=20, adx_threshold=34.3772, bb_period=18, bb_stddev=2.6324, buy_rsi=32.2713, cooldown_bars=14, max_cash_fraction=0.1948, relative_strength_period=32, relative_strength_threshold=-2.1927, rsi_period=16, rvol_period=25, rvol_threshold=5.0508, sell_rsi=75.8578, stop_loss_pct=0.1269, take_profit_pct=0.1953
      change_vs_previous=adx_period: 31 -> 20; adx_threshold: 30.1122 -> 34.3772; bb_period: 19 -> 18; bb_stddev: 3.6979 -> 2.6324; buy_rsi: 14.3953 -> 32.2713; cooldown_bars: 9 -> 14; max_cash_fraction: 0.1863 -> 0.1948; relative_strength_period: 28 -> 32; relative_strength_threshold: -2.46 -> -2.1927; rsi_period: 14 -> 16; rvol_period: 14 -> 25; rvol_threshold: 4.8737 -> 5.0508; sell_rsi: 72.1186 -> 75.8578; stop_loss_pct: 0.1263 -> 0.1269; take_profit_pct: 0.1469 -> 0.1953
      relative_profit=$-29,172.17, absolute_profit=$-22,619.31, buys=2837, score=(-43357.17, -2837, -5674), objective=-43,357.17
    Trial 056: window=2024-07-05 19:14 UTC -> 2024-10-03 19:14 UTC, months=[2024-07, 2024-08, 2024-09, 2024-10], symbols=[ABBV, AI, AMZN, APD, BA, BE, CB, CHRW, COP, DD, DG, DOW, DUK, FSLY, GILD, ITW, JNJ, KMI, M, MDT, ... (+30 more)], proposal=optuna_tpe
      params=adx_period=31, adx_threshold=32.5976, bb_period=15, bb_stddev=3.7226, buy_rsi=18.3097, cooldown_bars=9, max_cash_fraction=0.1789, relative_strength_period=35, relative_strength_threshold=-2.4347, rsi_period=14, rvol_period=11, rvol_threshold=5.5269, sell_rsi=73.278, stop_loss_pct=0.1474, take_profit_pct=0.1431
      change_vs_previous=adx_period: 20 -> 31; adx_threshold: 34.3772 -> 32.5976; bb_period: 18 -> 15; bb_stddev: 2.6324 -> 3.7226; buy_rsi: 32.2713 -> 18.3097; cooldown_bars: 14 -> 9; max_cash_fraction: 0.1948 -> 0.1789; relative_strength_period: 32 -> 35; relative_strength_threshold: -2.1927 -> -2.4347; rsi_period: 16 -> 14; rvol_period: 25 -> 11; rvol_threshold: 5.0508 -> 5.5269; sell_rsi: 75.8578 -> 73.278; stop_loss_pct: 0.1269 -> 0.1474; take_profit_pct: 0.1953 -> 0.1431
      relative_profit=$-22,766.64, absolute_profit=$-20,624.28, buys=3035, score=(-37941.64, -3035, -6070), objective=-37,941.64
    Trial 057: window=2024-05-23 19:35 UTC -> 2024-08-21 19:35 UTC, months=[2024-05, 2024-06, 2024-07, 2024-08], symbols=[AAPL, AON, BHP, BKR, CHRW, CHWY, CL, CRSP, CSX, CVX, DDOG, DG, DKNG, EOG, EXC, FSLY, GD, HD, HOOD, HUBS, ... (+30 more)], proposal=optuna_tpe
      params=adx_period=19, adx_threshold=38.6391, bb_period=14, bb_stddev=3.7336, buy_rsi=30.5715, cooldown_bars=18, max_cash_fraction=0.2397, relative_strength_period=36, relative_strength_threshold=-2.5279, rsi_period=19, rvol_period=21, rvol_threshold=5.2557, sell_rsi=79.4261, stop_loss_pct=0.1159, take_profit_pct=0.1771
      change_vs_previous=adx_period: 31 -> 19; adx_threshold: 32.5976 -> 38.6391; bb_period: 15 -> 14; bb_stddev: 3.7226 -> 3.7336; buy_rsi: 18.3097 -> 30.5715; cooldown_bars: 9 -> 18; max_cash_fraction: 0.1789 -> 0.2397; relative_strength_period: 35 -> 36; relative_strength_threshold: -2.4347 -> -2.5279; rsi_period: 14 -> 19; rvol_period: 11 -> 21; rvol_threshold: 5.5269 -> 5.2557; sell_rsi: 73.278 -> 79.4261; stop_loss_pct: 0.1474 -> 0.1159; take_profit_pct: 0.1431 -> 0.1771
      relative_profit=$-23,448.34, absolute_profit=$-16,951.66, buys=2615, score=(-36523.34, -2615, -5230), objective=-36,523.34
    Trial 058: window=2024-08-19 19:28 UTC -> 2024-11-16 00:59 UTC, months=[2024-08, 2024-09, 2024-10, 2024-11], symbols=[ADM, AMD, APP, BALL, BEAM, BMY, CMG, CRSP, DDOG, DIA, DVN, EA, EDIT, ENPH, FAST, GILD, HCA, HLT, HOOD, ICE, ... (+30 more)], proposal=optuna_tpe
      params=adx_period=21, adx_threshold=34.843, bb_period=15, bb_stddev=4.0522, buy_rsi=17.3655, cooldown_bars=15, max_cash_fraction=0.1712, relative_strength_period=23, relative_strength_threshold=-2.5917, rsi_period=14, rvol_period=11, rvol_threshold=4.9212, sell_rsi=74.1687, stop_loss_pct=0.1446, take_profit_pct=0.1404
      change_vs_previous=adx_period: 19 -> 21; adx_threshold: 38.6391 -> 34.843; bb_period: 14 -> 15; bb_stddev: 3.7336 -> 4.0522; buy_rsi: 30.5715 -> 17.3655; cooldown_bars: 18 -> 15; max_cash_fraction: 0.2397 -> 0.1712; relative_strength_period: 36 -> 23; relative_strength_threshold: -2.5279 -> -2.5917; rsi_period: 19 -> 14; rvol_period: 21 -> 11; rvol_threshold: 5.2557 -> 4.9212; sell_rsi: 79.4261 -> 74.1687; stop_loss_pct: 0.1159 -> 0.1446; take_profit_pct: 0.1771 -> 0.1404
      relative_profit=$-29,098.43, absolute_profit=$-24,133.63, buys=3112, score=(-44658.43, -3112, -6224), objective=-44,658.43
    Trial 059: window=2024-08-21 15:43 UTC -> 2024-11-19 15:43 UTC, months=[2024-08, 2024-09, 2024-10, 2024-11], symbols=[ADM, AEP, AMD, APP, BALL, BBY, CCI, CHWY, CMG, COST, CVX, D, DAL, DD, DOCU, DVN, EA, ECL, EQIX, ETSY, ... (+30 more)], proposal=optuna_tpe
      params=adx_period=19, adx_threshold=31.0129, bb_period=22, bb_stddev=3.5101, buy_rsi=32.2079, cooldown_bars=21, max_cash_fraction=0.2264, relative_strength_period=39, relative_strength_threshold=-2.8486, rsi_period=16, rvol_period=15, rvol_threshold=5.2869, sell_rsi=78.1594, stop_loss_pct=0.0858, take_profit_pct=0.1963
      change_vs_previous=adx_period: 21 -> 19; adx_threshold: 34.843 -> 31.0129; bb_period: 15 -> 22; bb_stddev: 4.0522 -> 3.5101; buy_rsi: 17.3655 -> 32.2079; cooldown_bars: 15 -> 21; max_cash_fraction: 0.1712 -> 0.2264; relative_strength_period: 23 -> 39; relative_strength_threshold: -2.5917 -> -2.8486; rsi_period: 14 -> 16; rvol_period: 11 -> 15; rvol_threshold: 4.9212 -> 5.2869; sell_rsi: 74.1687 -> 78.1594; stop_loss_pct: 0.1446 -> 0.0858; take_profit_pct: 0.1404 -> 0.1963
      relative_profit=$-22,416.65, absolute_profit=$-17,525.90, buys=2495, score=(-34891.65, -2495, -4990), objective=-34,891.65
    Trial 060: window=2024-02-27 12:01 UTC -> 2024-05-24 23:59 UTC, months=[2024-02, 2024-03, 2024-04, 2024-05], symbols=[AAPL, ABNB, AMAT, APP, AVAV, BA, BILL, CF, CHRW, CME, COIN, D, DD, DDOG, DE, DG, EOG, EXC, FCEL, FIS, ... (+30 more)], proposal=optuna_tpe
      params=adx_period=21, adx_threshold=38.0034, bb_period=25, bb_stddev=2.902, buy_rsi=34.5799, cooldown_bars=20, max_cash_fraction=0.2034, relative_strength_period=24, relative_strength_threshold=-2.8398, rsi_period=9, rvol_period=15, rvol_threshold=5.6009, sell_rsi=74.9475, stop_loss_pct=0.0898, take_profit_pct=0.1984
      change_vs_previous=adx_period: 19 -> 21; adx_threshold: 31.0129 -> 38.0034; bb_period: 22 -> 25; bb_stddev: 3.5101 -> 2.902; buy_rsi: 32.2079 -> 34.5799; cooldown_bars: 21 -> 20; max_cash_fraction: 0.2264 -> 0.2034; relative_strength_period: 39 -> 24; relative_strength_threshold: -2.8486 -> -2.8398; rsi_period: 16 -> 9; rvol_threshold: 5.2869 -> 5.6009; sell_rsi: 78.1594 -> 74.9475; stop_loss_pct: 0.0858 -> 0.0898; take_profit_pct: 0.1963 -> 0.1984
      relative_profit=$-63,983.51, absolute_profit=$-59,507.75, buys=6579, score=(-96878.51000000001, -6579, -13158), objective=-96,878.51
    Trial 061: window=2024-02-14 09:32 UTC -> 2024-05-14 09:32 UTC, months=[2024-02, 2024-03, 2024-04, 2024-05], symbols=[AMZN, ARCT, AXP, BMY, C, CAN, CCI, COIN, DDOG, DG, DIS, DPZ, DUK, EDIT, EQIX, FSLY, GE, GREE, HCA, HLT, ... (+30 more)], proposal=optuna_tpe
      params=adx_period=21, adx_threshold=32.9677, bb_period=28, bb_stddev=3.0237, buy_rsi=27.5026, cooldown_bars=19, max_cash_fraction=0.2235, relative_strength_period=39, relative_strength_threshold=-1.8632, rsi_period=20, rvol_period=19, rvol_threshold=4.469, sell_rsi=75.1259, stop_loss_pct=0.1432, take_profit_pct=0.1717
      change_vs_previous=adx_threshold: 38.0034 -> 32.9677; bb_period: 25 -> 28; bb_stddev: 2.902 -> 3.0237; buy_rsi: 34.5799 -> 27.5026; cooldown_bars: 20 -> 19; max_cash_fraction: 0.2034 -> 0.2235; relative_strength_period: 24 -> 39; relative_strength_threshold: -2.8398 -> -1.8632; rsi_period: 9 -> 20; rvol_period: 15 -> 19; rvol_threshold: 5.6009 -> 4.469; sell_rsi: 74.9475 -> 75.1259; stop_loss_pct: 0.0898 -> 0.1432; take_profit_pct: 0.1984 -> 0.1717
      relative_profit=$-26,197.45, absolute_profit=$-21,143.98, buys=2299, score=(-37692.45, -2299, -4598), objective=-37,692.45
    Trial 062: window=2024-07-08 11:22 UTC -> 2024-10-04 23:59 UTC, months=[2024-07, 2024-08, 2024-09, 2024-10], symbols=[ADM, AEP, BABA, BBAI, CHWY, CME, COIN, CRM, DDOG, DE, DG, DUK, DVN, EL, EXC, F, FCEL, FCX, HSY, ICE, ... (+30 more)], proposal=optuna_tpe
      params=adx_period=29, adx_threshold=37.4868, bb_period=12, bb_stddev=3.7709, buy_rsi=17.442, cooldown_bars=11, max_cash_fraction=0.2354, relative_strength_period=44, relative_strength_threshold=-2.6288, rsi_period=17, rvol_period=17, rvol_threshold=5.4508, sell_rsi=61.1553, stop_loss_pct=0.1307, take_profit_pct=0.159
      change_vs_previous=adx_period: 21 -> 29; adx_threshold: 32.9677 -> 37.4868; bb_period: 28 -> 12; bb_stddev: 3.0237 -> 3.7709; buy_rsi: 27.5026 -> 17.442; cooldown_bars: 19 -> 11; max_cash_fraction: 0.2235 -> 0.2354; relative_strength_period: 39 -> 44; relative_strength_threshold: -1.8632 -> -2.6288; rsi_period: 20 -> 17; rvol_period: 19 -> 17; rvol_threshold: 4.469 -> 5.4508; sell_rsi: 75.1259 -> 61.1553; stop_loss_pct: 0.1432 -> 0.1307; take_profit_pct: 0.1717 -> 0.159
      relative_profit=$-14,539.96, absolute_profit=$-11,393.17, buys=3601, score=(-32544.96, -3601, -7202), objective=-32,544.96
    Trial 063: window=2024-05-30 17:04 UTC -> 2024-08-28 17:04 UTC, months=[2024-05, 2024-06, 2024-07, 2024-08], symbols=[ADBE, AEP, AFRM, AVGO, BALL, BE, C, CAN, CAT, CF, CHRW, CL, CMCSA, DDOG, DIS, DKNG, ESTC, ETSY, F, GD, ... (+30 more)], proposal=optuna_tpe
      params=adx_period=26, adx_threshold=37.4514, bb_period=13, bb_stddev=3.7776, buy_rsi=14.4844, cooldown_bars=10, max_cash_fraction=0.1902, relative_strength_period=35, relative_strength_threshold=-2.9084, rsi_period=16, rvol_period=12, rvol_threshold=5.3692, sell_rsi=74.6026, stop_loss_pct=0.1479, take_profit_pct=0.1485
      change_vs_previous=adx_period: 29 -> 26; adx_threshold: 37.4868 -> 37.4514; bb_period: 12 -> 13; bb_stddev: 3.7709 -> 3.7776; buy_rsi: 17.442 -> 14.4844; cooldown_bars: 11 -> 10; max_cash_fraction: 0.2354 -> 0.1902; relative_strength_period: 44 -> 35; relative_strength_threshold: -2.6288 -> -2.9084; rsi_period: 17 -> 16; rvol_period: 17 -> 12; rvol_threshold: 5.4508 -> 5.3692; sell_rsi: 61.1553 -> 74.6026; stop_loss_pct: 0.1307 -> 0.1479; take_profit_pct: 0.159 -> 0.1485
      relative_profit=$9,852.01, absolute_profit=$16,292.08, buys=2643, score=(-3362.99, -2643, -5286), objective=-3,362.99
    Trial 064: window=2024-03-13 19:56 UTC -> 2024-06-11 19:56 UTC, months=[2024-03, 2024-04, 2024-05, 2024-06], symbols=[ABBV, ABNB, ADBE, ADM, ARCT, BE, CF, COP, CRSP, CSX, D, DDOG, EDIT, EL, FISV, GM, HII, HON, ICE, KMI, ... (+30 more)], proposal=optuna_tpe
      params=adx_period=20, adx_threshold=38.4521, bb_period=17, bb_stddev=3.2578, buy_rsi=25.1035, cooldown_bars=15, max_cash_fraction=0.2456, relative_strength_period=39, relative_strength_threshold=-2.1055, rsi_period=16, rvol_period=20, rvol_threshold=4.7445, sell_rsi=78.7066, stop_loss_pct=0.128, take_profit_pct=0.1956
      change_vs_previous=adx_period: 26 -> 20; adx_threshold: 37.4514 -> 38.4521; bb_period: 13 -> 17; bb_stddev: 3.7776 -> 3.2578; buy_rsi: 14.4844 -> 25.1035; cooldown_bars: 10 -> 15; max_cash_fraction: 0.1902 -> 0.2456; relative_strength_period: 35 -> 39; relative_strength_threshold: -2.9084 -> -2.1055; rvol_period: 12 -> 20; rvol_threshold: 5.3692 -> 4.7445; sell_rsi: 74.6026 -> 78.7066; stop_loss_pct: 0.1479 -> 0.128; take_profit_pct: 0.1485 -> 0.1956
      relative_profit=$-26,818.73, absolute_profit=$-22,957.23, buys=2309, score=(-38363.729999999996, -2309, -4618), objective=-38,363.73
    Trial 065: window=2024-04-22 21:06 UTC -> 2024-07-19 23:59 UTC, months=[2024-04, 2024-05, 2024-06, 2024-07], symbols=[ABNB, ADM, AES, AMAT, APD, AVAV, BALL, CCI, CRWD, CSCO, D, DE, DG, DIA, DIS, DOW, EDIT, EL, EOG, FISV, ... (+30 more)], proposal=optuna_tpe
      params=adx_period=29, adx_threshold=35.3614, bb_period=20, bb_stddev=4.2949, buy_rsi=14.054, cooldown_bars=10, max_cash_fraction=0.1924, relative_strength_period=28, relative_strength_threshold=-2.9334, rsi_period=16, rvol_period=12, rvol_threshold=5.1121, sell_rsi=67.1839, stop_loss_pct=0.1433, take_profit_pct=0.1447
      change_vs_previous=adx_period: 20 -> 29; adx_threshold: 38.4521 -> 35.3614; bb_period: 17 -> 20; bb_stddev: 3.2578 -> 4.2949; buy_rsi: 25.1035 -> 14.054; cooldown_bars: 15 -> 10; max_cash_fraction: 0.2456 -> 0.1924; relative_strength_period: 39 -> 28; relative_strength_threshold: -2.1055 -> -2.9334; rvol_period: 20 -> 12; rvol_threshold: 4.7445 -> 5.1121; sell_rsi: 78.7066 -> 67.1839; stop_loss_pct: 0.128 -> 0.1433; take_profit_pct: 0.1956 -> 0.1447
      relative_profit=$-27,486.63, absolute_profit=$-17,661.22, buys=2454, score=(-39756.630000000005, -2454, -4908), objective=-39,756.63
    Trial 066: window=2024-04-22 16:50 UTC -> 2024-07-19 23:59 UTC, months=[2024-04, 2024-05, 2024-06, 2024-07], symbols=[AAPL, ALB, ASML, AVAV, BABA, BALL, BHP, CL, COST, CSCO, DAL, DIA, DVN, ECL, FCEL, FCX, FSLY, GE, GM, GOOGL, ... (+30 more)], proposal=optuna_tpe
      params=adx_period=19, adx_threshold=39.9754, bb_period=12, bb_stddev=4.4662, buy_rsi=20.0235, cooldown_bars=13, max_cash_fraction=0.2351, relative_strength_period=46, relative_strength_threshold=-2.2189, rsi_period=21, rvol_period=22, rvol_threshold=4.4974, sell_rsi=62.4612, stop_loss_pct=0.1442, take_profit_pct=0.1555
      change_vs_previous=adx_period: 29 -> 19; adx_threshold: 35.3614 -> 39.9754; bb_period: 20 -> 12; bb_stddev: 4.2949 -> 4.4662; buy_rsi: 14.054 -> 20.0235; cooldown_bars: 10 -> 13; max_cash_fraction: 0.1924 -> 0.2351; relative_strength_period: 28 -> 46; relative_strength_threshold: -2.9334 -> -2.2189; rsi_period: 16 -> 21; rvol_period: 12 -> 22; rvol_threshold: 5.1121 -> 4.4974; sell_rsi: 67.1839 -> 62.4612; stop_loss_pct: 0.1433 -> 0.1442; take_profit_pct: 0.1447 -> 0.1555
      relative_profit=$-26,500.36, absolute_profit=$-16,343.16, buys=2297, score=(-37985.36, -2297, -4594), objective=-37,985.36
    Trial 067: window=2024-07-19 21:11 UTC -> 2024-10-17 21:11 UTC, months=[2024-07, 2024-08, 2024-09, 2024-10], symbols=[AES, AVGO, AXP, BLDP, C, CHRW, CMG, COIN, CRSP, CSX, D, DAL, DG, DHR, EDIT, FIS, GD, GE, GPN, HCA, ... (+30 more)], proposal=optuna_tpe
      params=adx_period=17, adx_threshold=36.0772, bb_period=16, bb_stddev=3.2084, buy_rsi=29.3148, cooldown_bars=20, max_cash_fraction=0.2459, relative_strength_period=35, relative_strength_threshold=-2.4121, rsi_period=24, rvol_period=14, rvol_threshold=5.899, sell_rsi=74.9487, stop_loss_pct=0.15, take_profit_pct=0.1824
      change_vs_previous=adx_period: 19 -> 17; adx_threshold: 39.9754 -> 36.0772; bb_period: 12 -> 16; bb_stddev: 4.4662 -> 3.2084; buy_rsi: 20.0235 -> 29.3148; cooldown_bars: 13 -> 20; max_cash_fraction: 0.2351 -> 0.2459; relative_strength_period: 46 -> 35; relative_strength_threshold: -2.2189 -> -2.4121; rsi_period: 21 -> 24; rvol_period: 22 -> 14; rvol_threshold: 4.4974 -> 5.899; sell_rsi: 62.4612 -> 74.9487; stop_loss_pct: 0.1442 -> 0.15; take_profit_pct: 0.1555 -> 0.1824
      relative_profit=$-19,291.40, absolute_profit=$-13,160.15, buys=1943, score=(-29006.4, -1943, -3886), objective=-29,006.40
    Trial 068: window=2024-08-01 11:25 UTC -> 2024-10-30 11:25 UTC, months=[2024-08, 2024-09, 2024-10], symbols=[ABBV, ADM, AVAV, BA, BALL, BHP, C, D, DHR, DIS, EA, ENPH, ESTC, ETN, EXC, FIS, GD, GS, HCA, HON, ... (+30 more)], proposal=optuna_tpe
      params=adx_period=19, adx_threshold=31.3796, bb_period=10, bb_stddev=3.1857, buy_rsi=18.0678, cooldown_bars=12, max_cash_fraction=0.2464, relative_strength_period=31, relative_strength_threshold=-2.9948, rsi_period=17, rvol_period=16, rvol_threshold=4.5031, sell_rsi=73.3016, stop_loss_pct=0.1394, take_profit_pct=0.174
      change_vs_previous=adx_period: 17 -> 19; adx_threshold: 36.0772 -> 31.3796; bb_period: 16 -> 10; bb_stddev: 3.2084 -> 3.1857; buy_rsi: 29.3148 -> 18.0678; cooldown_bars: 20 -> 12; max_cash_fraction: 0.2459 -> 0.2464; relative_strength_period: 35 -> 31; relative_strength_threshold: -2.4121 -> -2.9948; rsi_period: 24 -> 17; rvol_period: 14 -> 16; rvol_threshold: 5.899 -> 4.5031; sell_rsi: 74.9487 -> 73.3016; stop_loss_pct: 0.15 -> 0.1394; take_profit_pct: 0.1824 -> 0.174
      relative_profit=$-15,221.54, absolute_profit=$-9,957.06, buys=2500, score=(-27721.54, -2500, -5000), objective=-27,721.54
    Trial 069: window=2024-07-01 12:46 UTC -> 2024-09-27 23:59 UTC, months=[2024-07, 2024-08, 2024-09], symbols=[AEP, AI, AMAT, BE, BLK, BMY, CCI, CMCSA, CRSP, DIS, DUK, EA, EL, EQIX, FANG, FCEL, FIS, FSLY, GREE, GS, ... (+30 more)], proposal=optuna_tpe
      params=adx_period=30, adx_threshold=34.2016, bb_period=15, bb_stddev=3.8725, buy_rsi=17.2641, cooldown_bars=10, max_cash_fraction=0.176, relative_strength_period=23, relative_strength_threshold=-2.4804, rsi_period=17, rvol_period=17, rvol_threshold=5.3602, sell_rsi=69.0275, stop_loss_pct=0.1316, take_profit_pct=0.1311
      change_vs_previous=adx_period: 19 -> 30; adx_threshold: 31.3796 -> 34.2016; bb_period: 10 -> 15; bb_stddev: 3.1857 -> 3.8725; buy_rsi: 18.0678 -> 17.2641; cooldown_bars: 12 -> 10; max_cash_fraction: 0.2464 -> 0.176; relative_strength_period: 31 -> 23; relative_strength_threshold: -2.9948 -> -2.4804; rvol_period: 16 -> 17; rvol_threshold: 4.5031 -> 5.3602; sell_rsi: 73.3016 -> 69.0275; stop_loss_pct: 0.1394 -> 0.1316; take_profit_pct: 0.174 -> 0.1311
      relative_profit=$-27,270.22, absolute_profit=$-22,576.67, buys=2612, score=(-40330.22, -2612, -5224), objective=-40,330.22
    Trial 070: window=2024-07-16 16:32 UTC -> 2024-10-14 16:32 UTC, months=[2024-07, 2024-08, 2024-09, 2024-10], symbols=[AAPL, ADM, AES, AMAT, AMT, AXP, BBY, CCI, CF, COP, COST, CRSP, CSCO, CSX, DDOG, DIA, DOCU, DOW, DPZ, DUK, ... (+30 more)], proposal=optuna_tpe
      params=adx_period=18, adx_threshold=34.6067, bb_period=14, bb_stddev=3.0649, buy_rsi=33.0315, cooldown_bars=15, max_cash_fraction=0.2146, relative_strength_period=39, relative_strength_threshold=-1.6865, rsi_period=18, rvol_period=21, rvol_threshold=5.0404, sell_rsi=73.3367, stop_loss_pct=0.1258, take_profit_pct=0.1926
      change_vs_previous=adx_period: 30 -> 18; adx_threshold: 34.2016 -> 34.6067; bb_period: 15 -> 14; bb_stddev: 3.8725 -> 3.0649; buy_rsi: 17.2641 -> 33.0315; cooldown_bars: 10 -> 15; max_cash_fraction: 0.176 -> 0.2146; relative_strength_period: 23 -> 39; relative_strength_threshold: -2.4804 -> -1.6865; rsi_period: 17 -> 18; rvol_period: 17 -> 21; rvol_threshold: 5.3602 -> 5.0404; sell_rsi: 69.0275 -> 73.3367; stop_loss_pct: 0.1316 -> 0.1258; take_profit_pct: 0.1311 -> 0.1926
      relative_profit=$-23,748.25, absolute_profit=$-19,990.75, buys=2426, score=(-35878.25, -2426, -4852), objective=-35,878.25
    Trial 071: window=2024-08-07 11:49 UTC -> 2024-11-05 11:49 UTC, months=[2024-08, 2024-09, 2024-10, 2024-11], symbols=[ABBV, AXP, BLDP, CAN, CF, CL, COST, CRM, CSX, D, DG, DOCU, DVN, EA, ECL, ED, FAST, FCEL, FCX, KLAC, ... (+30 more)], proposal=optuna_tpe
      params=adx_period=19, adx_threshold=37.2562, bb_period=18, bb_stddev=2.9593, buy_rsi=31.5248, cooldown_bars=17, max_cash_fraction=0.2146, relative_strength_period=42, relative_strength_threshold=-2.375, rsi_period=19, rvol_period=17, rvol_threshold=5.0532, sell_rsi=72.1973, stop_loss_pct=0.0992, take_profit_pct=0.198
      change_vs_previous=adx_period: 18 -> 19; adx_threshold: 34.6067 -> 37.2562; bb_period: 14 -> 18; bb_stddev: 3.0649 -> 2.9593; buy_rsi: 33.0315 -> 31.5248; cooldown_bars: 15 -> 17; relative_strength_period: 39 -> 42; relative_strength_threshold: -1.6865 -> -2.375; rsi_period: 18 -> 19; rvol_period: 21 -> 17; rvol_threshold: 5.0404 -> 5.0532; sell_rsi: 73.3367 -> 72.1973; stop_loss_pct: 0.1258 -> 0.0992; take_profit_pct: 0.1926 -> 0.198
      relative_profit=$-24,636.68, absolute_profit=$-16,485.43, buys=2449, score=(-36881.68, -2449, -4898), objective=-36,881.68
    Trial 072: window=2024-08-14 18:31 UTC -> 2024-11-12 18:31 UTC, months=[2024-08, 2024-09, 2024-10, 2024-11], symbols=[ABBV, AES, AI, AMZN, APA, BBAI, BBY, BEAM, BNTX, CAN, CAT, CCI, CHRW, CRSP, CSCO, D, DIS, DOCU, DOW, DPZ, ... (+30 more)], proposal=optuna_tpe
      params=adx_period=28, adx_threshold=33.2083, bb_period=15, bb_stddev=4.0559, buy_rsi=17.4251, cooldown_bars=12, max_cash_fraction=0.222, relative_strength_period=27, relative_strength_threshold=-2.4612, rsi_period=17, rvol_period=17, rvol_threshold=4.8084, sell_rsi=65.4524, stop_loss_pct=0.1298, take_profit_pct=0.1701
      change_vs_previous=adx_period: 19 -> 28; adx_threshold: 37.2562 -> 33.2083; bb_period: 18 -> 15; bb_stddev: 2.9593 -> 4.0559; buy_rsi: 31.5248 -> 17.4251; cooldown_bars: 17 -> 12; max_cash_fraction: 0.2146 -> 0.222; relative_strength_period: 42 -> 27; relative_strength_threshold: -2.375 -> -2.4612; rsi_period: 19 -> 17; rvol_threshold: 5.0532 -> 4.8084; sell_rsi: 72.1973 -> 65.4524; stop_loss_pct: 0.0992 -> 0.1298; take_profit_pct: 0.198 -> 0.1701
      relative_profit=$-26,141.47, absolute_profit=$-16,604.80, buys=2881, score=(-40546.47, -2881, -5762), objective=-40,546.47
    Trial 073: window=2024-03-19 10:46 UTC -> 2024-06-17 10:46 UTC, months=[2024-03, 2024-04, 2024-05, 2024-06], symbols=[AEP, AES, APD, BBAI, BBY, BEAM, CAN, CMCSA, CSCO, DE, DOW, EL, EMR, EOG, ESTC, EXPD, FCX, FIS, HD, HOOD, ... (+30 more)], proposal=optuna_tpe
      params=adx_period=26, adx_threshold=37.3077, bb_period=14, bb_stddev=3.715, buy_rsi=13.6582, cooldown_bars=10, max_cash_fraction=0.2003, relative_strength_period=30, relative_strength_threshold=-2.782, rsi_period=16, rvol_period=6, rvol_threshold=4.7307, sell_rsi=76.4756, stop_loss_pct=0.1366, take_profit_pct=0.1226
      change_vs_previous=adx_period: 28 -> 26; adx_threshold: 33.2083 -> 37.3077; bb_period: 15 -> 14; bb_stddev: 4.0559 -> 3.715; buy_rsi: 17.4251 -> 13.6582; cooldown_bars: 12 -> 10; max_cash_fraction: 0.222 -> 0.2003; relative_strength_period: 27 -> 30; relative_strength_threshold: -2.4612 -> -2.782; rsi_period: 17 -> 16; rvol_period: 17 -> 6; rvol_threshold: 4.8084 -> 4.7307; sell_rsi: 65.4524 -> 76.4756; stop_loss_pct: 0.1298 -> 0.1366; take_profit_pct: 0.1701 -> 0.1226
      relative_profit=$-25,493.61, absolute_profit=$-19,670.03, buys=2110, score=(-36043.61, -2110, -4220), objective=-36,043.61
    Trial 074: window=2024-02-01 17:03 UTC -> 2024-05-01 17:03 UTC, months=[2024-02, 2024-03, 2024-04, 2024-05], symbols=[ADM, AEP, AMT, AON, APD, ASML, AXP, BA, BABA, BKR, CAN, CF, CMCSA, CMG, COP, CRM, CRSP, DHR, ECL, ED, ... (+30 more)], proposal=optuna_tpe
      params=adx_period=17, adx_threshold=36.7231, bb_period=12, bb_stddev=4.1844, buy_rsi=20.8611, cooldown_bars=14, max_cash_fraction=0.2276, relative_strength_period=49, relative_strength_threshold=-2.1491, rsi_period=16, rvol_period=24, rvol_threshold=4.0863, sell_rsi=65.4755, stop_loss_pct=0.1388, take_profit_pct=0.1905
      change_vs_previous=adx_period: 26 -> 17; adx_threshold: 37.3077 -> 36.7231; bb_period: 14 -> 12; bb_stddev: 3.715 -> 4.1844; buy_rsi: 13.6582 -> 20.8611; cooldown_bars: 10 -> 14; max_cash_fraction: 0.2003 -> 0.2276; relative_strength_period: 30 -> 49; relative_strength_threshold: -2.782 -> -2.1491; rvol_period: 6 -> 24; rvol_threshold: 4.7307 -> 4.0863; sell_rsi: 76.4756 -> 65.4755; stop_loss_pct: 0.1366 -> 0.1388; take_profit_pct: 0.1226 -> 0.1905
      relative_profit=$-37,328.92, absolute_profit=$-34,442.46, buys=3267, score=(-53663.92, -3267, -6534), objective=-53,663.92
    Trial 075: window=2024-06-11 19:52 UTC -> 2024-09-09 19:52 UTC, months=[2024-06, 2024-07, 2024-08, 2024-09], symbols=[AFRM, AVAV, BLDP, BMY, C, CHRW, CHWY, CME, CMG, DDOG, DIA, DOW, DPZ, DUK, EDIT, EOG, ETSY, FAST, HAL, HLT, ... (+30 more)], proposal=optuna_tpe
      params=adx_period=25, adx_threshold=32.8052, bb_period=12, bb_stddev=4.4438, buy_rsi=10.3756, cooldown_bars=13, max_cash_fraction=0.2371, relative_strength_period=34, relative_strength_threshold=-2.4927, rsi_period=13, rvol_period=13, rvol_threshold=5.636, sell_rsi=68.8447, stop_loss_pct=0.1378, take_profit_pct=0.168
      change_vs_previous=adx_period: 17 -> 25; adx_threshold: 36.7231 -> 32.8052; bb_stddev: 4.1844 -> 4.4438; buy_rsi: 20.8611 -> 10.3756; cooldown_bars: 14 -> 13; max_cash_fraction: 0.2276 -> 0.2371; relative_strength_period: 49 -> 34; relative_strength_threshold: -2.1491 -> -2.4927; rsi_period: 16 -> 13; rvol_period: 24 -> 13; rvol_threshold: 4.0863 -> 5.636; sell_rsi: 65.4755 -> 68.8447; stop_loss_pct: 0.1388 -> 0.1378; take_profit_pct: 0.1905 -> 0.168
      relative_profit=$-10,780.14, absolute_profit=$-9,029.76, buys=3523, score=(-28395.14, -3523, -7046), objective=-28,395.14
    Trial 076: window=2024-02-28 20:44 UTC -> 2024-05-28 20:44 UTC, months=[2024-02, 2024-03, 2024-04, 2024-05], symbols=[ADM, ASML, AVGO, BE, BKR, BNTX, CCI, CF, CMCSA, CRM, CRWD, CVNA, EL, ENPH, FCEL, GOOGL, HD, HUBS, KLAC, LI, ... (+30 more)], proposal=optuna_tpe
      params=adx_period=23, adx_threshold=39.4019, bb_period=13, bb_stddev=4.0093, buy_rsi=17.3667, cooldown_bars=11, max_cash_fraction=0.1626, relative_strength_period=36, relative_strength_threshold=-2.7857, rsi_period=15, rvol_period=11, rvol_threshold=5.8537, sell_rsi=74.4539, stop_loss_pct=0.1377, take_profit_pct=0.1459
      change_vs_previous=adx_period: 25 -> 23; adx_threshold: 32.8052 -> 39.4019; bb_period: 12 -> 13; bb_stddev: 4.4438 -> 4.0093; buy_rsi: 10.3756 -> 17.3667; cooldown_bars: 13 -> 11; max_cash_fraction: 0.2371 -> 0.1626; relative_strength_period: 34 -> 36; relative_strength_threshold: -2.4927 -> -2.7857; rsi_period: 13 -> 15; rvol_period: 13 -> 11; rvol_threshold: 5.636 -> 5.8537; sell_rsi: 68.8447 -> 74.4539; stop_loss_pct: 0.1378 -> 0.1377; take_profit_pct: 0.168 -> 0.1459
      relative_profit=$-23,671.67, absolute_profit=$-18,979.08, buys=2405, score=(-35696.67, -2405, -4810), objective=-35,696.67
    Trial 077: window=2024-02-29 13:21 UTC -> 2024-05-29 13:21 UTC, months=[2024-02, 2024-03, 2024-04, 2024-05], symbols=[AEP, AFRM, AMD, APD, BBAI, BHP, BLK, CAN, CB, CCI, CMCSA, DPZ, DVN, ED, EOG, ESTC, FANG, FIS, GM, HD, ... (+30 more)], proposal=optuna_tpe
      params=adx_period=25, adx_threshold=38.8083, bb_period=16, bb_stddev=4.1058, buy_rsi=12.089, cooldown_bars=8, max_cash_fraction=0.2101, relative_strength_period=28, relative_strength_threshold=-2.4984, rsi_period=15, rvol_period=8, rvol_threshold=4.916, sell_rsi=71.9506, stop_loss_pct=0.1488, take_profit_pct=0.1604
      change_vs_previous=adx_period: 23 -> 25; adx_threshold: 39.4019 -> 38.8083; bb_period: 13 -> 16; bb_stddev: 4.0093 -> 4.1058; buy_rsi: 17.3667 -> 12.089; cooldown_bars: 11 -> 8; max_cash_fraction: 0.1626 -> 0.2101; relative_strength_period: 36 -> 28; relative_strength_threshold: -2.7857 -> -2.4984; rvol_period: 11 -> 8; rvol_threshold: 5.8537 -> 4.916; sell_rsi: 74.4539 -> 71.9506; stop_loss_pct: 0.1377 -> 0.1488; take_profit_pct: 0.1459 -> 0.1604
      relative_profit=$-29,916.43, absolute_profit=$-25,779.52, buys=2663, score=(-43231.43, -2663, -5326), objective=-43,231.43
    Trial 078: window=2024-09-16 17:59 UTC -> 2024-12-14 00:59 UTC, months=[2024-09, 2024-10, 2024-11, 2024-12], symbols=[ABBV, AFRM, AI, ARCT, CHRW, CHWY, CMG, COIN, CRM, CVNA, DDOG, DE, EQIX, ETN, FANG, FSLY, GD, HCA, HLT, HON, ... (+30 more)], proposal=optuna_tpe
      params=adx_period=30, adx_threshold=36.6348, bb_period=13, bb_stddev=4.3119, buy_rsi=13.8688, cooldown_bars=11, max_cash_fraction=0.1885, relative_strength_period=30, relative_strength_threshold=-2.4503, rsi_period=11, rvol_period=11, rvol_threshold=4.9372, sell_rsi=71.6253, stop_loss_pct=0.1223, take_profit_pct=0.1338
      change_vs_previous=adx_period: 25 -> 30; adx_threshold: 38.8083 -> 36.6348; bb_period: 16 -> 13; bb_stddev: 4.1058 -> 4.3119; buy_rsi: 12.089 -> 13.8688; cooldown_bars: 8 -> 11; max_cash_fraction: 0.2101 -> 0.1885; relative_strength_period: 28 -> 30; relative_strength_threshold: -2.4984 -> -2.4503; rsi_period: 15 -> 11; rvol_period: 8 -> 11; rvol_threshold: 4.916 -> 4.9372; sell_rsi: 71.9506 -> 71.6253; stop_loss_pct: 0.1488 -> 0.1223; take_profit_pct: 0.1604 -> 0.1338
      relative_profit=$-51,944.55, absolute_profit=$-44,639.27, buys=5261, score=(-78249.54999999999, -5261, -10522), objective=-78,249.55
    Trial 079: window=2024-06-10 10:02 UTC -> 2024-09-06 23:59 UTC, months=[2024-06, 2024-07, 2024-08, 2024-09], symbols=[ABNB, ADBE, AFRM, AMZN, APD, BALL, COP, CRM, CVNA, DDOG, DG, EDIT, EXC, EXPD, GE, GIS, HD, HUBS, JPM, LIN, ... (+30 more)], proposal=optuna_tpe
      params=adx_period=23, adx_threshold=35.7483, bb_period=19, bb_stddev=3.4159, buy_rsi=28.4746, cooldown_bars=17, max_cash_fraction=0.246, relative_strength_period=33, relative_strength_threshold=-1.9305, rsi_period=15, rvol_period=22, rvol_threshold=5.0845, sell_rsi=76.4937, stop_loss_pct=0.1459, take_profit_pct=0.1906
      change_vs_previous=adx_period: 30 -> 23; adx_threshold: 36.6348 -> 35.7483; bb_period: 13 -> 19; bb_stddev: 4.3119 -> 3.4159; buy_rsi: 13.8688 -> 28.4746; cooldown_bars: 11 -> 17; max_cash_fraction: 0.1885 -> 0.246; relative_strength_period: 30 -> 33; relative_strength_threshold: -2.4503 -> -1.9305; rsi_period: 11 -> 15; rvol_period: 11 -> 22; rvol_threshold: 4.9372 -> 5.0845; sell_rsi: 71.6253 -> 76.4937; stop_loss_pct: 0.1223 -> 0.1459; take_profit_pct: 0.1338 -> 0.1906
      relative_profit=$-15,893.53, absolute_profit=$-14,836.38, buys=2512, score=(-28453.53, -2512, -5024), objective=-28,453.53
    Trial 080: window=2024-05-22 19:45 UTC -> 2024-08-20 19:45 UTC, months=[2024-05, 2024-06, 2024-07, 2024-08], symbols=[AEP, AMD, AMT, AMZN, AON, BALL, CAN, CAT, CCI, CMCSA, COIN, COST, CRSP, CSCO, D, DD, DE, DHR, DPZ, DUK, ... (+30 more)], proposal=optuna_tpe
      params=adx_period=33, adx_threshold=34.1867, bb_period=14, bb_stddev=3.9759, buy_rsi=14.82, cooldown_bars=14, max_cash_fraction=0.1804, relative_strength_period=38, relative_strength_threshold=-2.7139, rsi_period=15, rvol_period=12, rvol_threshold=5.1962, sell_rsi=70.9738, stop_loss_pct=0.1398, take_profit_pct=0.1526
      change_vs_previous=adx_period: 23 -> 33; adx_threshold: 35.7483 -> 34.1867; bb_period: 19 -> 14; bb_stddev: 3.4159 -> 3.9759; buy_rsi: 28.4746 -> 14.82; cooldown_bars: 17 -> 14; max_cash_fraction: 0.246 -> 0.1804; relative_strength_period: 33 -> 38; relative_strength_threshold: -1.9305 -> -2.7139; rvol_period: 22 -> 12; rvol_threshold: 5.0845 -> 5.1962; sell_rsi: 76.4937 -> 70.9738; stop_loss_pct: 0.1459 -> 0.1398; take_profit_pct: 0.1906 -> 0.1526
      relative_profit=$-31,069.83, absolute_profit=$-25,448.77, buys=2861, score=(-45374.83, -2861, -5722), objective=-45,374.83
    Trial 081: window=2024-08-07 21:15 UTC -> 2024-11-05 21:15 UTC, months=[2024-08, 2024-09, 2024-10, 2024-11], symbols=[ABNB, AEP, AMD, APA, APD, BNTX, CAN, CCI, CMCSA, COP, CVNA, D, DD, DE, DOCU, EDIT, ENPH, EOG, FAST, FCEL, ... (+30 more)], proposal=optuna_tpe
      params=adx_period=27, adx_threshold=36.7188, bb_period=17, bb_stddev=3.8593, buy_rsi=18.894, cooldown_bars=16, max_cash_fraction=0.1781, relative_strength_period=33, relative_strength_threshold=-2.8681, rsi_period=19, rvol_period=13, rvol_threshold=5.5414, sell_rsi=75.7376, stop_loss_pct=0.1457, take_profit_pct=0.1497
      change_vs_previous=adx_period: 33 -> 27; adx_threshold: 34.1867 -> 36.7188; bb_period: 14 -> 17; bb_stddev: 3.9759 -> 3.8593; buy_rsi: 14.82 -> 18.894; cooldown_bars: 14 -> 16; max_cash_fraction: 0.1804 -> 0.1781; relative_strength_period: 38 -> 33; relative_strength_threshold: -2.7139 -> -2.8681; rsi_period: 15 -> 19; rvol_period: 12 -> 13; rvol_threshold: 5.1962 -> 5.5414; sell_rsi: 70.9738 -> 75.7376; stop_loss_pct: 0.1398 -> 0.1457; take_profit_pct: 0.1526 -> 0.1497
      relative_profit=$-18,195.90, absolute_profit=$-6,421.44, buys=2194, score=(-29165.899999999998, -2194, -4388), objective=-29,165.90
    Trial 082: window=2024-02-20 15:20 UTC -> 2024-05-20 15:20 UTC, months=[2024-02, 2024-03, 2024-04, 2024-05], symbols=[APA, APP, BILL, BNTX, COST, CRWD, CVNA, DVN, ESTC, ETN, EXPD, FCEL, FISV, GE, GM, GOOGL, GS, HLT, KLAC, KO, ... (+30 more)], proposal=optuna_tpe
      params=adx_period=21, adx_threshold=32.6886, bb_period=11, bb_stddev=3.9544, buy_rsi=14.5339, cooldown_bars=15, max_cash_fraction=0.2156, relative_strength_period=33, relative_strength_threshold=-2.6775, rsi_period=15, rvol_period=19, rvol_threshold=4.7715, sell_rsi=71.5819, stop_loss_pct=0.1426, take_profit_pct=0.1556
      change_vs_previous=adx_period: 27 -> 21; adx_threshold: 36.7188 -> 32.6886; bb_period: 17 -> 11; bb_stddev: 3.8593 -> 3.9544; buy_rsi: 18.894 -> 14.5339; cooldown_bars: 16 -> 15; max_cash_fraction: 0.1781 -> 0.2156; relative_strength_threshold: -2.8681 -> -2.6775; rsi_period: 19 -> 15; rvol_period: 13 -> 19; rvol_threshold: 5.5414 -> 4.7715; sell_rsi: 75.7376 -> 71.5819; stop_loss_pct: 0.1457 -> 0.1426; take_profit_pct: 0.1497 -> 0.1556
      relative_profit=$-31,564.36, absolute_profit=$-24,591.33, buys=3091, score=(-47019.36, -3091, -6182), objective=-47,019.36
    Trial 083: window=2024-06-13 14:17 UTC -> 2024-09-11 14:17 UTC, months=[2024-06, 2024-07, 2024-08, 2024-09], symbols=[ABNB, AEP, AI, ALB, AMAT, ARCT, AVAV, BA, BAC, BKR, BLK, C, CME, COST, DAL, DDOG, DIA, EXC, GIS, GM, ... (+30 more)], proposal=optuna_tpe
      params=adx_period=23, adx_threshold=35.1165, bb_period=14, bb_stddev=4.2906, buy_rsi=20.7043, cooldown_bars=17, max_cash_fraction=0.2192, relative_strength_period=14, relative_strength_threshold=-1.9637, rsi_period=19, rvol_period=29, rvol_threshold=5.6063, sell_rsi=74.3019, stop_loss_pct=0.1123, take_profit_pct=0.1667
      change_vs_previous=adx_period: 21 -> 23; adx_threshold: 32.6886 -> 35.1165; bb_period: 11 -> 14; bb_stddev: 3.9544 -> 4.2906; buy_rsi: 14.5339 -> 20.7043; cooldown_bars: 15 -> 17; max_cash_fraction: 0.2156 -> 0.2192; relative_strength_period: 33 -> 14; relative_strength_threshold: -2.6775 -> -1.9637; rsi_period: 15 -> 19; rvol_period: 19 -> 29; rvol_threshold: 4.7715 -> 5.6063; sell_rsi: 71.5819 -> 74.3019; stop_loss_pct: 0.1426 -> 0.1123; take_profit_pct: 0.1556 -> 0.1667
      relative_profit=$-21,559.31, absolute_profit=$-21,314.84, buys=2143, score=(-32274.31, -2143, -4286), objective=-32,274.31
    Trial 084: window=2024-04-05 18:49 UTC -> 2024-07-03 20:59 UTC, months=[2024-04, 2024-05, 2024-06, 2024-07], symbols=[ABNB, AEP, AON, AXP, BABA, BALL, C, CAT, CHWY, COST, CRM, CSCO, DAL, DD, DE, DOCU, DOW, EA, EXC, GD, ... (+30 more)], proposal=optuna_tpe
      params=adx_period=21, adx_threshold=33.5313, bb_period=11, bb_stddev=3.762, buy_rsi=17.9477, cooldown_bars=13, max_cash_fraction=0.2214, relative_strength_period=37, relative_strength_threshold=-2.7648, rsi_period=18, rvol_period=21, rvol_threshold=4.662, sell_rsi=78.564, stop_loss_pct=0.1367, take_profit_pct=0.178
      change_vs_previous=adx_period: 23 -> 21; adx_threshold: 35.1165 -> 33.5313; bb_period: 14 -> 11; bb_stddev: 4.2906 -> 3.762; buy_rsi: 20.7043 -> 17.9477; cooldown_bars: 17 -> 13; max_cash_fraction: 0.2192 -> 0.2214; relative_strength_period: 14 -> 37; relative_strength_threshold: -1.9637 -> -2.7648; rsi_period: 19 -> 18; rvol_period: 29 -> 21; rvol_threshold: 5.6063 -> 4.662; sell_rsi: 74.3019 -> 78.564; stop_loss_pct: 0.1123 -> 0.1367; take_profit_pct: 0.1667 -> 0.178
      relative_profit=$-19,911.63, absolute_profit=$-13,438.71, buys=2281, score=(-31316.629999999997, -2281, -4562), objective=-31,316.63
    Trial 085: window=2024-07-02 22:41 UTC -> 2024-09-30 22:41 UTC, months=[2024-07, 2024-08, 2024-09], symbols=[AES, BEAM, BLK, C, CAN, CCI, CMCSA, COST, CRM, CRSP, DHR, EA, EDIT, ESTC, FSLY, GPN, GS, HAL, HD, HLT, ... (+30 more)], proposal=optuna_tpe
      params=adx_period=22, adx_threshold=34.2502, bb_period=10, bb_stddev=4.0853, buy_rsi=15.5972, cooldown_bars=13, max_cash_fraction=0.2277, relative_strength_period=38, relative_strength_threshold=-2.8645, rsi_period=11, rvol_period=22, rvol_threshold=5.1444, sell_rsi=69.9041, stop_loss_pct=0.1474, take_profit_pct=0.1945
      change_vs_previous=adx_period: 21 -> 22; adx_threshold: 33.5313 -> 34.2502; bb_period: 11 -> 10; bb_stddev: 3.762 -> 4.0853; buy_rsi: 17.9477 -> 15.5972; max_cash_fraction: 0.2214 -> 0.2277; relative_strength_period: 37 -> 38; relative_strength_threshold: -2.7648 -> -2.8645; rsi_period: 18 -> 11; rvol_period: 21 -> 22; rvol_threshold: 4.662 -> 5.1444; sell_rsi: 78.564 -> 69.9041; stop_loss_pct: 0.1367 -> 0.1474; take_profit_pct: 0.178 -> 0.1945
      relative_profit=$-52,594.29, absolute_profit=$-48,149.27, buys=5596, score=(-80574.29, -5596, -11192), objective=-80,574.29
    Trial 086: window=2024-04-19 12:18 UTC -> 2024-07-18 12:18 UTC, months=[2024-04, 2024-05, 2024-06, 2024-07], symbols=[AI, AON, ARCT, BAC, BBAI, BKR, CF, COIN, COP, CRWD, CSCO, CVNA, D, ED, FANG, FISV, FSLY, GILD, HD, HOOD, ... (+30 more)], proposal=optuna_tpe
      params=adx_period=27, adx_threshold=34.9445, bb_period=13, bb_stddev=3.7274, buy_rsi=14.4844, cooldown_bars=10, max_cash_fraction=0.1949, relative_strength_period=36, relative_strength_threshold=-2.7747, rsi_period=19, rvol_period=15, rvol_threshold=5.5913, sell_rsi=77.7906, stop_loss_pct=0.1493, take_profit_pct=0.1471
      change_vs_previous=adx_period: 22 -> 27; adx_threshold: 34.2502 -> 34.9445; bb_period: 10 -> 13; bb_stddev: 4.0853 -> 3.7274; buy_rsi: 15.5972 -> 14.4844; cooldown_bars: 13 -> 10; max_cash_fraction: 0.2277 -> 0.1949; relative_strength_period: 38 -> 36; relative_strength_threshold: -2.8645 -> -2.7747; rsi_period: 11 -> 19; rvol_period: 22 -> 15; rvol_threshold: 5.1444 -> 5.5913; sell_rsi: 69.9041 -> 77.7906; stop_loss_pct: 0.1474 -> 0.1493; take_profit_pct: 0.1945 -> 0.1471
      relative_profit=$-22,450.57, absolute_profit=$-10,740.96, buys=2010, score=(-32500.57, -2010, -4020), objective=-32,500.57
    Trial 087: window=2024-05-17 21:22 UTC -> 2024-08-15 21:22 UTC, months=[2024-05, 2024-06, 2024-07, 2024-08], symbols=[AAPL, ABBV, ADM, AES, AI, AMAT, BA, BLK, CAN, CME, COP, CSCO, DPZ, EA, ETN, EXC, FANG, FIS, FISV, GREE, ... (+30 more)], proposal=optuna_tpe
      params=adx_period=23, adx_threshold=32.4235, bb_period=12, bb_stddev=4.4722, buy_rsi=10.8371, cooldown_bars=13, max_cash_fraction=0.2435, relative_strength_period=37, relative_strength_threshold=-2.6119, rsi_period=19, rvol_period=12, rvol_threshold=4.9529, sell_rsi=68.4631, stop_loss_pct=0.1267, take_profit_pct=0.1643
      change_vs_previous=adx_period: 27 -> 23; adx_threshold: 34.9445 -> 32.4235; bb_period: 13 -> 12; bb_stddev: 3.7274 -> 4.4722; buy_rsi: 14.4844 -> 10.8371; cooldown_bars: 10 -> 13; max_cash_fraction: 0.1949 -> 0.2435; relative_strength_period: 36 -> 37; relative_strength_threshold: -2.7747 -> -2.6119; rvol_period: 15 -> 12; rvol_threshold: 5.5913 -> 4.9529; sell_rsi: 77.7906 -> 68.4631; stop_loss_pct: 0.1493 -> 0.1267; take_profit_pct: 0.1471 -> 0.1643
      relative_profit=$-8,724.44, absolute_profit=$-4,313.33, buys=1958, score=(-18514.44, -1958, -3916), objective=-18,514.44
    Trial 088: window=2024-07-18 15:35 UTC -> 2024-10-16 15:35 UTC, months=[2024-07, 2024-08, 2024-09, 2024-10], symbols=[ADM, AES, AMAT, APA, AVGO, CHWY, CRWD, CSCO, CSX, DD, DPZ, EA, F, GD, GILD, GS, HOOD, KLAC, LIN, LOW, ... (+30 more)], proposal=optuna_tpe
      params=adx_period=29, adx_threshold=31.4275, bb_period=15, bb_stddev=3.7069, buy_rsi=19.4066, cooldown_bars=13, max_cash_fraction=0.175, relative_strength_period=25, relative_strength_threshold=-2.889, rsi_period=15, rvol_period=12, rvol_threshold=4.7245, sell_rsi=69.8012, stop_loss_pct=0.1437, take_profit_pct=0.1722
      change_vs_previous=adx_period: 23 -> 29; adx_threshold: 32.4235 -> 31.4275; bb_period: 12 -> 15; bb_stddev: 4.4722 -> 3.7069; buy_rsi: 10.8371 -> 19.4066; max_cash_fraction: 0.2435 -> 0.175; relative_strength_period: 37 -> 25; relative_strength_threshold: -2.6119 -> -2.889; rsi_period: 19 -> 15; rvol_threshold: 4.9529 -> 4.7245; sell_rsi: 68.4631 -> 69.8012; stop_loss_pct: 0.1267 -> 0.1437; take_profit_pct: 0.1643 -> 0.1722
      relative_profit=$-33,226.55, absolute_profit=$-28,375.76, buys=3309, score=(-49771.549999999996, -3309, -6618), objective=-49,771.55
    Trial 089: window=2024-03-11 13:09 UTC -> 2024-06-07 23:59 UTC, months=[2024-03, 2024-04, 2024-05, 2024-06], symbols=[AAPL, ABNB, AFRM, APD, AVAV, BAC, BBAI, BKR, CB, CHRW, COIN, DDOG, DOCU, DUK, ECL, EL, EQIX, GIS, HON, HOOD, ... (+30 more)], proposal=optuna_tpe
      params=adx_period=28, adx_threshold=32.4319, bb_period=13, bb_stddev=3.9831, buy_rsi=11.5892, cooldown_bars=15, max_cash_fraction=0.1783, relative_strength_period=26, relative_strength_threshold=-2.5255, rsi_period=18, rvol_period=17, rvol_threshold=4.8528, sell_rsi=68.3729, stop_loss_pct=0.1478, take_profit_pct=0.1555
      change_vs_previous=adx_period: 29 -> 28; adx_threshold: 31.4275 -> 32.4319; bb_period: 15 -> 13; bb_stddev: 3.7069 -> 3.9831; buy_rsi: 19.4066 -> 11.5892; cooldown_bars: 13 -> 15; max_cash_fraction: 0.175 -> 0.1783; relative_strength_period: 25 -> 26; relative_strength_threshold: -2.889 -> -2.5255; rsi_period: 15 -> 18; rvol_period: 12 -> 17; rvol_threshold: 4.7245 -> 4.8528; sell_rsi: 69.8012 -> 68.3729; stop_loss_pct: 0.1437 -> 0.1478; take_profit_pct: 0.1722 -> 0.1555
      relative_profit=$-22,821.34, absolute_profit=$-18,343.03, buys=2179, score=(-33716.34, -2179, -4358), objective=-33,716.34
    Trial 090: window=2024-05-13 09:47 UTC -> 2024-08-09 23:59 UTC, months=[2024-05, 2024-06, 2024-07, 2024-08], symbols=[ADBE, AMZN, AON, BBAI, BBY, CF, CHWY, CMG, CRSP, DE, DG, DKNG, DOCU, DOW, FCX, GOOGL, KHC, KO, LOW, MDT, ... (+30 more)], proposal=optuna_tpe
      params=adx_period=24, adx_threshold=34.0497, bb_period=10, bb_stddev=4.2506, buy_rsi=22.1332, cooldown_bars=17, max_cash_fraction=0.2337, relative_strength_period=17, relative_strength_threshold=-1.9413, rsi_period=16, rvol_period=24, rvol_threshold=5.5195, sell_rsi=75.7586, stop_loss_pct=0.1485, take_profit_pct=0.1701
      change_vs_previous=adx_period: 28 -> 24; adx_threshold: 32.4319 -> 34.0497; bb_period: 13 -> 10; bb_stddev: 3.9831 -> 4.2506; buy_rsi: 11.5892 -> 22.1332; cooldown_bars: 15 -> 17; max_cash_fraction: 0.1783 -> 0.2337; relative_strength_period: 26 -> 17; relative_strength_threshold: -2.5255 -> -1.9413; rsi_period: 18 -> 16; rvol_period: 17 -> 24; rvol_threshold: 4.8528 -> 5.5195; sell_rsi: 68.3729 -> 75.7586; stop_loss_pct: 0.1478 -> 0.1485; take_profit_pct: 0.1555 -> 0.1701
      relative_profit=$-7,642.05, absolute_profit=$-5,504.48, buys=2682, score=(-21052.05, -2682, -5364), objective=-21,052.05
    Trial 091: window=2024-03-08 19:06 UTC -> 2024-06-06 19:06 UTC, months=[2024-03, 2024-04, 2024-05, 2024-06], symbols=[AAPL, ADBE, AMD, AMT, BBAI, BBY, BHP, BLDP, CMG, CRM, CVNA, DAL, DD, DDOG, DKNG, DPZ, DUK, DVN, EDIT, EL, ... (+30 more)], proposal=optuna_tpe
      params=adx_period=23, adx_threshold=34.8059, bb_period=13, bb_stddev=3.5203, buy_rsi=14.7257, cooldown_bars=16, max_cash_fraction=0.2286, relative_strength_period=34, relative_strength_threshold=-2.4068, rsi_period=14, rvol_period=20, rvol_threshold=4.4445, sell_rsi=76.0041, stop_loss_pct=0.1464, take_profit_pct=0.1712
      change_vs_previous=adx_period: 24 -> 23; adx_threshold: 34.0497 -> 34.8059; bb_period: 10 -> 13; bb_stddev: 4.2506 -> 3.5203; buy_rsi: 22.1332 -> 14.7257; cooldown_bars: 17 -> 16; max_cash_fraction: 0.2337 -> 0.2286; relative_strength_period: 17 -> 34; relative_strength_threshold: -1.9413 -> -2.4068; rsi_period: 16 -> 14; rvol_period: 24 -> 20; rvol_threshold: 5.5195 -> 4.4445; sell_rsi: 75.7586 -> 76.0041; stop_loss_pct: 0.1485 -> 0.1464; take_profit_pct: 0.1701 -> 0.1712
      relative_profit=$-34,776.28, absolute_profit=$-30,506.96, buys=2912, score=(-49336.28, -2912, -5824), objective=-49,336.28
    Trial 092: window=2024-08-28 18:41 UTC -> 2024-11-26 18:41 UTC, months=[2024-08, 2024-09, 2024-10, 2024-11], symbols=[ADM, AEP, AON, APP, AVGO, BILL, BLDP, COP, CRSP, DAL, DOW, EA, ED, ENPH, F, HCA, LSTR, LULU, LYB, MARA, ... (+30 more)], proposal=optuna_tpe
      params=adx_period=18, adx_threshold=37.7849, bb_period=12, bb_stddev=3.7348, buy_rsi=23.7589, cooldown_bars=16, max_cash_fraction=0.2237, relative_strength_period=31, relative_strength_threshold=-2.9508, rsi_period=17, rvol_period=19, rvol_threshold=4.8174, sell_rsi=73.9073, stop_loss_pct=0.1376, take_profit_pct=0.1687
      change_vs_previous=adx_period: 23 -> 18; adx_threshold: 34.8059 -> 37.7849; bb_period: 13 -> 12; bb_stddev: 3.5203 -> 3.7348; buy_rsi: 14.7257 -> 23.7589; max_cash_fraction: 0.2286 -> 0.2237; relative_strength_period: 34 -> 31; relative_strength_threshold: -2.4068 -> -2.9508; rsi_period: 14 -> 17; rvol_period: 20 -> 19; rvol_threshold: 4.4445 -> 4.8174; sell_rsi: 76.0041 -> 73.9073; stop_loss_pct: 0.1464 -> 0.1376; take_profit_pct: 0.1712 -> 0.1687
      relative_profit=$-24,092.35, absolute_profit=$-16,241.31, buys=2625, score=(-37217.35, -2625, -5250), objective=-37,217.35
    Trial 093: window=2024-09-09 08:22 UTC -> 2024-12-07 00:59 UTC, months=[2024-09, 2024-10, 2024-11, 2024-12], symbols=[AMT, APA, ASML, BA, BHP, BILL, BLDP, BNTX, CHRW, CMG, CRM, CRSP, CRWD, CVNA, DHR, DIS, ENPH, EOG, F, GE, ... (+30 more)], proposal=optuna_tpe
      params=adx_period=27, adx_threshold=36.3929, bb_period=15, bb_stddev=3.8166, buy_rsi=13.7995, cooldown_bars=10, max_cash_fraction=0.1615, relative_strength_period=36, relative_strength_threshold=-2.5707, rsi_period=16, rvol_period=7, rvol_threshold=5.0707, sell_rsi=72.2821, stop_loss_pct=0.1477, take_profit_pct=0.1461
      change_vs_previous=adx_period: 18 -> 27; adx_threshold: 37.7849 -> 36.3929; bb_period: 12 -> 15; bb_stddev: 3.7348 -> 3.8166; buy_rsi: 23.7589 -> 13.7995; cooldown_bars: 16 -> 10; max_cash_fraction: 0.2237 -> 0.1615; relative_strength_period: 31 -> 36; relative_strength_threshold: -2.9508 -> -2.5707; rsi_period: 17 -> 16; rvol_period: 19 -> 7; rvol_threshold: 4.8174 -> 5.0707; sell_rsi: 73.9073 -> 72.2821; stop_loss_pct: 0.1376 -> 0.1477; take_profit_pct: 0.1687 -> 0.1461
      relative_profit=$-24,620.56, absolute_profit=$-12,868.42, buys=2392, score=(-36580.56, -2392, -4784), objective=-36,580.56
    Trial 094: window=2024-08-06 12:59 UTC -> 2024-11-04 12:59 UTC, months=[2024-08, 2024-09, 2024-10, 2024-11], symbols=[ABNB, AMD, APP, BALL, BE, BLDP, BMY, C, CAT, COP, D, DG, DOCU, DOW, EMR, FIS, GD, HAL, HUBS, INTU, ... (+30 more)], proposal=optuna_tpe
      params=adx_period=28, adx_threshold=36.0332, bb_period=13, bb_stddev=3.6732, buy_rsi=12.1191, cooldown_bars=11, max_cash_fraction=0.2288, relative_strength_period=31, relative_strength_threshold=-2.5065, rsi_period=19, rvol_period=14, rvol_threshold=5.4521, sell_rsi=72.7035, stop_loss_pct=0.1431, take_profit_pct=0.1431
      change_vs_previous=adx_period: 27 -> 28; adx_threshold: 36.3929 -> 36.0332; bb_period: 15 -> 13; bb_stddev: 3.8166 -> 3.6732; buy_rsi: 13.7995 -> 12.1191; cooldown_bars: 10 -> 11; max_cash_fraction: 0.1615 -> 0.2288; relative_strength_period: 36 -> 31; relative_strength_threshold: -2.5707 -> -2.5065; rsi_period: 16 -> 19; rvol_period: 7 -> 14; rvol_threshold: 5.0707 -> 5.4521; sell_rsi: 72.2821 -> 72.7035; stop_loss_pct: 0.1477 -> 0.1431; take_profit_pct: 0.1461 -> 0.1431
      relative_profit=$-21,430.88, absolute_profit=$-11,393.70, buys=1996, score=(-31410.88, -1996, -3992), objective=-31,410.88
    Trial 095: window=2024-02-15 17:58 UTC -> 2024-05-15 17:58 UTC, months=[2024-02, 2024-03, 2024-04, 2024-05], symbols=[ALB, AMAT, AMZN, ARCT, AVGO, BALL, BBY, BEAM, BHP, BMY, BNTX, CB, CRM, DE, DHR, DOCU, DOW, GIS, GOOGL, GREE, ... (+30 more)], proposal=optuna_tpe
      params=adx_period=19, adx_threshold=36.0769, bb_period=10, bb_stddev=3.8947, buy_rsi=21.1993, cooldown_bars=17, max_cash_fraction=0.2118, relative_strength_period=36, relative_strength_threshold=-2.6548, rsi_period=15, rvol_period=19, rvol_threshold=4.7608, sell_rsi=75.1423, stop_loss_pct=0.1487, take_profit_pct=0.1921
      change_vs_previous=adx_period: 28 -> 19; adx_threshold: 36.0332 -> 36.0769; bb_period: 13 -> 10; bb_stddev: 3.6732 -> 3.8947; buy_rsi: 12.1191 -> 21.1993; cooldown_bars: 11 -> 17; max_cash_fraction: 0.2288 -> 0.2118; relative_strength_period: 31 -> 36; relative_strength_threshold: -2.5065 -> -2.6548; rsi_period: 19 -> 15; rvol_period: 14 -> 19; rvol_threshold: 5.4521 -> 4.7608; sell_rsi: 72.7035 -> 75.1423; stop_loss_pct: 0.1431 -> 0.1487; take_profit_pct: 0.1431 -> 0.1921
      relative_profit=$-26,300.81, absolute_profit=$-20,622.10, buys=2689, score=(-39745.81, -2689, -5378), objective=-39,745.81
    Trial 096: window=2024-09-05 08:43 UTC -> 2024-12-04 00:59 UTC, months=[2024-09, 2024-10, 2024-11, 2024-12], symbols=[AEP, AFRM, AXP, BA, BBAI, BE, CAN, CMCSA, CRM, DD, DE, DHR, FCEL, GILD, GS, HOOD, IFF, INTU, JBHT, KLAC, ... (+30 more)], proposal=optuna_tpe
      params=adx_period=24, adx_threshold=33.4584, bb_period=11, bb_stddev=4.2221, buy_rsi=22.1195, cooldown_bars=15, max_cash_fraction=0.2078, relative_strength_period=32, relative_strength_threshold=-2.9944, rsi_period=14, rvol_period=21, rvol_threshold=4.5349, sell_rsi=71.0157, stop_loss_pct=0.1456, take_profit_pct=0.1662
      change_vs_previous=adx_period: 19 -> 24; adx_threshold: 36.0769 -> 33.4584; bb_period: 10 -> 11; bb_stddev: 3.8947 -> 4.2221; buy_rsi: 21.1993 -> 22.1195; cooldown_bars: 17 -> 15; max_cash_fraction: 0.2118 -> 0.2078; relative_strength_period: 36 -> 32; relative_strength_threshold: -2.6548 -> -2.9944; rsi_period: 15 -> 14; rvol_period: 19 -> 21; rvol_threshold: 4.7608 -> 4.5349; sell_rsi: 75.1423 -> 71.0157; stop_loss_pct: 0.1487 -> 0.1456; take_profit_pct: 0.1921 -> 0.1662
      relative_profit=$-42,441.40, absolute_profit=$-32,955.23, buys=4028, score=(-62581.4, -4028, -8056), objective=-62,581.40
    Trial 097: window=2024-02-13 22:07 UTC -> 2024-05-13 22:07 UTC, months=[2024-02, 2024-03, 2024-04, 2024-05], symbols=[ALB, AMAT, AMZN, AON, APD, APP, ARCT, AXP, BALL, BE, BEAM, CAT, CF, CVNA, DD, DOCU, DPZ, FIS, GREE, GS, ... (+30 more)], proposal=optuna_tpe
      params=adx_period=26, adx_threshold=36.0484, bb_period=10, bb_stddev=4.0621, buy_rsi=14.3853, cooldown_bars=15, max_cash_fraction=0.2287, relative_strength_period=33, relative_strength_threshold=-2.5486, rsi_period=12, rvol_period=21, rvol_threshold=4.3989, sell_rsi=70.891, stop_loss_pct=0.1484, take_profit_pct=0.1812
      change_vs_previous=adx_period: 24 -> 26; adx_threshold: 33.4584 -> 36.0484; bb_period: 11 -> 10; bb_stddev: 4.2221 -> 4.0621; buy_rsi: 22.1195 -> 14.3853; max_cash_fraction: 0.2078 -> 0.2287; relative_strength_period: 32 -> 33; relative_strength_threshold: -2.9944 -> -2.5486; rsi_period: 14 -> 12; rvol_threshold: 4.5349 -> 4.3989; sell_rsi: 71.0157 -> 70.891; stop_loss_pct: 0.1456 -> 0.1484; take_profit_pct: 0.1662 -> 0.1812
      relative_profit=$-39,142.17, absolute_profit=$-33,854.61, buys=4356, score=(-60922.17, -4356, -8712), objective=-60,922.17
    Trial 098: window=2024-04-12 15:12 UTC -> 2024-07-11 15:12 UTC, months=[2024-04, 2024-05, 2024-06, 2024-07], symbols=[ADM, AES, AFRM, AI, ARCT, ASML, BE, BILL, CAT, CF, DDOG, DIA, EQIX, FAST, FCEL, HON, JBHT, KMI, KO, LCID, ... (+30 more)], proposal=optuna_tpe
      params=adx_period=21, adx_threshold=36.66, bb_period=14, bb_stddev=3.5462, buy_rsi=16.1319, cooldown_bars=13, max_cash_fraction=0.2204, relative_strength_period=37, relative_strength_threshold=-2.865, rsi_period=13, rvol_period=20, rvol_threshold=5.1078, sell_rsi=70.1808, stop_loss_pct=0.1393, take_profit_pct=0.1895
      change_vs_previous=adx_period: 26 -> 21; adx_threshold: 36.0484 -> 36.66; bb_period: 10 -> 14; bb_stddev: 4.0621 -> 3.5462; buy_rsi: 14.3853 -> 16.1319; cooldown_bars: 15 -> 13; max_cash_fraction: 0.2287 -> 0.2204; relative_strength_period: 33 -> 37; relative_strength_threshold: -2.5486 -> -2.865; rsi_period: 12 -> 13; rvol_period: 21 -> 20; rvol_threshold: 4.3989 -> 5.1078; sell_rsi: 70.891 -> 70.1808; stop_loss_pct: 0.1484 -> 0.1393; take_profit_pct: 0.1812 -> 0.1895
      relative_profit=$-42,347.34, absolute_profit=$-33,457.55, buys=3790, score=(-61297.340000000004, -3790, -7580), objective=-61,297.34
    Trial 099: window=2024-01-19 11:54 UTC -> 2024-04-18 11:54 UTC, months=[2024-01, 2024-02, 2024-03, 2024-04], symbols=[AI, AMT, APA, ASML, AVGO, AXP, BAC, BHP, BMY, CAN, CRWD, CSX, CVNA, DG, DUK, EA, EOG, F, FIS, GREE, ... (+30 more)], proposal=optuna_tpe
      params=adx_period=23, adx_threshold=39.5213, bb_period=15, bb_stddev=3.8819, buy_rsi=18.4471, cooldown_bars=10, max_cash_fraction=0.1984, relative_strength_period=35, relative_strength_threshold=-2.9149, rsi_period=17, rvol_period=15, rvol_threshold=5.6239, sell_rsi=76.3825, stop_loss_pct=0.1478, take_profit_pct=0.1545
      change_vs_previous=adx_period: 21 -> 23; adx_threshold: 36.66 -> 39.5213; bb_period: 14 -> 15; bb_stddev: 3.5462 -> 3.8819; buy_rsi: 16.1319 -> 18.4471; cooldown_bars: 13 -> 10; max_cash_fraction: 0.2204 -> 0.1984; relative_strength_period: 37 -> 35; relative_strength_threshold: -2.865 -> -2.9149; rsi_period: 13 -> 17; rvol_period: 20 -> 15; rvol_threshold: 5.1078 -> 5.6239; sell_rsi: 70.1808 -> 76.3825; stop_loss_pct: 0.1393 -> 0.1478; take_profit_pct: 0.1895 -> 0.1545
      relative_profit=$-29,765.87, absolute_profit=$-24,880.34, buys=2438, score=(-41955.869999999995, -2438, -4876), objective=-41,955.87
    Trial 100: window=2024-08-28 17:24 UTC -> 2024-11-26 17:24 UTC, months=[2024-08, 2024-09, 2024-10, 2024-11], symbols=[APD, BALL, CAN, CAT, CRSP, CVX, DD, DE, DOCU, ECL, GILD, HD, HLT, HUBS, INTC, INTU, JPM, KHC, KLAC, LMT, ... (+30 more)], proposal=optuna_tpe
      params=adx_period=28, adx_threshold=39.7227, bb_period=16, bb_stddev=3.3497, buy_rsi=14.7679, cooldown_bars=11, max_cash_fraction=0.1523, relative_strength_period=32, relative_strength_threshold=-2.8132, rsi_period=18, rvol_period=11, rvol_threshold=5.4835, sell_rsi=77.6316, stop_loss_pct=0.1483, take_profit_pct=0.1471
      change_vs_previous=adx_period: 23 -> 28; adx_threshold: 39.5213 -> 39.7227; bb_period: 15 -> 16; bb_stddev: 3.8819 -> 3.3497; buy_rsi: 18.4471 -> 14.7679; cooldown_bars: 10 -> 11; max_cash_fraction: 0.1984 -> 0.1523; relative_strength_period: 35 -> 32; relative_strength_threshold: -2.9149 -> -2.8132; rsi_period: 17 -> 18; rvol_period: 15 -> 11; rvol_threshold: 5.6239 -> 5.4835; sell_rsi: 76.3825 -> 77.6316; stop_loss_pct: 0.1478 -> 0.1483; take_profit_pct: 0.1545 -> 0.1471
      relative_profit=$-19,707.02, absolute_profit=$-12,300.87, buys=2102, score=(-30217.02, -2102, -4204), objective=-30,217.02
  Best Adv_SELL_ALL: relative_net=$178,475.07, trades=5602, params=adx_period=19, adx_threshold=35.5505, bb_period=19, bb_stddev=3.0146, buy_rsi=33.5416, cooldown_bars=19, max_cash_fraction=0.2138, relative_strength_period=34, relative_strength_threshold=-2.681, rsi_period=15, rvol_period=19, rvol_threshold=5.5889, sell_rsi=73.996, stop_loss_pct=0.0951, take_profit_pct=0.1947

  Optimizing Puffin1
    Trial 001: window=2024-08-23 13:00 UTC -> 2024-11-21 13:00 UTC, months=[2024-08, 2024-09, 2024-10, 2024-11], symbols=[ADBE, AFRM, AMT, APP, BA, BNTX, CB, CCI, COP, CRWD, D, DAL, DE, DG, DIA, DIS, EA, ED, ETN, FCEL, ... (+30 more)], proposal=initial_params
      params=bb_period=20, bb_stddev=2.0, buy_rsi=30.0, cooldown_bars=10, max_cash_fraction=0.05, relative_strength_period=20, relative_strength_threshold=0.0, rsi_period=13, rvol_period=20, rvol_threshold=2.0, sell_rsi=70.0, stop_loss_pct=0.04, take_profit_pct=0.08, trend_entry_threshold=0.5, trend_negative_threshold=0.15, trend_reversal_threshold=0.3
      change_vs_previous=initial sample
      relative_profit=$-105,627.98, absolute_profit=$-99,971.52, buys=11587, score=(-163562.98, -11587, -20995), objective=-163,562.98
    Trial 002: window=2024-01-03 22:07 UTC -> 2024-04-02 22:07 UTC, months=[2024-01, 2024-02, 2024-03, 2024-04], symbols=[AON, AVAV, AVGO, BABA, CMG, COIN, CRSP, D, DPZ, DUK, ESTC, ETSY, FANG, FAST, GILD, GS, HCA, HUBS, INTU, LAC, ... (+30 more)], proposal=random_warmup
      params=bb_period=23, bb_stddev=2.1274, buy_rsi=36.6401, cooldown_bars=22, max_cash_fraction=0.049, relative_strength_period=52, relative_strength_threshold=0.6767, rsi_period=38, rvol_period=10, rvol_threshold=2.9442, sell_rsi=46.1084, stop_loss_pct=0.0735, take_profit_pct=0.184, trend_entry_threshold=0.4448, trend_negative_threshold=0.4265, trend_reversal_threshold=0.9479
      change_vs_previous=bb_period: 20 -> 23; bb_stddev: 2.0 -> 2.1274; buy_rsi: 30.0 -> 36.6401; cooldown_bars: 10 -> 22; max_cash_fraction: 0.05 -> 0.049; relative_strength_period: 20 -> 52; relative_strength_threshold: 0.0 -> 0.6767; rsi_period: 13 -> 38; rvol_period: 20 -> 10; rvol_threshold: 2.0 -> 2.9442; sell_rsi: 70.0 -> 46.1084; stop_loss_pct: 0.04 -> 0.0735; take_profit_pct: 0.08 -> 0.184; trend_entry_threshold: 0.5 -> 0.4448; trend_negative_threshold: 0.15 -> 0.4265; trend_reversal_threshold: 0.3 -> 0.9479
      relative_profit=$-65,633.96, absolute_profit=$-54,991.81, buys=6260, score=(-96933.95999999999, -6260, -12492), objective=-96,933.96
    Trial 003: window=2024-03-12 18:10 UTC -> 2024-06-10 18:10 UTC, months=[2024-03, 2024-04, 2024-05, 2024-06], symbols=[ABBV, ADM, ARCT, ASML, BLDP, BNTX, C, CAT, CHRW, CHWY, COP, CVX, DIA, DOCU, ED, EMR, FISV, GD, GIS, GM, ... (+30 more)], proposal=random_warmup
      params=bb_period=34, bb_stddev=3.5241, buy_rsi=23.3811, cooldown_bars=28, max_cash_fraction=0.2395, relative_strength_period=25, relative_strength_threshold=-0.3281, rsi_period=9, rvol_period=34, rvol_threshold=4.8821, sell_rsi=56.3122, stop_loss_pct=0.1329, take_profit_pct=0.1689, trend_entry_threshold=0.5305, trend_negative_threshold=0.3487, trend_reversal_threshold=0.2347
      change_vs_previous=bb_period: 23 -> 34; bb_stddev: 2.1274 -> 3.5241; buy_rsi: 36.6401 -> 23.3811; cooldown_bars: 22 -> 28; max_cash_fraction: 0.049 -> 0.2395; relative_strength_period: 52 -> 25; relative_strength_threshold: 0.6767 -> -0.3281; rsi_period: 38 -> 9; rvol_period: 10 -> 34; rvol_threshold: 2.9442 -> 4.8821; sell_rsi: 46.1084 -> 56.3122; stop_loss_pct: 0.0735 -> 0.1329; take_profit_pct: 0.184 -> 0.1689; trend_entry_threshold: 0.4448 -> 0.5305; trend_negative_threshold: 0.4265 -> 0.3487; trend_reversal_threshold: 0.9479 -> 0.2347
      relative_profit=$-90,608.85, absolute_profit=$-86,915.97, buys=9179, score=(-136503.85, -9179, -16632), objective=-136,503.85
    Trial 004: window=2024-09-05 23:39 UTC -> 2024-12-04 23:39 UTC, months=[2024-09, 2024-10, 2024-11, 2024-12], symbols=[AON, BA, BBAI, BHP, CMG, CSX, CVNA, CVX, DG, ETN, FANG, GS, HLT, HOOD, HSY, IWM, KMB, LCID, LMT, MCHP, ... (+30 more)], proposal=random_warmup
      params=bb_period=31, bb_stddev=1.5169, buy_rsi=40.3321, cooldown_bars=11, max_cash_fraction=0.1072, relative_strength_period=56, relative_strength_threshold=0.0641, rsi_period=14, rvol_period=7, rvol_threshold=4.1021, sell_rsi=71.3721, stop_loss_pct=0.1193, take_profit_pct=0.07, trend_entry_threshold=0.0211, trend_negative_threshold=0.9503, trend_reversal_threshold=0.5398
      change_vs_previous=bb_period: 34 -> 31; bb_stddev: 3.5241 -> 1.5169; buy_rsi: 23.3811 -> 40.3321; cooldown_bars: 28 -> 11; max_cash_fraction: 0.2395 -> 0.1072; relative_strength_period: 25 -> 56; relative_strength_threshold: -0.3281 -> 0.0641; rsi_period: 9 -> 14; rvol_period: 34 -> 7; rvol_threshold: 4.8821 -> 4.1021; sell_rsi: 56.3122 -> 71.3721; stop_loss_pct: 0.1329 -> 0.1193; take_profit_pct: 0.1689 -> 0.07; trend_entry_threshold: 0.5305 -> 0.0211; trend_negative_threshold: 0.3487 -> 0.9503; trend_reversal_threshold: 0.2347 -> 0.5398
      relative_profit=$-110,583.96, absolute_profit=$-99,994.15, buys=11446, score=(-167813.96, -11446, -20685), objective=-167,813.96
    Trial 005: window=2024-06-18 10:17 UTC -> 2024-09-16 10:17 UTC, months=[2024-06, 2024-07, 2024-08, 2024-09], symbols=[AES, AFRM, AMAT, AMT, APP, ARCT, AVGO, BNTX, CAN, CF, CME, COST, DDOG, DIA, ED, EMR, EOG, GILD, GM, HCA, ... (+30 more)], proposal=random_warmup
      params=bb_period=39, bb_stddev=1.8107, buy_rsi=33.7915, cooldown_bars=17, max_cash_fraction=0.087, relative_strength_period=24, relative_strength_threshold=-1.0666, rsi_period=39, rvol_period=37, rvol_threshold=3.2863, sell_rsi=57.9926, stop_loss_pct=0.023, take_profit_pct=0.1935, trend_entry_threshold=0.4714, trend_negative_threshold=0.6561, trend_reversal_threshold=0.2643
      change_vs_previous=bb_period: 31 -> 39; bb_stddev: 1.5169 -> 1.8107; buy_rsi: 40.3321 -> 33.7915; cooldown_bars: 11 -> 17; max_cash_fraction: 0.1072 -> 0.087; relative_strength_period: 56 -> 24; relative_strength_threshold: 0.0641 -> -1.0666; rsi_period: 14 -> 39; rvol_period: 7 -> 37; rvol_threshold: 4.1021 -> 3.2863; sell_rsi: 71.3721 -> 57.9926; stop_loss_pct: 0.1193 -> 0.023; take_profit_pct: 0.07 -> 0.1935; trend_entry_threshold: 0.0211 -> 0.4714; trend_negative_threshold: 0.9503 -> 0.6561; trend_reversal_threshold: 0.5398 -> 0.2643
      relative_profit=$-13,262.83, absolute_profit=$-10,571.17, buys=2707, score=(-26797.83, -2707, -5272), objective=-26,797.83
    Trial 006: window=2024-08-08 19:43 UTC -> 2024-11-06 19:43 UTC, months=[2024-08, 2024-09, 2024-10, 2024-11], symbols=[ABNB, AI, AMT, ARCT, BEAM, CCI, CME, CRWD, DPZ, DUK, ED, ETSY, HAL, HCA, HUBS, INTU, ITW, IWM, KMI, KR, ... (+30 more)], proposal=random_warmup
      params=bb_period=14, bb_stddev=2.5027, buy_rsi=39.4794, cooldown_bars=1, max_cash_fraction=0.0582, relative_strength_period=34, relative_strength_threshold=-1.0193, rsi_period=12, rvol_period=36, rvol_threshold=3.1796, sell_rsi=63.3052, stop_loss_pct=0.0713, take_profit_pct=0.1945, trend_entry_threshold=0.7481, trend_negative_threshold=0.1621, trend_reversal_threshold=0.7569
      change_vs_previous=bb_period: 39 -> 14; bb_stddev: 1.8107 -> 2.5027; buy_rsi: 33.7915 -> 39.4794; cooldown_bars: 17 -> 1; max_cash_fraction: 0.087 -> 0.0582; relative_strength_period: 24 -> 34; relative_strength_threshold: -1.0666 -> -1.0193; rsi_period: 39 -> 12; rvol_period: 37 -> 36; rvol_threshold: 3.2863 -> 3.1796; sell_rsi: 57.9926 -> 63.3052; stop_loss_pct: 0.023 -> 0.0713; take_profit_pct: 0.1935 -> 0.1945; trend_entry_threshold: 0.4714 -> 0.7481; trend_negative_threshold: 0.6561 -> 0.1621; trend_reversal_threshold: 0.2643 -> 0.7569
      relative_profit=$-103,233.66, absolute_profit=$-91,940.63, buys=14435, score=(-175408.66, -14435, -18672), objective=-175,408.66
    Trial 007: window=2024-04-19 08:27 UTC -> 2024-07-18 08:27 UTC, months=[2024-04, 2024-05, 2024-06, 2024-07], symbols=[ABNB, ADM, AEP, AFRM, BHP, BLDP, CME, D, DKNG, DPZ, ECL, EMR, ESTC, FAST, FSLY, GE, GOOGL, GREE, HCA, ICE, ... (+30 more)], proposal=random_warmup
      params=bb_period=47, bb_stddev=3.9173, buy_rsi=36.2641, cooldown_bars=18, max_cash_fraction=0.1491, relative_strength_period=16, relative_strength_threshold=-2.5881, rsi_period=25, rvol_period=16, rvol_threshold=2.0399, sell_rsi=82.328, stop_loss_pct=0.0998, take_profit_pct=0.0445, trend_entry_threshold=0.9343, trend_negative_threshold=0.767, trend_reversal_threshold=0.3673
      change_vs_previous=bb_period: 14 -> 47; bb_stddev: 2.5027 -> 3.9173; buy_rsi: 39.4794 -> 36.2641; cooldown_bars: 1 -> 18; max_cash_fraction: 0.0582 -> 0.1491; relative_strength_period: 34 -> 16; relative_strength_threshold: -1.0193 -> -2.5881; rsi_period: 12 -> 25; rvol_period: 36 -> 16; rvol_threshold: 3.1796 -> 2.0399; sell_rsi: 63.3052 -> 82.328; stop_loss_pct: 0.0713 -> 0.0998; take_profit_pct: 0.1945 -> 0.0445; trend_entry_threshold: 0.7481 -> 0.9343; trend_negative_threshold: 0.1621 -> 0.767; trend_reversal_threshold: 0.7569 -> 0.3673
      relative_profit=$-12,900.63, absolute_profit=$-841.59, buys=14, score=(-12970.630000000001, -14, -28), objective=-12,970.63
    Trial 008: window=2024-09-30 14:09 UTC -> 2024-12-28 00:59 UTC, months=[2024-09, 2024-10, 2024-11, 2024-12], symbols=[AAPL, ABBV, BALL, CAN, CAT, CL, COST, D, DE, DOCU, DUK, EA, ESTC, ETN, ETSY, HCA, HII, HLT, INTU, JPM, ... (+30 more)], proposal=random_warmup
      params=bb_period=32, bb_stddev=1.712, buy_rsi=27.853, cooldown_bars=28, max_cash_fraction=0.0996, relative_strength_period=19, relative_strength_threshold=-1.4702, rsi_period=14, rvol_period=14, rvol_threshold=5.6326, sell_rsi=63.7228, stop_loss_pct=0.0694, take_profit_pct=0.1253, trend_entry_threshold=0.7707, trend_negative_threshold=0.8554, trend_reversal_threshold=0.8661
      change_vs_previous=bb_period: 47 -> 32; bb_stddev: 3.9173 -> 1.712; buy_rsi: 36.2641 -> 27.853; cooldown_bars: 18 -> 28; max_cash_fraction: 0.1491 -> 0.0996; relative_strength_period: 16 -> 19; relative_strength_threshold: -2.5881 -> -1.4702; rsi_period: 25 -> 14; rvol_period: 16 -> 14; rvol_threshold: 2.0399 -> 5.6326; sell_rsi: 82.328 -> 63.7228; stop_loss_pct: 0.0998 -> 0.0694; take_profit_pct: 0.0445 -> 0.1253; trend_entry_threshold: 0.9343 -> 0.7707; trend_negative_threshold: 0.767 -> 0.8554; trend_reversal_threshold: 0.3673 -> 0.8661
      relative_profit=$-13,678.40, absolute_profit=$-9,484.57, buys=1010, score=(-18728.4, -1010, -2019), objective=-18,728.40
    Trial 009: window=2024-08-21 15:42 UTC -> 2024-11-19 15:42 UTC, months=[2024-08, 2024-09, 2024-10, 2024-11], symbols=[ABNB, AEP, AES, AI, AON, APA, APP, ASML, AXP, BBY, BE, BHP, CCI, CME, CMG, CRM, DAL, DIA, EDIT, ETSY, ... (+30 more)], proposal=random_warmup
      params=bb_period=35, bb_stddev=2.6655, buy_rsi=26.5229, cooldown_bars=5, max_cash_fraction=0.1951, relative_strength_period=35, relative_strength_threshold=-2.822, rsi_period=30, rvol_period=15, rvol_threshold=4.2879, sell_rsi=85.4434, stop_loss_pct=0.0307, take_profit_pct=0.057, trend_entry_threshold=0.1929, trend_negative_threshold=0.0615, trend_reversal_threshold=0.6677
      change_vs_previous=bb_period: 32 -> 35; bb_stddev: 1.712 -> 2.6655; buy_rsi: 27.853 -> 26.5229; cooldown_bars: 28 -> 5; max_cash_fraction: 0.0996 -> 0.1951; relative_strength_period: 19 -> 35; relative_strength_threshold: -1.4702 -> -2.822; rsi_period: 14 -> 30; rvol_period: 14 -> 15; rvol_threshold: 5.6326 -> 4.2879; sell_rsi: 63.7228 -> 85.4434; stop_loss_pct: 0.0694 -> 0.0307; take_profit_pct: 0.1253 -> 0.057; trend_entry_threshold: 0.7707 -> 0.1929; trend_negative_threshold: 0.8554 -> 0.0615; trend_reversal_threshold: 0.8661 -> 0.6677
      relative_profit=$-32,417.69, absolute_profit=$-27,567.79, buys=6901, score=(-66922.69, -6901, -8984), objective=-66,922.69
    Trial 010: window=2024-05-21 08:28 UTC -> 2024-08-19 08:28 UTC, months=[2024-05, 2024-06, 2024-07, 2024-08], symbols=[ABBV, AEP, AMAT, BBAI, CB, CHRW, CHWY, CL, CMCSA, CVX, D, DIA, DOW, ETSY, EXPD, FANG, FAST, FCX, FISV, FSLY, ... (+30 more)], proposal=random_warmup
      params=bb_period=38, bb_stddev=4.318, buy_rsi=21.1635, cooldown_bars=22, max_cash_fraction=0.1546, relative_strength_period=34, relative_strength_threshold=-1.6123, rsi_period=30, rvol_period=21, rvol_threshold=1.641, sell_rsi=72.5985, stop_loss_pct=0.0318, take_profit_pct=0.1159, trend_entry_threshold=0.9497, trend_negative_threshold=0.1705, trend_reversal_threshold=0.687
      change_vs_previous=bb_period: 35 -> 38; bb_stddev: 2.6655 -> 4.318; buy_rsi: 26.5229 -> 21.1635; cooldown_bars: 5 -> 22; max_cash_fraction: 0.1951 -> 0.1546; relative_strength_period: 35 -> 34; relative_strength_threshold: -2.822 -> -1.6123; rvol_period: 15 -> 21; rvol_threshold: 4.2879 -> 1.641; sell_rsi: 85.4434 -> 72.5985; stop_loss_pct: 0.0307 -> 0.0318; take_profit_pct: 0.057 -> 0.1159; trend_entry_threshold: 0.1929 -> 0.9497; trend_negative_threshold: 0.0615 -> 0.1705; trend_reversal_threshold: 0.6677 -> 0.687
      relative_profit=$-4,479.63, absolute_profit=$0.00, buys=0, score=(-4479.63, 0, 0), objective=-4,479.63
    Trial 011: window=2024-04-17 17:39 UTC -> 2024-07-16 17:39 UTC, months=[2024-04, 2024-05, 2024-06, 2024-07], symbols=[ADM, AMD, APD, APP, AVAV, CL, COP, CRM, CRWD, CVX, DOW, ENPH, EQIX, FISV, HCA, HON, ITW, KHC, KR, LAC, ... (+30 more)], proposal=optuna_tpe
      params=bb_period=26, bb_stddev=4.786, buy_rsi=19.2847, cooldown_bars=23, max_cash_fraction=0.1282, relative_strength_period=42, relative_strength_threshold=0.3011, rsi_period=37, rvol_period=24, rvol_threshold=4.4343, sell_rsi=54.0948, stop_loss_pct=0.0146, take_profit_pct=0.0271, trend_entry_threshold=0.9261, trend_negative_threshold=0.421, trend_reversal_threshold=0.5041
      change_vs_previous=bb_period: 38 -> 26; bb_stddev: 4.318 -> 4.786; buy_rsi: 21.1635 -> 19.2847; cooldown_bars: 22 -> 23; max_cash_fraction: 0.1546 -> 0.1282; relative_strength_period: 34 -> 42; relative_strength_threshold: -1.6123 -> 0.3011; rsi_period: 30 -> 37; rvol_period: 21 -> 24; rvol_threshold: 1.641 -> 4.4343; sell_rsi: 72.5985 -> 54.0948; stop_loss_pct: 0.0318 -> 0.0146; take_profit_pct: 0.1159 -> 0.0271; trend_entry_threshold: 0.9497 -> 0.9261; trend_negative_threshold: 0.1705 -> 0.421; trend_reversal_threshold: 0.687 -> 0.5041
      relative_profit=$-12,214.01, absolute_profit=$-77.47, buys=2, score=(-12224.01, -2, -4), objective=-12,224.01
    Trial 012: window=2024-06-07 11:54 UTC -> 2024-09-05 11:54 UTC, months=[2024-06, 2024-07, 2024-08, 2024-09], symbols=[AAPL, ABNB, BBAI, CB, CL, CMG, COP, DG, DHR, DIS, DOW, DPZ, EA, EDIT, ENPH, ESTC, ETN, EXPD, FIS, GM, ... (+30 more)], proposal=optuna_tpe
      params=bb_period=38, bb_stddev=4.3929, buy_rsi=28.178, cooldown_bars=17, max_cash_fraction=0.0835, relative_strength_period=33, relative_strength_threshold=0.5756, rsi_period=39, rvol_period=30, rvol_threshold=4.0913, sell_rsi=58.0732, stop_loss_pct=0.0214, take_profit_pct=0.0968, trend_entry_threshold=0.9217, trend_negative_threshold=0.3718, trend_reversal_threshold=0.5305
      change_vs_previous=bb_period: 26 -> 38; bb_stddev: 4.786 -> 4.3929; buy_rsi: 19.2847 -> 28.178; cooldown_bars: 23 -> 17; max_cash_fraction: 0.1282 -> 0.0835; relative_strength_period: 42 -> 33; relative_strength_threshold: 0.3011 -> 0.5756; rsi_period: 37 -> 39; rvol_period: 24 -> 30; rvol_threshold: 4.4343 -> 4.0913; sell_rsi: 54.0948 -> 58.0732; stop_loss_pct: 0.0146 -> 0.0214; take_profit_pct: 0.0271 -> 0.0968; trend_entry_threshold: 0.9261 -> 0.9217; trend_negative_threshold: 0.421 -> 0.3718; trend_reversal_threshold: 0.5041 -> 0.5305
      relative_profit=$-3,372.77, absolute_profit=$-445.92, buys=9, score=(-3417.77, -9, -18), objective=-3,417.77
    Trial 013: window=2024-08-16 10:33 UTC -> 2024-11-14 10:33 UTC, months=[2024-08, 2024-09, 2024-10, 2024-11], symbols=[AAPL, AES, AMZN, APP, AXP, BMY, CAN, CCI, CMCSA, COP, CRSP, DG, DOCU, ED, EOG, EQIX, FAST, FCEL, FSLY, HD, ... (+30 more)], proposal=optuna_tpe
      params=bb_period=41, bb_stddev=3.9015, buy_rsi=30.2934, cooldown_bars=14, max_cash_fraction=0.1408, relative_strength_period=34, relative_strength_threshold=0.71, rsi_period=36, rvol_period=24, rvol_threshold=0.6475, sell_rsi=56.7546, stop_loss_pct=0.013, take_profit_pct=0.0643, trend_entry_threshold=0.8233, trend_negative_threshold=0.2127, trend_reversal_threshold=0.8594
      change_vs_previous=bb_period: 38 -> 41; bb_stddev: 4.3929 -> 3.9015; buy_rsi: 28.178 -> 30.2934; cooldown_bars: 17 -> 14; max_cash_fraction: 0.0835 -> 0.1408; relative_strength_period: 33 -> 34; relative_strength_threshold: 0.5756 -> 0.71; rsi_period: 39 -> 36; rvol_period: 30 -> 24; rvol_threshold: 4.0913 -> 0.6475; sell_rsi: 58.0732 -> 56.7546; stop_loss_pct: 0.0214 -> 0.013; take_profit_pct: 0.0968 -> 0.0643; trend_entry_threshold: 0.9217 -> 0.8233; trend_negative_threshold: 0.3718 -> 0.2127; trend_reversal_threshold: 0.5305 -> 0.8594
      relative_profit=$-7,809.22, absolute_profit=$333.65, buys=28, score=(-7949.22, -28, -56), objective=-7,949.22
    Trial 014: window=2024-04-29 13:23 UTC -> 2024-07-26 23:59 UTC, months=[2024-04, 2024-05, 2024-06, 2024-07], symbols=[ADBE, AEP, AI, AMT, AVAV, BABA, BAC, BBAI, CAT, CSX, CVX, DD, ECL, FAST, GM, KR, LAC, LLY, MAR, MDT, ... (+30 more)], proposal=optuna_tpe
      params=bb_period=31, bb_stddev=4.4506, buy_rsi=24.0868, cooldown_bars=20, max_cash_fraction=0.1197, relative_strength_period=34, relative_strength_threshold=-0.3995, rsi_period=34, rvol_period=35, rvol_threshold=4.3568, sell_rsi=45.2225, stop_loss_pct=0.0105, take_profit_pct=0.1236, trend_entry_threshold=0.8579, trend_negative_threshold=0.0179, trend_reversal_threshold=0.7507
      change_vs_previous=bb_period: 41 -> 31; bb_stddev: 3.9015 -> 4.4506; buy_rsi: 30.2934 -> 24.0868; cooldown_bars: 14 -> 20; max_cash_fraction: 0.1408 -> 0.1197; relative_strength_threshold: 0.71 -> -0.3995; rsi_period: 36 -> 34; rvol_period: 24 -> 35; rvol_threshold: 0.6475 -> 4.3568; sell_rsi: 56.7546 -> 45.2225; stop_loss_pct: 0.013 -> 0.0105; take_profit_pct: 0.0643 -> 0.1236; trend_entry_threshold: 0.8233 -> 0.8579; trend_negative_threshold: 0.2127 -> 0.0179; trend_reversal_threshold: 0.8594 -> 0.7507
      relative_profit=$-6,491.25, absolute_profit=$261.54, buys=21, score=(-6596.25, -21, -42), objective=-6,596.25
    Trial 015: window=2024-04-19 18:23 UTC -> 2024-07-18 18:23 UTC, months=[2024-04, 2024-05, 2024-06, 2024-07], symbols=[AMD, ARCT, ASML, AVAV, BAC, CAN, CAT, CF, CME, COP, CSX, CVX, DE, DVN, EA, F, FIS, FISV, GE, HLT, ... (+30 more)], proposal=optuna_tpe
      params=bb_period=40, bb_stddev=4.6107, buy_rsi=25.557, cooldown_bars=22, max_cash_fraction=0.0873, relative_strength_period=41, relative_strength_threshold=0.5875, rsi_period=38, rvol_period=27, rvol_threshold=5.8342, sell_rsi=57.4784, stop_loss_pct=0.0388, take_profit_pct=0.0646, trend_entry_threshold=0.7814, trend_negative_threshold=0.2739, trend_reversal_threshold=0.3765
      change_vs_previous=bb_period: 31 -> 40; bb_stddev: 4.4506 -> 4.6107; buy_rsi: 24.0868 -> 25.557; cooldown_bars: 20 -> 22; max_cash_fraction: 0.1197 -> 0.0873; relative_strength_period: 34 -> 41; relative_strength_threshold: -0.3995 -> 0.5875; rsi_period: 34 -> 38; rvol_period: 35 -> 27; rvol_threshold: 4.3568 -> 5.8342; sell_rsi: 45.2225 -> 57.4784; stop_loss_pct: 0.0105 -> 0.0388; take_profit_pct: 0.1236 -> 0.0646; trend_entry_threshold: 0.8579 -> 0.7814; trend_negative_threshold: 0.0179 -> 0.2739; trend_reversal_threshold: 0.7507 -> 0.3765
      relative_profit=$-11,034.28, absolute_profit=$311.18, buys=26, score=(-11164.279999999999, -26, -52), objective=-11,164.28
    Trial 016: window=2024-01-12 10:10 UTC -> 2024-04-11 10:10 UTC, months=[2024-01, 2024-02, 2024-03, 2024-04], symbols=[ABNB, AES, ALB, APD, BILL, CAT, CCI, CMG, DHR, ED, EXC, HAL, HCA, HSY, ICE, KSS, LLY, LSTR, MCHP, MDLZ, ... (+30 more)], proposal=optuna_tpe
      params=bb_period=35, bb_stddev=4.7085, buy_rsi=29.2186, cooldown_bars=26, max_cash_fraction=0.2086, relative_strength_period=33, relative_strength_threshold=-2.3073, rsi_period=33, rvol_period=20, rvol_threshold=1.9083, sell_rsi=67.6792, stop_loss_pct=0.0243, take_profit_pct=0.1095, trend_entry_threshold=0.8664, trend_negative_threshold=0.1213, trend_reversal_threshold=0.5058
      change_vs_previous=bb_period: 40 -> 35; bb_stddev: 4.6107 -> 4.7085; buy_rsi: 25.557 -> 29.2186; cooldown_bars: 22 -> 26; max_cash_fraction: 0.0873 -> 0.2086; relative_strength_period: 41 -> 33; relative_strength_threshold: 0.5875 -> -2.3073; rsi_period: 38 -> 33; rvol_period: 27 -> 20; rvol_threshold: 5.8342 -> 1.9083; sell_rsi: 57.4784 -> 67.6792; stop_loss_pct: 0.0388 -> 0.0243; take_profit_pct: 0.0646 -> 0.1095; trend_entry_threshold: 0.7814 -> 0.8664; trend_negative_threshold: 0.2739 -> 0.1213; trend_reversal_threshold: 0.3765 -> 0.5058
      relative_profit=$-9,099.55, absolute_profit=$-1,434.37, buys=24, score=(-9219.55, -24, -48), objective=-9,219.55
    Trial 017: window=2024-08-19 18:28 UTC -> 2024-11-16 00:59 UTC, months=[2024-08, 2024-09, 2024-10, 2024-11], symbols=[ABBV, AMD, CMG, COIN, CRSP, CSCO, DDOG, DIA, EMR, ENPH, EXPD, FANG, FAST, HD, HON, ICE, IWM, LYB, MARA, MCD, ... (+30 more)], proposal=optuna_tpe
      params=bb_period=47, bb_stddev=3.5638, buy_rsi=31.2263, cooldown_bars=20, max_cash_fraction=0.1296, relative_strength_period=19, relative_strength_threshold=0.673, rsi_period=39, rvol_period=28, rvol_threshold=2.5328, sell_rsi=52.1673, stop_loss_pct=0.0108, take_profit_pct=0.0893, trend_entry_threshold=0.7673, trend_negative_threshold=0.2897, trend_reversal_threshold=0.4843
      change_vs_previous=bb_period: 35 -> 47; bb_stddev: 4.7085 -> 3.5638; buy_rsi: 29.2186 -> 31.2263; cooldown_bars: 26 -> 20; max_cash_fraction: 0.2086 -> 0.1296; relative_strength_period: 33 -> 19; relative_strength_threshold: -2.3073 -> 0.673; rsi_period: 33 -> 39; rvol_period: 20 -> 28; rvol_threshold: 1.9083 -> 2.5328; sell_rsi: 67.6792 -> 52.1673; stop_loss_pct: 0.0243 -> 0.0108; take_profit_pct: 0.1095 -> 0.0893; trend_entry_threshold: 0.8664 -> 0.7673; trend_negative_threshold: 0.1213 -> 0.2897; trend_reversal_threshold: 0.5058 -> 0.4843
      relative_profit=$-5,609.62, absolute_profit=$-548.15, buys=17, score=(-5694.62, -17, -34), objective=-5,694.62
    Trial 018: window=2024-01-30 12:24 UTC -> 2024-04-29 12:24 UTC, months=[2024-01, 2024-02, 2024-03, 2024-04], symbols=[ADBE, AMD, AON, APA, APD, BKR, BLK, CB, CL, CSCO, DIA, DOCU, ENPH, EOG, ETN, F, FANG, FSLY, GE, GOOGL, ... (+30 more)], proposal=optuna_tpe
      params=bb_period=36, bb_stddev=4.9885, buy_rsi=17.6233, cooldown_bars=11, max_cash_fraction=0.1918, relative_strength_period=41, relative_strength_threshold=-2.4253, rsi_period=33, rvol_period=13, rvol_threshold=1.8797, sell_rsi=72.9074, stop_loss_pct=0.0391, take_profit_pct=0.1245, trend_entry_threshold=0.7074, trend_negative_threshold=0.1218, trend_reversal_threshold=0.5018
      change_vs_previous=bb_period: 47 -> 36; bb_stddev: 3.5638 -> 4.9885; buy_rsi: 31.2263 -> 17.6233; cooldown_bars: 20 -> 11; max_cash_fraction: 0.1296 -> 0.1918; relative_strength_period: 19 -> 41; relative_strength_threshold: 0.673 -> -2.4253; rsi_period: 39 -> 33; rvol_period: 28 -> 13; rvol_threshold: 2.5328 -> 1.8797; sell_rsi: 52.1673 -> 72.9074; stop_loss_pct: 0.0108 -> 0.0391; take_profit_pct: 0.0893 -> 0.1245; trend_entry_threshold: 0.7673 -> 0.7074; trend_negative_threshold: 0.2897 -> 0.1218; trend_reversal_threshold: 0.4843 -> 0.5018
      relative_profit=$-5,148.36, absolute_profit=$-1,326.14, buys=6, score=(-5178.36, -6, -12), objective=-5,178.36
    Trial 019: window=2024-03-28 13:37 UTC -> 2024-06-26 13:37 UTC, months=[2024-03, 2024-04, 2024-05, 2024-06], symbols=[AMT, AMZN, ARCT, AVAV, BEAM, BNTX, CMG, CRM, CSX, DAL, DDOG, DOW, DPZ, DVN, EA, ETSY, HCA, KHC, KLAC, LAC, ... (+30 more)], proposal=optuna_tpe
      params=bb_period=33, bb_stddev=4.0192, buy_rsi=26.8731, cooldown_bars=24, max_cash_fraction=0.0967, relative_strength_period=24, relative_strength_threshold=-0.4129, rsi_period=34, rvol_period=38, rvol_threshold=1.6897, sell_rsi=69.128, stop_loss_pct=0.0177, take_profit_pct=0.0757, trend_entry_threshold=0.8665, trend_negative_threshold=0.2279, trend_reversal_threshold=0.7625
      change_vs_previous=bb_period: 36 -> 33; bb_stddev: 4.9885 -> 4.0192; buy_rsi: 17.6233 -> 26.8731; cooldown_bars: 11 -> 24; max_cash_fraction: 0.1918 -> 0.0967; relative_strength_period: 41 -> 24; relative_strength_threshold: -2.4253 -> -0.4129; rsi_period: 33 -> 34; rvol_period: 13 -> 38; rvol_threshold: 1.8797 -> 1.6897; sell_rsi: 72.9074 -> 69.128; stop_loss_pct: 0.0391 -> 0.0177; take_profit_pct: 0.1245 -> 0.0757; trend_entry_threshold: 0.7074 -> 0.8665; trend_negative_threshold: 0.1218 -> 0.2279; trend_reversal_threshold: 0.5018 -> 0.7625
      relative_profit=$-4,035.07, absolute_profit=$-93.60, buys=12, score=(-4095.0699999999997, -12, -24), objective=-4,095.07
    Trial 020: window=2024-09-16 19:36 UTC -> 2024-12-14 00:59 UTC, months=[2024-09, 2024-10, 2024-11, 2024-12], symbols=[AES, AFRM, AON, BKR, DAL, DG, EA, ECL, EL, ENPH, ETSY, EXC, F, GS, HD, HUBS, ICE, IFF, KTOS, LAC, ... (+30 more)], proposal=optuna_tpe
      params=bb_period=40, bb_stddev=4.5632, buy_rsi=25.5824, cooldown_bars=16, max_cash_fraction=0.0212, relative_strength_period=32, relative_strength_threshold=-0.1365, rsi_period=28, rvol_period=38, rvol_threshold=2.8501, sell_rsi=60.5559, stop_loss_pct=0.0265, take_profit_pct=0.0992, trend_entry_threshold=0.9748, trend_negative_threshold=0.3081, trend_reversal_threshold=0.6405
      change_vs_previous=bb_period: 33 -> 40; bb_stddev: 4.0192 -> 4.5632; buy_rsi: 26.8731 -> 25.5824; cooldown_bars: 24 -> 16; max_cash_fraction: 0.0967 -> 0.0212; relative_strength_period: 24 -> 32; relative_strength_threshold: -0.4129 -> -0.1365; rsi_period: 34 -> 28; rvol_threshold: 1.6897 -> 2.8501; sell_rsi: 69.128 -> 60.5559; stop_loss_pct: 0.0177 -> 0.0265; take_profit_pct: 0.0757 -> 0.0992; trend_entry_threshold: 0.8665 -> 0.9748; trend_negative_threshold: 0.2279 -> 0.3081; trend_reversal_threshold: 0.7625 -> 0.6405
      relative_profit=$-7,341.90, absolute_profit=$-31.22, buys=3, score=(-7356.900000000001, -3, -6), objective=-7,356.90
    Trial 021: window=2024-07-10 11:34 UTC -> 2024-10-08 11:34 UTC, months=[2024-07, 2024-08, 2024-09, 2024-10], symbols=[AES, APD, AVAV, BALL, BBY, BHP, BILL, BLDP, BNTX, CAT, CCI, CL, COIN, CVX, DIA, FANG, FCX, GD, GIS, GPN, ... (+30 more)], proposal=optuna_tpe
      params=bb_period=38, bb_stddev=4.6904, buy_rsi=29.8538, cooldown_bars=19, max_cash_fraction=0.1839, relative_strength_period=17, relative_strength_threshold=0.5632, rsi_period=32, rvol_period=29, rvol_threshold=2.8568, sell_rsi=73.3609, stop_loss_pct=0.0341, take_profit_pct=0.1027, trend_entry_threshold=0.6839, trend_negative_threshold=0.2875, trend_reversal_threshold=0.7875
      change_vs_previous=bb_period: 40 -> 38; bb_stddev: 4.5632 -> 4.6904; buy_rsi: 25.5824 -> 29.8538; cooldown_bars: 16 -> 19; max_cash_fraction: 0.0212 -> 0.1839; relative_strength_period: 32 -> 17; relative_strength_threshold: -0.1365 -> 0.5632; rsi_period: 28 -> 32; rvol_period: 38 -> 29; rvol_threshold: 2.8501 -> 2.8568; sell_rsi: 60.5559 -> 73.3609; stop_loss_pct: 0.0265 -> 0.0341; take_profit_pct: 0.0992 -> 0.1027; trend_entry_threshold: 0.9748 -> 0.6839; trend_negative_threshold: 0.3081 -> 0.2875; trend_reversal_threshold: 0.6405 -> 0.7875
      relative_profit=$568.05, absolute_profit=$2,910.35, buys=275, score=(-806.9500000000003, -275, -550), objective=-806.95
    Trial 022: window=2024-05-01 15:01 UTC -> 2024-07-30 15:01 UTC, months=[2024-05, 2024-06, 2024-07], symbols=[AAPL, ADBE, ADM, BKR, CME, CRWD, CSX, EQIX, FANG, FAST, FCX, GILD, HII, HLT, INTU, KMI, KO, LIN, LOW, LSTR, ... (+30 more)], proposal=optuna_tpe
      params=bb_period=22, bb_stddev=4.3792, buy_rsi=30.6941, cooldown_bars=25, max_cash_fraction=0.0656, relative_strength_period=32, relative_strength_threshold=-0.1044, rsi_period=36, rvol_period=37, rvol_threshold=2.5758, sell_rsi=76.4933, stop_loss_pct=0.0222, take_profit_pct=0.0557, trend_entry_threshold=0.8726, trend_negative_threshold=0.058, trend_reversal_threshold=0.7517
      change_vs_previous=bb_period: 38 -> 22; bb_stddev: 4.6904 -> 4.3792; buy_rsi: 29.8538 -> 30.6941; cooldown_bars: 19 -> 25; max_cash_fraction: 0.1839 -> 0.0656; relative_strength_period: 17 -> 32; relative_strength_threshold: 0.5632 -> -0.1044; rsi_period: 32 -> 36; rvol_period: 29 -> 37; rvol_threshold: 2.8568 -> 2.5758; sell_rsi: 73.3609 -> 76.4933; stop_loss_pct: 0.0341 -> 0.0222; take_profit_pct: 0.1027 -> 0.0557; trend_entry_threshold: 0.6839 -> 0.8726; trend_negative_threshold: 0.2875 -> 0.058; trend_reversal_threshold: 0.7875 -> 0.7517
      relative_profit=$-8,023.92, absolute_profit=$445.16, buys=282, score=(-9433.92, -282, -551), objective=-9,433.92
    Trial 023: window=2024-03-26 19:14 UTC -> 2024-06-24 19:14 UTC, months=[2024-03, 2024-04, 2024-05, 2024-06], symbols=[ABNB, ALB, AMT, BBY, COST, DOW, DVN, EL, EMR, EXC, GE, GOOGL, GPN, HAL, HCA, INTC, KTOS, LI, LMT, LSTR, ... (+30 more)], proposal=optuna_tpe
      params=bb_period=38, bb_stddev=4.1493, buy_rsi=32.0786, cooldown_bars=19, max_cash_fraction=0.084, relative_strength_period=21, relative_strength_threshold=0.7183, rsi_period=36, rvol_period=32, rvol_threshold=3.8191, sell_rsi=73.0533, stop_loss_pct=0.0119, take_profit_pct=0.1079, trend_entry_threshold=0.7268, trend_negative_threshold=0.3502, trend_reversal_threshold=0.9194
      change_vs_previous=bb_period: 22 -> 38; bb_stddev: 4.3792 -> 4.1493; buy_rsi: 30.6941 -> 32.0786; cooldown_bars: 25 -> 19; max_cash_fraction: 0.0656 -> 0.084; relative_strength_period: 32 -> 21; relative_strength_threshold: -0.1044 -> 0.7183; rvol_period: 37 -> 32; rvol_threshold: 2.5758 -> 3.8191; sell_rsi: 76.4933 -> 73.0533; stop_loss_pct: 0.0222 -> 0.0119; take_profit_pct: 0.0557 -> 0.1079; trend_entry_threshold: 0.8726 -> 0.7268; trend_negative_threshold: 0.058 -> 0.3502; trend_reversal_threshold: 0.7517 -> 0.9194
      relative_profit=$-5,309.66, absolute_profit=$-760.34, buys=35, score=(-5484.66, -35, -70), objective=-5,484.66
    Trial 024: window=2024-07-02 22:01 UTC -> 2024-09-30 22:01 UTC, months=[2024-07, 2024-08, 2024-09], symbols=[AMD, BA, BBY, BEAM, BLDP, BNTX, C, CHWY, COP, CSCO, DIS, DOW, ED, EOG, FIS, GOOGL, HII, IFF, KHC, KLAC, ... (+30 more)], proposal=optuna_tpe
      params=bb_period=39, bb_stddev=4.5346, buy_rsi=31.7459, cooldown_bars=15, max_cash_fraction=0.234, relative_strength_period=18, relative_strength_threshold=0.2998, rsi_period=34, rvol_period=26, rvol_threshold=3.6161, sell_rsi=65.3248, stop_loss_pct=0.0617, take_profit_pct=0.1225, trend_entry_threshold=0.7131, trend_negative_threshold=0.4572, trend_reversal_threshold=0.9641
      change_vs_previous=bb_period: 38 -> 39; bb_stddev: 4.1493 -> 4.5346; buy_rsi: 32.0786 -> 31.7459; cooldown_bars: 19 -> 15; max_cash_fraction: 0.084 -> 0.234; relative_strength_period: 21 -> 18; relative_strength_threshold: 0.7183 -> 0.2998; rsi_period: 36 -> 34; rvol_period: 32 -> 26; rvol_threshold: 3.8191 -> 3.6161; sell_rsi: 73.0533 -> 65.3248; stop_loss_pct: 0.0119 -> 0.0617; take_profit_pct: 0.1079 -> 0.1225; trend_entry_threshold: 0.7268 -> 0.7131; trend_negative_threshold: 0.3502 -> 0.4572; trend_reversal_threshold: 0.9194 -> 0.9641
      relative_profit=$-7,354.56, absolute_profit=$-2,835.71, buys=40, score=(-7554.56, -40, -80), objective=-7,554.56
    Trial 025: window=2024-09-05 16:40 UTC -> 2024-12-04 16:40 UTC, months=[2024-09, 2024-10, 2024-11, 2024-12], symbols=[ADBE, AI, AMAT, AMD, APD, BABA, BEAM, BLDP, BNTX, C, CHRW, CMCSA, CSX, DAL, DOW, ED, ENPH, FCX, GD, GM, ... (+30 more)], proposal=optuna_tpe
      params=bb_period=36, bb_stddev=4.9524, buy_rsi=28.8533, cooldown_bars=12, max_cash_fraction=0.1183, relative_strength_period=30, relative_strength_threshold=0.8702, rsi_period=31, rvol_period=28, rvol_threshold=2.8911, sell_rsi=67.7738, stop_loss_pct=0.0359, take_profit_pct=0.1181, trend_entry_threshold=0.7272, trend_negative_threshold=0.5836, trend_reversal_threshold=0.4659
      change_vs_previous=bb_period: 39 -> 36; bb_stddev: 4.5346 -> 4.9524; buy_rsi: 31.7459 -> 28.8533; cooldown_bars: 15 -> 12; max_cash_fraction: 0.234 -> 0.1183; relative_strength_period: 18 -> 30; relative_strength_threshold: 0.2998 -> 0.8702; rsi_period: 34 -> 31; rvol_period: 26 -> 28; rvol_threshold: 3.6161 -> 2.8911; sell_rsi: 65.3248 -> 67.7738; stop_loss_pct: 0.0617 -> 0.0359; take_profit_pct: 0.1225 -> 0.1181; trend_entry_threshold: 0.7131 -> 0.7272; trend_negative_threshold: 0.4572 -> 0.5836; trend_reversal_threshold: 0.9641 -> 0.4659
      relative_profit=$-11,464.61, absolute_profit=$-987.38, buys=23, score=(-11579.609999999999, -23, -46), objective=-11,579.61
    Trial 026: window=2024-03-11 20:59 UTC -> 2024-06-07 23:59 UTC, months=[2024-03, 2024-04, 2024-05, 2024-06], symbols=[ADM, ALB, AMZN, AVAV, BAC, BLK, CMCSA, COP, DDOG, DG, DOCU, EA, ED, EDIT, EQIX, FCEL, FSLY, GM, GOOGL, GPN, ... (+30 more)], proposal=optuna_tpe
      params=bb_period=44, bb_stddev=4.509, buy_rsi=35.9395, cooldown_bars=24, max_cash_fraction=0.177, relative_strength_period=19, relative_strength_threshold=0.412, rsi_period=33, rvol_period=26, rvol_threshold=1.886, sell_rsi=73.4744, stop_loss_pct=0.018, take_profit_pct=0.1469, trend_entry_threshold=0.7775, trend_negative_threshold=0.0868, trend_reversal_threshold=0.6735
      change_vs_previous=bb_period: 36 -> 44; bb_stddev: 4.9524 -> 4.509; buy_rsi: 28.8533 -> 35.9395; cooldown_bars: 12 -> 24; max_cash_fraction: 0.1183 -> 0.177; relative_strength_period: 30 -> 19; relative_strength_threshold: 0.8702 -> 0.412; rsi_period: 31 -> 33; rvol_period: 28 -> 26; rvol_threshold: 2.8911 -> 1.886; sell_rsi: 67.7738 -> 73.4744; stop_loss_pct: 0.0359 -> 0.018; take_profit_pct: 0.1181 -> 0.1469; trend_entry_threshold: 0.7272 -> 0.7775; trend_negative_threshold: 0.5836 -> 0.0868; trend_reversal_threshold: 0.4659 -> 0.6735
      relative_profit=$-4,976.83, absolute_profit=$-802.75, buys=68, score=(-5316.83, -68, -136), objective=-5,316.83
    Trial 027: window=2024-03-11 09:17 UTC -> 2024-06-07 23:59 UTC, months=[2024-03, 2024-04, 2024-05, 2024-06], symbols=[ADBE, ADM, AI, ASML, BA, BHP, BKR, CF, CL, COP, CSX, DAL, DG, DOW, DPZ, EL, EMR, EQIX, FANG, GD, ... (+30 more)], proposal=optuna_tpe
      params=bb_period=39, bb_stddev=3.6917, buy_rsi=24.7557, cooldown_bars=22, max_cash_fraction=0.057, relative_strength_period=34, relative_strength_threshold=0.6166, rsi_period=38, rvol_period=30, rvol_threshold=3.3955, sell_rsi=49.4566, stop_loss_pct=0.0579, take_profit_pct=0.0785, trend_entry_threshold=0.8822, trend_negative_threshold=0.3687, trend_reversal_threshold=0.5645
      change_vs_previous=bb_period: 44 -> 39; bb_stddev: 4.509 -> 3.6917; buy_rsi: 35.9395 -> 24.7557; cooldown_bars: 24 -> 22; max_cash_fraction: 0.177 -> 0.057; relative_strength_period: 19 -> 34; relative_strength_threshold: 0.412 -> 0.6166; rsi_period: 33 -> 38; rvol_period: 26 -> 30; rvol_threshold: 1.886 -> 3.3955; sell_rsi: 73.4744 -> 49.4566; stop_loss_pct: 0.018 -> 0.0579; take_profit_pct: 0.1469 -> 0.0785; trend_entry_threshold: 0.7775 -> 0.8822; trend_negative_threshold: 0.0868 -> 0.3687; trend_reversal_threshold: 0.6735 -> 0.5645
      relative_profit=$-4,381.50, absolute_profit=$-98.21, buys=11, score=(-4436.5, -11, -22), objective=-4,436.50
    Trial 028: window=2024-03-27 22:09 UTC -> 2024-06-25 22:09 UTC, months=[2024-03, 2024-04, 2024-05, 2024-06], symbols=[AAPL, AFRM, AMZN, AON, APA, APP, BA, BKR, CMCSA, CMG, COP, CSCO, CSX, DE, DG, DIS, DUK, EMR, EQIX, ETSY, ... (+30 more)], proposal=optuna_tpe
      params=bb_period=37, bb_stddev=4.808, buy_rsi=27.8496, cooldown_bars=10, max_cash_fraction=0.1257, relative_strength_period=31, relative_strength_threshold=0.5916, rsi_period=38, rvol_period=20, rvol_threshold=4.4818, sell_rsi=61.627, stop_loss_pct=0.0215, take_profit_pct=0.0435, trend_entry_threshold=0.836, trend_negative_threshold=0.4225, trend_reversal_threshold=0.7943
      change_vs_previous=bb_period: 39 -> 37; bb_stddev: 3.6917 -> 4.808; buy_rsi: 24.7557 -> 27.8496; cooldown_bars: 22 -> 10; max_cash_fraction: 0.057 -> 0.1257; relative_strength_period: 34 -> 31; relative_strength_threshold: 0.6166 -> 0.5916; rvol_period: 30 -> 20; rvol_threshold: 3.3955 -> 4.4818; sell_rsi: 49.4566 -> 61.627; stop_loss_pct: 0.0579 -> 0.0215; take_profit_pct: 0.0785 -> 0.0435; trend_entry_threshold: 0.8822 -> 0.836; trend_negative_threshold: 0.3687 -> 0.4225; trend_reversal_threshold: 0.5645 -> 0.7943
      relative_profit=$-4,613.52, absolute_profit=$-405.53, buys=17, score=(-4698.5199999999995, -17, -34), objective=-4,698.52
    Trial 029: window=2024-05-15 10:33 UTC -> 2024-08-13 10:33 UTC, months=[2024-05, 2024-06, 2024-07, 2024-08], symbols=[AEP, AFRM, APP, BABA, CCI, CME, CRM, D, DIA, DUK, DVN, EOG, FCX, FIS, FISV, FSLY, GM, HII, ICE, JBHT, ... (+30 more)], proposal=optuna_tpe
      params=bb_period=36, bb_stddev=4.4389, buy_rsi=30.8502, cooldown_bars=17, max_cash_fraction=0.0992, relative_strength_period=34, relative_strength_threshold=0.1652, rsi_period=40, rvol_period=28, rvol_threshold=3.467, sell_rsi=70.4355, stop_loss_pct=0.0151, take_profit_pct=0.1297, trend_entry_threshold=0.65, trend_negative_threshold=0.3447, trend_reversal_threshold=0.5073
      change_vs_previous=bb_period: 37 -> 36; bb_stddev: 4.808 -> 4.4389; buy_rsi: 27.8496 -> 30.8502; cooldown_bars: 10 -> 17; max_cash_fraction: 0.1257 -> 0.0992; relative_strength_period: 31 -> 34; relative_strength_threshold: 0.5916 -> 0.1652; rsi_period: 38 -> 40; rvol_period: 20 -> 28; rvol_threshold: 4.4818 -> 3.467; sell_rsi: 61.627 -> 70.4355; stop_loss_pct: 0.0215 -> 0.0151; take_profit_pct: 0.0435 -> 0.1297; trend_entry_threshold: 0.836 -> 0.65; trend_negative_threshold: 0.4225 -> 0.3447; trend_reversal_threshold: 0.7943 -> 0.5073
      relative_profit=$-1,576.86, absolute_profit=$382.99, buys=585, score=(-4501.86, -585, -1169), objective=-4,501.86
    Trial 030: window=2024-03-01 17:18 UTC -> 2024-05-30 17:18 UTC, months=[2024-03, 2024-04, 2024-05], symbols=[AI, AMZN, BABA, BILL, CCI, CME, CMG, COP, CSCO, DAL, DE, DPZ, ED, ENPH, ESTC, ETN, FCX, GILD, GM, HSY, ... (+30 more)], proposal=optuna_tpe
      params=bb_period=39, bb_stddev=4.2083, buy_rsi=32.6773, cooldown_bars=20, max_cash_fraction=0.2476, relative_strength_period=18, relative_strength_threshold=0.7173, rsi_period=30, rvol_period=27, rvol_threshold=3.7343, sell_rsi=79.7666, stop_loss_pct=0.0338, take_profit_pct=0.0801, trend_entry_threshold=0.645, trend_negative_threshold=0.3314, trend_reversal_threshold=0.677
      change_vs_previous=bb_period: 36 -> 39; bb_stddev: 4.4389 -> 4.2083; buy_rsi: 30.8502 -> 32.6773; cooldown_bars: 17 -> 20; max_cash_fraction: 0.0992 -> 0.2476; relative_strength_period: 34 -> 18; relative_strength_threshold: 0.1652 -> 0.7173; rsi_period: 40 -> 30; rvol_period: 28 -> 27; rvol_threshold: 3.467 -> 3.7343; sell_rsi: 70.4355 -> 79.7666; stop_loss_pct: 0.0151 -> 0.0338; take_profit_pct: 0.1297 -> 0.0801; trend_entry_threshold: 0.65 -> 0.645; trend_negative_threshold: 0.3447 -> 0.3314; trend_reversal_threshold: 0.5073 -> 0.677
      relative_profit=$11,829.28, absolute_profit=$14,463.14, buys=547, score=(9094.279999999999, -547, -1090), objective=9,094.28
    Trial 031: window=2024-02-21 10:31 UTC -> 2024-05-21 10:31 UTC, months=[2024-02, 2024-03, 2024-04, 2024-05], symbols=[AAPL, AEP, BAC, BEAM, BLDP, BMY, C, COST, D, DDOG, DKNG, DOW, DPZ, DUK, ED, ENPH, EOG, GILD, GS, HAL, ... (+30 more)], proposal=optuna_tpe
      params=bb_period=34, bb_stddev=4.9322, buy_rsi=24.5949, cooldown_bars=16, max_cash_fraction=0.2284, relative_strength_period=12, relative_strength_threshold=0.4636, rsi_period=36, rvol_period=25, rvol_threshold=4.3432, sell_rsi=86.8393, stop_loss_pct=0.0508, take_profit_pct=0.1, trend_entry_threshold=0.8133, trend_negative_threshold=0.3304, trend_reversal_threshold=0.7902
      change_vs_previous=bb_period: 39 -> 34; bb_stddev: 4.2083 -> 4.9322; buy_rsi: 32.6773 -> 24.5949; cooldown_bars: 20 -> 16; max_cash_fraction: 0.2476 -> 0.2284; relative_strength_period: 18 -> 12; relative_strength_threshold: 0.7173 -> 0.4636; rsi_period: 30 -> 36; rvol_period: 27 -> 25; rvol_threshold: 3.7343 -> 4.3432; sell_rsi: 79.7666 -> 86.8393; stop_loss_pct: 0.0338 -> 0.0508; take_profit_pct: 0.0801 -> 0.1; trend_entry_threshold: 0.645 -> 0.8133; trend_negative_threshold: 0.3314 -> 0.3304; trend_reversal_threshold: 0.677 -> 0.7902
      relative_profit=$-7,853.81, absolute_profit=$-984.70, buys=14, score=(-7923.8099999999995, -14, -28), objective=-7,923.81
    Trial 032: window=2024-08-19 18:19 UTC -> 2024-11-16 00:59 UTC, months=[2024-08, 2024-09, 2024-10, 2024-11], symbols=[AES, AVAV, AVGO, BE, BMY, CCI, CHWY, CME, COIN, COP, COST, CRM, CRWD, CSX, D, EDIT, ETSY, HSY, ICE, JNJ, ... (+30 more)], proposal=optuna_tpe
      params=bb_period=37, bb_stddev=3.8228, buy_rsi=31.8806, cooldown_bars=22, max_cash_fraction=0.1396, relative_strength_period=14, relative_strength_threshold=0.4962, rsi_period=27, rvol_period=30, rvol_threshold=3.9019, sell_rsi=79.2756, stop_loss_pct=0.0305, take_profit_pct=0.0617, trend_entry_threshold=0.6411, trend_negative_threshold=0.5202, trend_reversal_threshold=0.6108
      change_vs_previous=bb_period: 34 -> 37; bb_stddev: 4.9322 -> 3.8228; buy_rsi: 24.5949 -> 31.8806; cooldown_bars: 16 -> 22; max_cash_fraction: 0.2284 -> 0.1396; relative_strength_period: 12 -> 14; relative_strength_threshold: 0.4636 -> 0.4962; rsi_period: 36 -> 27; rvol_period: 25 -> 30; rvol_threshold: 4.3432 -> 3.9019; sell_rsi: 86.8393 -> 79.2756; stop_loss_pct: 0.0508 -> 0.0305; take_profit_pct: 0.1 -> 0.0617; trend_entry_threshold: 0.8133 -> 0.6411; trend_negative_threshold: 0.3304 -> 0.5202; trend_reversal_threshold: 0.7902 -> 0.6108
      relative_profit=$-2,925.53, absolute_profit=$2,166.37, buys=694, score=(-6395.53, -694, -1382), objective=-6,395.53
    Trial 033: window=2024-05-31 16:48 UTC -> 2024-08-29 16:48 UTC, months=[2024-05, 2024-06, 2024-07, 2024-08], symbols=[AMT, AMZN, AON, ASML, BABA, CHWY, CL, COIN, COP, EOG, EXPD, FCEL, FISV, HCA, HLT, IFF, KMI, KR, LI, LULU, ... (+30 more)], proposal=optuna_tpe
      params=bb_period=32, bb_stddev=4.5941, buy_rsi=28.1152, cooldown_bars=20, max_cash_fraction=0.0876, relative_strength_period=28, relative_strength_threshold=0.4152, rsi_period=35, rvol_period=30, rvol_threshold=4.3416, sell_rsi=63.0282, stop_loss_pct=0.0208, take_profit_pct=0.1029, trend_entry_threshold=0.7866, trend_negative_threshold=0.327, trend_reversal_threshold=0.6219
      change_vs_previous=bb_period: 37 -> 32; bb_stddev: 3.8228 -> 4.5941; buy_rsi: 31.8806 -> 28.1152; cooldown_bars: 22 -> 20; max_cash_fraction: 0.1396 -> 0.0876; relative_strength_period: 14 -> 28; relative_strength_threshold: 0.4962 -> 0.4152; rsi_period: 27 -> 35; rvol_threshold: 3.9019 -> 4.3416; sell_rsi: 79.2756 -> 63.0282; stop_loss_pct: 0.0305 -> 0.0208; take_profit_pct: 0.0617 -> 0.1029; trend_entry_threshold: 0.6411 -> 0.7866; trend_negative_threshold: 0.5202 -> 0.327; trend_reversal_threshold: 0.6108 -> 0.6219
      relative_profit=$-8,668.56, absolute_profit=$-224.11, buys=20, score=(-8768.560000000001, -20, -40), objective=-8,768.56
    Trial 034: window=2024-08-30 14:33 UTC -> 2024-11-28 00:59 UTC, months=[2024-08, 2024-09, 2024-10, 2024-11], symbols=[AES, AI, AMAT, AMZN, AVAV, C, CCI, CL, CMCSA, CRM, CSX, DIS, DVN, EL, ENPH, ETSY, FAST, GD, GM, HLT, ... (+30 more)], proposal=optuna_tpe
      params=bb_period=37, bb_stddev=3.997, buy_rsi=30.1343, cooldown_bars=15, max_cash_fraction=0.2469, relative_strength_period=31, relative_strength_threshold=0.9678, rsi_period=30, rvol_period=27, rvol_threshold=3.7739, sell_rsi=83.5172, stop_loss_pct=0.0297, take_profit_pct=0.0698, trend_entry_threshold=0.6289, trend_negative_threshold=0.2493, trend_reversal_threshold=0.7013
      change_vs_previous=bb_period: 32 -> 37; bb_stddev: 4.5941 -> 3.997; buy_rsi: 28.1152 -> 30.1343; cooldown_bars: 20 -> 15; max_cash_fraction: 0.0876 -> 0.2469; relative_strength_period: 28 -> 31; relative_strength_threshold: 0.4152 -> 0.9678; rsi_period: 35 -> 30; rvol_period: 30 -> 27; rvol_threshold: 4.3416 -> 3.7739; sell_rsi: 63.0282 -> 83.5172; stop_loss_pct: 0.0208 -> 0.0297; take_profit_pct: 0.1029 -> 0.0698; trend_entry_threshold: 0.7866 -> 0.6289; trend_negative_threshold: 0.327 -> 0.2493; trend_reversal_threshold: 0.6219 -> 0.7013
      relative_profit=$4,504.69, absolute_profit=$11,264.90, buys=497, score=(2019.6899999999996, -497, -992), objective=2,019.69
    Trial 035: window=2024-01-26 15:38 UTC -> 2024-04-25 15:38 UTC, months=[2024-01, 2024-02, 2024-03, 2024-04], symbols=[AMD, BBAI, BE, BKR, CAN, CMG, CRM, DG, DIS, EA, EXC, FISV, GE, HUBS, IFF, IWM, KMB, LCID, LI, LMT, ... (+30 more)], proposal=optuna_tpe
      params=bb_period=35, bb_stddev=3.9882, buy_rsi=27.291, cooldown_bars=12, max_cash_fraction=0.1866, relative_strength_period=35, relative_strength_threshold=0.9512, rsi_period=29, rvol_period=31, rvol_threshold=3.0979, sell_rsi=82.3369, stop_loss_pct=0.0136, take_profit_pct=0.0758, trend_entry_threshold=0.5547, trend_negative_threshold=0.1277, trend_reversal_threshold=0.9104
      change_vs_previous=bb_period: 37 -> 35; bb_stddev: 3.997 -> 3.9882; buy_rsi: 30.1343 -> 27.291; cooldown_bars: 15 -> 12; max_cash_fraction: 0.2469 -> 0.1866; relative_strength_period: 31 -> 35; relative_strength_threshold: 0.9678 -> 0.9512; rsi_period: 30 -> 29; rvol_period: 27 -> 31; rvol_threshold: 3.7739 -> 3.0979; sell_rsi: 83.5172 -> 82.3369; stop_loss_pct: 0.0297 -> 0.0136; take_profit_pct: 0.0698 -> 0.0758; trend_entry_threshold: 0.6289 -> 0.5547; trend_negative_threshold: 0.2493 -> 0.1277; trend_reversal_threshold: 0.7013 -> 0.9104
      relative_profit=$12,180.34, absolute_profit=$14,391.62, buys=409, score=(10135.34, -409, -818), objective=10,135.34
    Trial 036: window=2024-02-06 21:24 UTC -> 2024-05-06 21:24 UTC, months=[2024-02, 2024-03, 2024-04, 2024-05], symbols=[ADBE, AON, APA, BBAI, BILL, BKR, BMY, CHWY, CME, CMG, DAL, DIS, DOCU, DUK, EOG, FANG, FAST, FCEL, FCX, GILD, ... (+30 more)], proposal=optuna_tpe
      params=bb_period=37, bb_stddev=3.6468, buy_rsi=32.5721, cooldown_bars=16, max_cash_fraction=0.2448, relative_strength_period=24, relative_strength_threshold=0.7577, rsi_period=23, rvol_period=28, rvol_threshold=3.7471, sell_rsi=74.7886, stop_loss_pct=0.0461, take_profit_pct=0.0889, trend_entry_threshold=0.7336, trend_negative_threshold=0.1566, trend_reversal_threshold=0.6301
      change_vs_previous=bb_period: 35 -> 37; bb_stddev: 3.9882 -> 3.6468; buy_rsi: 27.291 -> 32.5721; cooldown_bars: 12 -> 16; max_cash_fraction: 0.1866 -> 0.2448; relative_strength_period: 35 -> 24; relative_strength_threshold: 0.9512 -> 0.7577; rsi_period: 29 -> 23; rvol_period: 31 -> 28; rvol_threshold: 3.0979 -> 3.7471; sell_rsi: 82.3369 -> 74.7886; stop_loss_pct: 0.0136 -> 0.0461; take_profit_pct: 0.0758 -> 0.0889; trend_entry_threshold: 0.5547 -> 0.7336; trend_negative_threshold: 0.1277 -> 0.1566; trend_reversal_threshold: 0.9104 -> 0.6301
      relative_profit=$-3,694.35, absolute_profit=$915.52, buys=121, score=(-4299.35, -121, -242), objective=-4,299.35
    Trial 037: window=2024-08-22 13:56 UTC -> 2024-11-20 13:56 UTC, months=[2024-08, 2024-09, 2024-10, 2024-11], symbols=[AAPL, ABNB, AES, AMAT, AON, APA, ASML, BEAM, BHP, BLK, CB, CME, CMG, CRWD, DAL, ECL, EL, ETSY, EXPD, FANG, ... (+30 more)], proposal=optuna_tpe
      params=bb_period=35, bb_stddev=3.835, buy_rsi=24.1281, cooldown_bars=17, max_cash_fraction=0.2084, relative_strength_period=38, relative_strength_threshold=0.7677, rsi_period=33, rvol_period=28, rvol_threshold=2.546, sell_rsi=80.1879, stop_loss_pct=0.0457, take_profit_pct=0.0852, trend_entry_threshold=0.6931, trend_negative_threshold=0.1217, trend_reversal_threshold=0.9577
      change_vs_previous=bb_period: 37 -> 35; bb_stddev: 3.6468 -> 3.835; buy_rsi: 32.5721 -> 24.1281; cooldown_bars: 16 -> 17; max_cash_fraction: 0.2448 -> 0.2084; relative_strength_period: 24 -> 38; relative_strength_threshold: 0.7577 -> 0.7677; rsi_period: 23 -> 33; rvol_threshold: 3.7471 -> 2.546; sell_rsi: 74.7886 -> 80.1879; stop_loss_pct: 0.0461 -> 0.0457; take_profit_pct: 0.0889 -> 0.0852; trend_entry_threshold: 0.7336 -> 0.6931; trend_negative_threshold: 0.1566 -> 0.1217; trend_reversal_threshold: 0.6301 -> 0.9577
      relative_profit=$7,359.01, absolute_profit=$12,313.25, buys=270, score=(6009.01, -270, -539), objective=6,009.01
    Trial 038: window=2024-09-30 08:24 UTC -> 2024-12-28 00:59 UTC, months=[2024-09, 2024-10, 2024-11, 2024-12], symbols=[AMT, AVGO, BEAM, BKR, CCI, CL, COIN, COP, CRM, CVX, DKNG, DPZ, EL, FSLY, GE, GM, GOOGL, JNJ, KMB, MAR, ... (+30 more)], proposal=optuna_tpe
      params=bb_period=42, bb_stddev=3.9164, buy_rsi=29.9336, cooldown_bars=14, max_cash_fraction=0.2134, relative_strength_period=26, relative_strength_threshold=0.7203, rsi_period=33, rvol_period=21, rvol_threshold=4.3831, sell_rsi=77.6717, stop_loss_pct=0.034, take_profit_pct=0.0673, trend_entry_threshold=0.6252, trend_negative_threshold=0.1672, trend_reversal_threshold=0.7907
      change_vs_previous=bb_period: 35 -> 42; bb_stddev: 3.835 -> 3.9164; buy_rsi: 24.1281 -> 29.9336; cooldown_bars: 17 -> 14; max_cash_fraction: 0.2084 -> 0.2134; relative_strength_period: 38 -> 26; relative_strength_threshold: 0.7677 -> 0.7203; rvol_period: 28 -> 21; rvol_threshold: 2.546 -> 4.3831; sell_rsi: 80.1879 -> 77.6717; stop_loss_pct: 0.0457 -> 0.034; take_profit_pct: 0.0852 -> 0.0673; trend_entry_threshold: 0.6931 -> 0.6252; trend_negative_threshold: 0.1217 -> 0.1672; trend_reversal_threshold: 0.9577 -> 0.7907
      relative_profit=$1,836.02, absolute_profit=$5,993.10, buys=490, score=(-613.9799999999996, -490, -980), objective=-613.98
    Trial 039: window=2024-06-17 16:11 UTC -> 2024-09-13 23:59 UTC, months=[2024-06, 2024-07, 2024-08, 2024-09], symbols=[ABNB, AFRM, AON, AVGO, AXP, BA, BABA, BALL, BNTX, CHWY, COIN, CVX, DPZ, EL, EXPD, FANG, FAST, FISV, FSLY, GREE, ... (+30 more)], proposal=optuna_tpe
      params=bb_period=35, bb_stddev=3.5702, buy_rsi=31.7598, cooldown_bars=25, max_cash_fraction=0.2484, relative_strength_period=31, relative_strength_threshold=0.9713, rsi_period=28, rvol_period=34, rvol_threshold=3.6086, sell_rsi=86.3782, stop_loss_pct=0.0213, take_profit_pct=0.0611, trend_entry_threshold=0.7669, trend_negative_threshold=0.2532, trend_reversal_threshold=0.7468
      change_vs_previous=bb_period: 42 -> 35; bb_stddev: 3.9164 -> 3.5702; buy_rsi: 29.9336 -> 31.7598; cooldown_bars: 14 -> 25; max_cash_fraction: 0.2134 -> 0.2484; relative_strength_period: 26 -> 31; relative_strength_threshold: 0.7203 -> 0.9713; rsi_period: 33 -> 28; rvol_period: 21 -> 34; rvol_threshold: 4.3831 -> 3.6086; sell_rsi: 77.6717 -> 86.3782; stop_loss_pct: 0.034 -> 0.0213; take_profit_pct: 0.0673 -> 0.0611; trend_entry_threshold: 0.6252 -> 0.7669; trend_negative_threshold: 0.1672 -> 0.2532; trend_reversal_threshold: 0.7907 -> 0.7468
      relative_profit=$-3,160.22, absolute_profit=$34.40, buys=34, score=(-3330.22, -34, -68), objective=-3,330.22
    Trial 040: window=2024-09-03 12:06 UTC -> 2024-12-02 12:06 UTC, months=[2024-09, 2024-10, 2024-11, 2024-12], symbols=[AEP, ARCT, ASML, AVGO, BLDP, BMY, CCI, CHRW, CRWD, CSX, CVNA, CVX, DAL, DG, ENPH, ETN, FCX, FIS, GD, GOOGL, ... (+30 more)], proposal=optuna_tpe
      params=bb_period=40, bb_stddev=4.4677, buy_rsi=24.4628, cooldown_bars=18, max_cash_fraction=0.1998, relative_strength_period=36, relative_strength_threshold=0.3634, rsi_period=29, rvol_period=27, rvol_threshold=3.0979, sell_rsi=85.722, stop_loss_pct=0.0243, take_profit_pct=0.0433, trend_entry_threshold=0.4362, trend_negative_threshold=0.1263, trend_reversal_threshold=0.8618
      change_vs_previous=bb_period: 35 -> 40; bb_stddev: 3.5702 -> 4.4677; buy_rsi: 31.7598 -> 24.4628; cooldown_bars: 25 -> 18; max_cash_fraction: 0.2484 -> 0.1998; relative_strength_period: 31 -> 36; relative_strength_threshold: 0.9713 -> 0.3634; rsi_period: 28 -> 29; rvol_period: 34 -> 27; rvol_threshold: 3.6086 -> 3.0979; sell_rsi: 86.3782 -> 85.722; stop_loss_pct: 0.0213 -> 0.0243; take_profit_pct: 0.0611 -> 0.0433; trend_entry_threshold: 0.7669 -> 0.4362; trend_negative_threshold: 0.2532 -> 0.1263; trend_reversal_threshold: 0.7468 -> 0.8618
      relative_profit=$-6,458.52, absolute_profit=$816.83, buys=503, score=(-8973.52, -503, -1001), objective=-8,973.52
    Trial 041: window=2024-01-03 18:47 UTC -> 2024-04-02 18:47 UTC, months=[2024-01, 2024-02, 2024-03, 2024-04], symbols=[AFRM, AI, AMT, ASML, AVGO, AXP, BBY, BE, BILL, BKR, BLK, CRM, CSX, DUK, EDIT, EOG, ETSY, F, FIS, FSLY, ... (+30 more)], proposal=optuna_tpe
      params=bb_period=44, bb_stddev=4.0888, buy_rsi=33.3143, cooldown_bars=23, max_cash_fraction=0.2181, relative_strength_period=13, relative_strength_threshold=0.8798, rsi_period=30, rvol_period=21, rvol_threshold=2.5069, sell_rsi=77.4034, stop_loss_pct=0.02, take_profit_pct=0.1076, trend_entry_threshold=0.6976, trend_negative_threshold=0.2516, trend_reversal_threshold=0.6243
      change_vs_previous=bb_period: 40 -> 44; bb_stddev: 4.4677 -> 4.0888; buy_rsi: 24.4628 -> 33.3143; cooldown_bars: 18 -> 23; max_cash_fraction: 0.1998 -> 0.2181; relative_strength_period: 36 -> 13; relative_strength_threshold: 0.3634 -> 0.8798; rsi_period: 29 -> 30; rvol_period: 27 -> 21; rvol_threshold: 3.0979 -> 2.5069; sell_rsi: 85.722 -> 77.4034; stop_loss_pct: 0.0243 -> 0.02; take_profit_pct: 0.0433 -> 0.1076; trend_entry_threshold: 0.4362 -> 0.6976; trend_negative_threshold: 0.1263 -> 0.2516; trend_reversal_threshold: 0.8618 -> 0.6243
      relative_profit=$-3,298.68, absolute_profit=$6,831.60, buys=497, score=(-5783.68, -497, -991), objective=-5,783.68
    Trial 042: window=2024-02-23 14:34 UTC -> 2024-05-23 14:34 UTC, months=[2024-02, 2024-03, 2024-04, 2024-05], symbols=[AMAT, ARCT, AVGO, BE, BNTX, DAL, DE, DUK, EDIT, EOG, F, HAL, HUBS, IFF, JBHT, KO, KTOS, MAR, MCD, MO, ... (+30 more)], proposal=optuna_tpe
      params=bb_period=38, bb_stddev=4.1363, buy_rsi=23.3101, cooldown_bars=8, max_cash_fraction=0.1634, relative_strength_period=35, relative_strength_threshold=0.9986, rsi_period=25, rvol_period=28, rvol_threshold=3.3947, sell_rsi=80.9398, stop_loss_pct=0.0256, take_profit_pct=0.0865, trend_entry_threshold=0.5515, trend_negative_threshold=0.2404, trend_reversal_threshold=0.9548
      change_vs_previous=bb_period: 44 -> 38; bb_stddev: 4.0888 -> 4.1363; buy_rsi: 33.3143 -> 23.3101; cooldown_bars: 23 -> 8; max_cash_fraction: 0.2181 -> 0.1634; relative_strength_period: 13 -> 35; relative_strength_threshold: 0.8798 -> 0.9986; rsi_period: 30 -> 25; rvol_period: 21 -> 28; rvol_threshold: 2.5069 -> 3.3947; sell_rsi: 77.4034 -> 80.9398; stop_loss_pct: 0.02 -> 0.0256; take_profit_pct: 0.1076 -> 0.0865; trend_entry_threshold: 0.6976 -> 0.5515; trend_negative_threshold: 0.2516 -> 0.2404; trend_reversal_threshold: 0.6243 -> 0.9548
      relative_profit=$3,086.68, absolute_profit=$7,066.62, buys=479, score=(691.6799999999998, -479, -957), objective=691.68
    Trial 043: window=2024-02-05 15:37 UTC -> 2024-05-03 23:59 UTC, months=[2024-02, 2024-03, 2024-04, 2024-05], symbols=[AMT, ARCT, BALL, BKR, CMG, CRWD, DHR, DPZ, ED, EL, EMR, EXPD, FCEL, GD, GILD, GM, GOOGL, GS, HII, HON, ... (+30 more)], proposal=optuna_tpe
      params=bb_period=41, bb_stddev=4.3022, buy_rsi=20.4459, cooldown_bars=5, max_cash_fraction=0.1347, relative_strength_period=33, relative_strength_threshold=0.2699, rsi_period=22, rvol_period=29, rvol_threshold=3.3974, sell_rsi=85.78, stop_loss_pct=0.021, take_profit_pct=0.0955, trend_entry_threshold=0.6685, trend_negative_threshold=0.2815, trend_reversal_threshold=0.8913
      change_vs_previous=bb_period: 38 -> 41; bb_stddev: 4.1363 -> 4.3022; buy_rsi: 23.3101 -> 20.4459; cooldown_bars: 8 -> 5; max_cash_fraction: 0.1634 -> 0.1347; relative_strength_period: 35 -> 33; relative_strength_threshold: 0.9986 -> 0.2699; rsi_period: 25 -> 22; rvol_period: 28 -> 29; rvol_threshold: 3.3947 -> 3.3974; sell_rsi: 80.9398 -> 85.78; stop_loss_pct: 0.0256 -> 0.021; take_profit_pct: 0.0865 -> 0.0955; trend_entry_threshold: 0.5515 -> 0.6685; trend_negative_threshold: 0.2404 -> 0.2815; trend_reversal_threshold: 0.9548 -> 0.8913
      relative_profit=$-3,268.69, absolute_profit=$974.95, buys=594, score=(-6238.6900000000005, -594, -1179), objective=-6,238.69
    Trial 044: window=2024-01-29 21:58 UTC -> 2024-04-26 23:59 UTC, months=[2024-01, 2024-02, 2024-03, 2024-04], symbols=[AMAT, AVAV, BBAI, BKR, CF, CL, CMG, COP, CVNA, D, DKNG, EA, ED, ENPH, EQIX, EXC, F, FCX, GPN, HII, ... (+30 more)], proposal=optuna_tpe
      params=bb_period=31, bb_stddev=3.6552, buy_rsi=29.6043, cooldown_bars=23, max_cash_fraction=0.2482, relative_strength_period=26, relative_strength_threshold=0.5094, rsi_period=30, rvol_period=27, rvol_threshold=4.2393, sell_rsi=79.0549, stop_loss_pct=0.0311, take_profit_pct=0.0971, trend_entry_threshold=0.7207, trend_negative_threshold=0.4253, trend_reversal_threshold=0.587
      change_vs_previous=bb_period: 41 -> 31; bb_stddev: 4.3022 -> 3.6552; buy_rsi: 20.4459 -> 29.6043; cooldown_bars: 5 -> 23; max_cash_fraction: 0.1347 -> 0.2482; relative_strength_period: 33 -> 26; relative_strength_threshold: 0.2699 -> 0.5094; rsi_period: 22 -> 30; rvol_period: 29 -> 27; rvol_threshold: 3.3974 -> 4.2393; sell_rsi: 85.78 -> 79.0549; stop_loss_pct: 0.021 -> 0.0311; take_profit_pct: 0.0955 -> 0.0971; trend_entry_threshold: 0.6685 -> 0.7207; trend_negative_threshold: 0.2815 -> 0.4253; trend_reversal_threshold: 0.8913 -> 0.587
      relative_profit=$-1,448.01, absolute_profit=$2,087.36, buys=23, score=(-1563.0099999999998, -23, -46), objective=-1,563.01
    Trial 045: window=2024-05-24 11:19 UTC -> 2024-08-22 11:19 UTC, months=[2024-05, 2024-06, 2024-07, 2024-08], symbols=[AEP, AI, ALB, AMT, APD, ARCT, AVAV, BALL, CB, CCI, CSCO, DHR, ECL, ETN, ETSY, GE, GIS, GOOGL, JNJ, KR, ... (+30 more)], proposal=optuna_tpe
      params=bb_period=34, bb_stddev=3.9124, buy_rsi=25.7087, cooldown_bars=14, max_cash_fraction=0.2082, relative_strength_period=45, relative_strength_threshold=-0.0124, rsi_period=30, rvol_period=30, rvol_threshold=1.1276, sell_rsi=83.5574, stop_loss_pct=0.0326, take_profit_pct=0.0975, trend_entry_threshold=0.6093, trend_negative_threshold=0.188, trend_reversal_threshold=0.9587
      change_vs_previous=bb_period: 31 -> 34; bb_stddev: 3.6552 -> 3.9124; buy_rsi: 29.6043 -> 25.7087; cooldown_bars: 23 -> 14; max_cash_fraction: 0.2482 -> 0.2082; relative_strength_period: 26 -> 45; relative_strength_threshold: 0.5094 -> -0.0124; rvol_period: 27 -> 30; rvol_threshold: 4.2393 -> 1.1276; sell_rsi: 79.0549 -> 83.5574; stop_loss_pct: 0.0311 -> 0.0326; take_profit_pct: 0.0971 -> 0.0975; trend_entry_threshold: 0.7207 -> 0.6093; trend_negative_threshold: 0.4253 -> 0.188; trend_reversal_threshold: 0.587 -> 0.9587
      relative_profit=$-3,844.78, absolute_profit=$2,667.09, buys=377, score=(-5729.78, -377, -731), objective=-5,729.78
    Trial 046: window=2024-09-06 08:22 UTC -> 2024-12-05 00:59 UTC, months=[2024-09, 2024-10, 2024-11, 2024-12], symbols=[ABBV, ADM, AES, AMD, BAC, BBY, BKR, BMY, C, CAT, CB, CCI, CF, CHRW, CL, CRSP, CVNA, DD, DG, DIA, ... (+30 more)], proposal=optuna_tpe
      params=bb_period=40, bb_stddev=3.7305, buy_rsi=34.3008, cooldown_bars=16, max_cash_fraction=0.249, relative_strength_period=29, relative_strength_threshold=0.9038, rsi_period=28, rvol_period=29, rvol_threshold=4.5888, sell_rsi=86.8635, stop_loss_pct=0.0463, take_profit_pct=0.103, trend_entry_threshold=0.6529, trend_negative_threshold=0.3868, trend_reversal_threshold=0.7103
      change_vs_previous=bb_period: 34 -> 40; bb_stddev: 3.9124 -> 3.7305; buy_rsi: 25.7087 -> 34.3008; cooldown_bars: 14 -> 16; max_cash_fraction: 0.2082 -> 0.249; relative_strength_period: 45 -> 29; relative_strength_threshold: -0.0124 -> 0.9038; rsi_period: 30 -> 28; rvol_period: 30 -> 29; rvol_threshold: 1.1276 -> 4.5888; sell_rsi: 83.5574 -> 86.8635; stop_loss_pct: 0.0326 -> 0.0463; take_profit_pct: 0.0975 -> 0.103; trend_entry_threshold: 0.6093 -> 0.6529; trend_negative_threshold: 0.188 -> 0.3868; trend_reversal_threshold: 0.9587 -> 0.7103
      relative_profit=$4,792.78, absolute_profit=$15,870.64, buys=886, score=(362.77999999999884, -886, -1763), objective=362.78
    Trial 047: window=2024-04-30 08:35 UTC -> 2024-07-29 08:35 UTC, months=[2024-04, 2024-05, 2024-06, 2024-07], symbols=[ADBE, AES, BEAM, BHP, BILL, BKR, C, CAT, CHWY, DDOG, DUK, EOG, EQIX, FANG, FIS, FISV, FSLY, GM, HON, IFF, ... (+30 more)], proposal=optuna_tpe
      params=bb_period=36, bb_stddev=3.6356, buy_rsi=21.5722, cooldown_bars=6, max_cash_fraction=0.1208, relative_strength_period=38, relative_strength_threshold=0.551, rsi_period=27, rvol_period=27, rvol_threshold=2.7813, sell_rsi=84.6166, stop_loss_pct=0.0382, take_profit_pct=0.0738, trend_entry_threshold=0.5777, trend_negative_threshold=0.2843, trend_reversal_threshold=0.8984
      change_vs_previous=bb_period: 40 -> 36; bb_stddev: 3.7305 -> 3.6356; buy_rsi: 34.3008 -> 21.5722; cooldown_bars: 16 -> 6; max_cash_fraction: 0.249 -> 0.1208; relative_strength_period: 29 -> 38; relative_strength_threshold: 0.9038 -> 0.551; rsi_period: 28 -> 27; rvol_period: 29 -> 27; rvol_threshold: 4.5888 -> 2.7813; sell_rsi: 86.8635 -> 84.6166; stop_loss_pct: 0.0463 -> 0.0382; take_profit_pct: 0.103 -> 0.0738; trend_entry_threshold: 0.6529 -> 0.5777; trend_negative_threshold: 0.3868 -> 0.2843; trend_reversal_threshold: 0.7103 -> 0.8984
      relative_profit=$-3,047.01, absolute_profit=$4,074.07, buys=436, score=(-5227.01, -436, -867), objective=-5,227.01
    Trial 048: window=2024-01-29 13:18 UTC -> 2024-04-26 23:59 UTC, months=[2024-01, 2024-02, 2024-03, 2024-04], symbols=[AFRM, AI, AMD, AMT, AVGO, BEAM, CME, CRSP, DOW, DPZ, ECL, ED, EDIT, ENPH, EXC, EXPD, FIS, GD, GM, HON, ... (+30 more)], proposal=optuna_tpe
      params=bb_period=37, bb_stddev=3.7953, buy_rsi=28.0211, cooldown_bars=13, max_cash_fraction=0.2206, relative_strength_period=29, relative_strength_threshold=0.557, rsi_period=25, rvol_period=31, rvol_threshold=4.3217, sell_rsi=86.959, stop_loss_pct=0.0236, take_profit_pct=0.0761, trend_entry_threshold=0.6002, trend_negative_threshold=0.136, trend_reversal_threshold=0.5276
      change_vs_previous=bb_period: 36 -> 37; bb_stddev: 3.6356 -> 3.7953; buy_rsi: 21.5722 -> 28.0211; cooldown_bars: 6 -> 13; max_cash_fraction: 0.1208 -> 0.2206; relative_strength_period: 38 -> 29; relative_strength_threshold: 0.551 -> 0.557; rsi_period: 27 -> 25; rvol_period: 27 -> 31; rvol_threshold: 2.7813 -> 4.3217; sell_rsi: 84.6166 -> 86.959; stop_loss_pct: 0.0382 -> 0.0236; take_profit_pct: 0.0738 -> 0.0761; trend_entry_threshold: 0.5777 -> 0.6002; trend_negative_threshold: 0.2843 -> 0.136; trend_reversal_threshold: 0.8984 -> 0.5276
      relative_profit=$6,393.10, absolute_profit=$10,680.98, buys=545, score=(3668.0999999999995, -545, -1088), objective=3,668.10
    Trial 049: window=2024-07-30 20:00 UTC -> 2024-10-28 20:00 UTC, months=[2024-07, 2024-08, 2024-09, 2024-10], symbols=[AES, ALB, BILL, CB, CME, DD, DG, DHR, DPZ, EA, ENPH, GILD, HCA, HLT, INTC, ITW, IWM, JBHT, KMB, KMI, ... (+30 more)], proposal=optuna_tpe
      params=bb_period=35, bb_stddev=4.0076, buy_rsi=18.7117, cooldown_bars=14, max_cash_fraction=0.1753, relative_strength_period=38, relative_strength_threshold=0.8548, rsi_period=30, rvol_period=30, rvol_threshold=2.9004, sell_rsi=81.9313, stop_loss_pct=0.0668, take_profit_pct=0.0635, trend_entry_threshold=0.6308, trend_negative_threshold=0.2354, trend_reversal_threshold=0.8302
      change_vs_previous=bb_period: 37 -> 35; bb_stddev: 3.7953 -> 4.0076; buy_rsi: 28.0211 -> 18.7117; cooldown_bars: 13 -> 14; max_cash_fraction: 0.2206 -> 0.1753; relative_strength_period: 29 -> 38; relative_strength_threshold: 0.557 -> 0.8548; rsi_period: 25 -> 30; rvol_period: 31 -> 30; rvol_threshold: 4.3217 -> 2.9004; sell_rsi: 86.959 -> 81.9313; stop_loss_pct: 0.0236 -> 0.0668; take_profit_pct: 0.0761 -> 0.0635; trend_entry_threshold: 0.6002 -> 0.6308; trend_negative_threshold: 0.136 -> 0.2354; trend_reversal_threshold: 0.5276 -> 0.8302
      relative_profit=$-5,237.87, absolute_profit=$2,101.50, buys=187, score=(-6172.87, -187, -372), objective=-6,172.87
    Trial 050: window=2024-03-04 22:49 UTC -> 2024-05-31 23:59 UTC, months=[2024-03, 2024-04, 2024-05], symbols=[ABBV, AEP, AMT, AON, BEAM, BHP, BLDP, CAT, DAL, DUK, DVN, EA, FSLY, GE, GILD, GOOGL, GREE, HUBS, KMB, KMI, ... (+30 more)], proposal=optuna_tpe
      params=bb_period=36, bb_stddev=3.5807, buy_rsi=24.7522, cooldown_bars=15, max_cash_fraction=0.1771, relative_strength_period=41, relative_strength_threshold=0.4972, rsi_period=31, rvol_period=25, rvol_threshold=2.1847, sell_rsi=81.549, stop_loss_pct=0.0323, take_profit_pct=0.0917, trend_entry_threshold=0.5862, trend_negative_threshold=0.3475, trend_reversal_threshold=0.8942
      change_vs_previous=bb_period: 35 -> 36; bb_stddev: 4.0076 -> 3.5807; buy_rsi: 18.7117 -> 24.7522; cooldown_bars: 14 -> 15; max_cash_fraction: 0.1753 -> 0.1771; relative_strength_period: 38 -> 41; relative_strength_threshold: 0.8548 -> 0.4972; rsi_period: 30 -> 31; rvol_period: 30 -> 25; rvol_threshold: 2.9004 -> 2.1847; sell_rsi: 81.9313 -> 81.549; stop_loss_pct: 0.0668 -> 0.0323; take_profit_pct: 0.0635 -> 0.0917; trend_entry_threshold: 0.6308 -> 0.5862; trend_negative_threshold: 0.2354 -> 0.3475; trend_reversal_threshold: 0.8302 -> 0.8942
      relative_profit=$3,100.61, absolute_profit=$6,267.71, buys=406, score=(1070.6100000000001, -406, -812), objective=1,070.61
    Trial 051: window=2024-06-07 14:51 UTC -> 2024-09-05 14:51 UTC, months=[2024-06, 2024-07, 2024-08, 2024-09], symbols=[AI, AMZN, APP, AVAV, BALL, BBY, BILL, BLDP, BLK, CB, CMCSA, COST, CRWD, DDOG, DG, DIA, DOW, DPZ, ED, EQIX, ... (+30 more)], proposal=optuna_tpe
      params=bb_period=30, bb_stddev=3.9894, buy_rsi=27.8878, cooldown_bars=15, max_cash_fraction=0.2105, relative_strength_period=44, relative_strength_threshold=0.907, rsi_period=34, rvol_period=27, rvol_threshold=2.7883, sell_rsi=79.8818, stop_loss_pct=0.0329, take_profit_pct=0.0568, trend_entry_threshold=0.8804, trend_negative_threshold=0.0008, trend_reversal_threshold=0.9734
      change_vs_previous=bb_period: 36 -> 30; bb_stddev: 3.5807 -> 3.9894; buy_rsi: 24.7522 -> 27.8878; max_cash_fraction: 0.1771 -> 0.2105; relative_strength_period: 41 -> 44; relative_strength_threshold: 0.4972 -> 0.907; rsi_period: 31 -> 34; rvol_period: 25 -> 27; rvol_threshold: 2.1847 -> 2.7883; sell_rsi: 81.549 -> 79.8818; stop_loss_pct: 0.0323 -> 0.0329; take_profit_pct: 0.0917 -> 0.0568; trend_entry_threshold: 0.5862 -> 0.8804; trend_negative_threshold: 0.3475 -> 0.0008; trend_reversal_threshold: 0.8942 -> 0.9734
      relative_profit=$-2,825.91, absolute_profit=$50.89, buys=10, score=(-2875.9100000000003, -10, -20), objective=-2,875.91
    Trial 052: window=2024-08-01 18:34 UTC -> 2024-10-30 18:34 UTC, months=[2024-08, 2024-09, 2024-10], symbols=[ADBE, ALB, AMT, ARCT, AVAV, AVGO, BALL, BBY, BLDP, CB, CHWY, CVX, DOCU, ED, EDIT, EL, ENPH, ESTC, GOOGL, HAL, ... (+30 more)], proposal=optuna_tpe
      params=bb_period=38, bb_stddev=3.6468, buy_rsi=26.2702, cooldown_bars=12, max_cash_fraction=0.183, relative_strength_period=40, relative_strength_threshold=0.4832, rsi_period=33, rvol_period=29, rvol_threshold=1.6141, sell_rsi=80.0377, stop_loss_pct=0.022, take_profit_pct=0.1006, trend_entry_threshold=0.5641, trend_negative_threshold=0.3059, trend_reversal_threshold=0.9839
      change_vs_previous=bb_period: 30 -> 38; bb_stddev: 3.9894 -> 3.6468; buy_rsi: 27.8878 -> 26.2702; cooldown_bars: 15 -> 12; max_cash_fraction: 0.2105 -> 0.183; relative_strength_period: 44 -> 40; relative_strength_threshold: 0.907 -> 0.4832; rsi_period: 34 -> 33; rvol_period: 27 -> 29; rvol_threshold: 2.7883 -> 1.6141; sell_rsi: 79.8818 -> 80.0377; stop_loss_pct: 0.0329 -> 0.022; take_profit_pct: 0.0568 -> 0.1006; trend_entry_threshold: 0.8804 -> 0.5641; trend_negative_threshold: 0.0008 -> 0.3059; trend_reversal_threshold: 0.9734 -> 0.9839
      relative_profit=$1,896.61, absolute_profit=$9,515.92, buys=437, score=(-288.3900000000003, -437, -871), objective=-288.39
    Trial 053: window=2024-08-26 10:55 UTC -> 2024-11-23 00:59 UTC, months=[2024-08, 2024-09, 2024-10, 2024-11], symbols=[AES, AMT, AON, AVGO, BBAI, CRSP, CSX, DAL, ENPH, ESTC, FCEL, FIS, GIS, GOOGL, GPN, GREE, GS, HII, HLT, HON, ... (+30 more)], proposal=optuna_tpe
      params=bb_period=33, bb_stddev=3.2496, buy_rsi=25.6866, cooldown_bars=18, max_cash_fraction=0.2005, relative_strength_period=38, relative_strength_threshold=0.2751, rsi_period=31, rvol_period=28, rvol_threshold=1.9504, sell_rsi=74.4715, stop_loss_pct=0.0223, take_profit_pct=0.0749, trend_entry_threshold=0.6901, trend_negative_threshold=0.1523, trend_reversal_threshold=0.8686
      change_vs_previous=bb_period: 38 -> 33; bb_stddev: 3.6468 -> 3.2496; buy_rsi: 26.2702 -> 25.6866; cooldown_bars: 12 -> 18; max_cash_fraction: 0.183 -> 0.2005; relative_strength_period: 40 -> 38; relative_strength_threshold: 0.4832 -> 0.2751; rsi_period: 33 -> 31; rvol_period: 29 -> 28; rvol_threshold: 1.6141 -> 1.9504; sell_rsi: 80.0377 -> 74.4715; stop_loss_pct: 0.022 -> 0.0223; take_profit_pct: 0.1006 -> 0.0749; trend_entry_threshold: 0.5641 -> 0.6901; trend_negative_threshold: 0.3059 -> 0.1523; trend_reversal_threshold: 0.9839 -> 0.8686
      relative_profit=$9,102.98, absolute_profit=$14,974.43, buys=526, score=(6472.98, -526, -1048), objective=6,472.98
    Trial 054: window=2024-06-12 18:41 UTC -> 2024-09-10 18:41 UTC, months=[2024-06, 2024-07, 2024-08, 2024-09], symbols=[AAPL, AEP, AFRM, AMD, APA, APP, ASML, BAC, BBAI, BILL, BKR, C, CHRW, CMG, CRSP, CSX, DAL, DPZ, EDIT, ENPH, ... (+30 more)], proposal=optuna_tpe
      params=bb_period=37, bb_stddev=3.6709, buy_rsi=29.3165, cooldown_bars=17, max_cash_fraction=0.2055, relative_strength_period=38, relative_strength_threshold=0.4776, rsi_period=32, rvol_period=27, rvol_threshold=1.4732, sell_rsi=76.7151, stop_loss_pct=0.0446, take_profit_pct=0.0752, trend_entry_threshold=0.6449, trend_negative_threshold=0.1912, trend_reversal_threshold=0.9593
      change_vs_previous=bb_period: 33 -> 37; bb_stddev: 3.2496 -> 3.6709; buy_rsi: 25.6866 -> 29.3165; cooldown_bars: 18 -> 17; max_cash_fraction: 0.2005 -> 0.2055; relative_strength_threshold: 0.2751 -> 0.4776; rsi_period: 31 -> 32; rvol_period: 28 -> 27; rvol_threshold: 1.9504 -> 1.4732; sell_rsi: 74.4715 -> 76.7151; stop_loss_pct: 0.0223 -> 0.0446; take_profit_pct: 0.0749 -> 0.0752; trend_entry_threshold: 0.6901 -> 0.6449; trend_negative_threshold: 0.1523 -> 0.1912; trend_reversal_threshold: 0.8686 -> 0.9593
      relative_profit=$10,330.14, absolute_profit=$11,338.57, buys=570, score=(7480.139999999999, -570, -1137), objective=7,480.14
    Trial 055: window=2024-09-13 15:48 UTC -> 2024-12-12 15:48 UTC, months=[2024-09, 2024-10, 2024-11, 2024-12], symbols=[AAPL, AMT, AXP, BABA, BILL, CHRW, CHWY, DOCU, DVN, EA, EQIX, F, FSLY, GPN, INTU, IWM, KR, LLY, LRCX, M, ... (+30 more)], proposal=optuna_tpe
      params=bb_period=35, bb_stddev=4.1713, buy_rsi=29.0241, cooldown_bars=10, max_cash_fraction=0.2209, relative_strength_period=40, relative_strength_threshold=0.9705, rsi_period=28, rvol_period=31, rvol_threshold=3.4852, sell_rsi=85.073, stop_loss_pct=0.0168, take_profit_pct=0.0923, trend_entry_threshold=0.6955, trend_negative_threshold=0.1111, trend_reversal_threshold=0.9169
      change_vs_previous=bb_period: 37 -> 35; bb_stddev: 3.6709 -> 4.1713; buy_rsi: 29.3165 -> 29.0241; cooldown_bars: 17 -> 10; max_cash_fraction: 0.2055 -> 0.2209; relative_strength_period: 38 -> 40; relative_strength_threshold: 0.4776 -> 0.9705; rsi_period: 32 -> 28; rvol_period: 27 -> 31; rvol_threshold: 1.4732 -> 3.4852; sell_rsi: 76.7151 -> 85.073; stop_loss_pct: 0.0446 -> 0.0168; take_profit_pct: 0.0752 -> 0.0923; trend_entry_threshold: 0.6449 -> 0.6955; trend_negative_threshold: 0.1912 -> 0.1111; trend_reversal_threshold: 0.9593 -> 0.9169
      relative_profit=$2,086.62, absolute_profit=$9,828.82, buys=405, score=(61.61999999999989, -405, -806), objective=61.62
    Trial 056: window=2024-08-05 11:38 UTC -> 2024-11-01 23:59 UTC, months=[2024-08, 2024-09, 2024-10, 2024-11], symbols=[AAPL, ABNB, AVGO, BMY, CB, CRM, CRSP, CRWD, CSX, CVX, DOW, DUK, DVN, EL, ENPH, ESTC, FSLY, GS, HCA, HOOD, ... (+30 more)], proposal=optuna_tpe
      params=bb_period=36, bb_stddev=3.8275, buy_rsi=24.6161, cooldown_bars=14, max_cash_fraction=0.2288, relative_strength_period=29, relative_strength_threshold=0.861, rsi_period=25, rvol_period=27, rvol_threshold=4.558, sell_rsi=87.4576, stop_loss_pct=0.0228, take_profit_pct=0.0399, trend_entry_threshold=0.5933, trend_negative_threshold=0.0544, trend_reversal_threshold=0.4447
      change_vs_previous=bb_period: 35 -> 36; bb_stddev: 4.1713 -> 3.8275; buy_rsi: 29.0241 -> 24.6161; cooldown_bars: 10 -> 14; max_cash_fraction: 0.2209 -> 0.2288; relative_strength_period: 40 -> 29; relative_strength_threshold: 0.9705 -> 0.861; rsi_period: 28 -> 25; rvol_period: 31 -> 27; rvol_threshold: 3.4852 -> 4.558; sell_rsi: 85.073 -> 87.4576; stop_loss_pct: 0.0168 -> 0.0228; take_profit_pct: 0.0923 -> 0.0399; trend_entry_threshold: 0.6955 -> 0.5933; trend_negative_threshold: 0.1111 -> 0.0544; trend_reversal_threshold: 0.9169 -> 0.4447
      relative_profit=$-2,055.32, absolute_profit=$8,477.95, buys=603, score=(-5070.32, -603, -1204), objective=-5,070.32
    Trial 057: window=2024-08-28 08:56 UTC -> 2024-11-26 00:59 UTC, months=[2024-08, 2024-09, 2024-10, 2024-11], symbols=[AEP, AI, AMT, AMZN, APA, APD, ASML, AVGO, BLDP, BMY, CCI, CHRW, CMCSA, CME, COIN, D, DAL, FISV, GD, HAL, ... (+30 more)], proposal=optuna_tpe
      params=bb_period=34, bb_stddev=3.7547, buy_rsi=20.3505, cooldown_bars=16, max_cash_fraction=0.2425, relative_strength_period=40, relative_strength_threshold=0.0217, rsi_period=36, rvol_period=32, rvol_threshold=2.4872, sell_rsi=83.2825, stop_loss_pct=0.0644, take_profit_pct=0.061, trend_entry_threshold=0.634, trend_negative_threshold=0.0671, trend_reversal_threshold=0.9706
      change_vs_previous=bb_period: 36 -> 34; bb_stddev: 3.8275 -> 3.7547; buy_rsi: 24.6161 -> 20.3505; cooldown_bars: 14 -> 16; max_cash_fraction: 0.2288 -> 0.2425; relative_strength_period: 29 -> 40; relative_strength_threshold: 0.861 -> 0.0217; rsi_period: 25 -> 36; rvol_period: 27 -> 32; rvol_threshold: 4.558 -> 2.4872; sell_rsi: 87.4576 -> 83.2825; stop_loss_pct: 0.0228 -> 0.0644; take_profit_pct: 0.0399 -> 0.061; trend_entry_threshold: 0.5933 -> 0.634; trend_negative_threshold: 0.0544 -> 0.0671; trend_reversal_threshold: 0.4447 -> 0.9706
      relative_profit=$5,625.76, absolute_profit=$11,508.76, buys=333, score=(3960.76, -333, -662), objective=3,960.76
    Trial 058: window=2024-06-26 15:31 UTC -> 2024-09-24 15:31 UTC, months=[2024-06, 2024-07, 2024-08, 2024-09], symbols=[ABNB, AEP, AON, APP, AVAV, AXP, BABA, BLK, CAN, CME, CSCO, D, DG, EL, EQIX, F, FANG, FCEL, FCX, GM, ... (+30 more)], proposal=optuna_tpe
      params=bb_period=43, bb_stddev=4.5819, buy_rsi=33.1279, cooldown_bars=14, max_cash_fraction=0.2461, relative_strength_period=9, relative_strength_threshold=0.4206, rsi_period=28, rvol_period=28, rvol_threshold=3.5092, sell_rsi=83.295, stop_loss_pct=0.0239, take_profit_pct=0.0781, trend_entry_threshold=0.5027, trend_negative_threshold=0.3231, trend_reversal_threshold=0.8058
      change_vs_previous=bb_period: 34 -> 43; bb_stddev: 3.7547 -> 4.5819; buy_rsi: 20.3505 -> 33.1279; cooldown_bars: 16 -> 14; max_cash_fraction: 0.2425 -> 0.2461; relative_strength_period: 40 -> 9; relative_strength_threshold: 0.0217 -> 0.4206; rsi_period: 36 -> 28; rvol_period: 32 -> 28; rvol_threshold: 2.4872 -> 3.5092; sell_rsi: 83.2825 -> 83.295; stop_loss_pct: 0.0644 -> 0.0239; take_profit_pct: 0.061 -> 0.0781; trend_entry_threshold: 0.634 -> 0.5027; trend_negative_threshold: 0.0671 -> 0.3231; trend_reversal_threshold: 0.9706 -> 0.8058
      relative_profit=$19,221.51, absolute_profit=$23,969.19, buys=600, score=(16221.509999999998, -600, -1197), objective=16,221.51
    Trial 059: window=2024-06-04 19:49 UTC -> 2024-08-30 23:59 UTC, months=[2024-06, 2024-07, 2024-08], symbols=[AMAT, AMT, APP, AVAV, BKR, BLDP, CHRW, CRSP, CVX, DAL, DIA, DIS, DOCU, DOW, EA, EOG, ESTC, FIS, FISV, GIS, ... (+30 more)], proposal=optuna_tpe
      params=bb_period=33, bb_stddev=4.3409, buy_rsi=34.3064, cooldown_bars=16, max_cash_fraction=0.2315, relative_strength_period=19, relative_strength_threshold=0.1933, rsi_period=25, rvol_period=30, rvol_threshold=4.0507, sell_rsi=77.4274, stop_loss_pct=0.0439, take_profit_pct=0.0697, trend_entry_threshold=0.5828, trend_negative_threshold=0.4149, trend_reversal_threshold=0.6869
      change_vs_previous=bb_period: 43 -> 33; bb_stddev: 4.5819 -> 4.3409; buy_rsi: 33.1279 -> 34.3064; cooldown_bars: 14 -> 16; max_cash_fraction: 0.2461 -> 0.2315; relative_strength_period: 9 -> 19; relative_strength_threshold: 0.4206 -> 0.1933; rsi_period: 28 -> 25; rvol_period: 28 -> 30; rvol_threshold: 3.5092 -> 4.0507; sell_rsi: 83.295 -> 77.4274; stop_loss_pct: 0.0239 -> 0.0439; take_profit_pct: 0.0781 -> 0.0697; trend_entry_threshold: 0.5027 -> 0.5828; trend_negative_threshold: 0.3231 -> 0.4149; trend_reversal_threshold: 0.8058 -> 0.6869
      relative_profit=$5,450.48, absolute_profit=$12,143.39, buys=977, score=(565.4799999999996, -977, -1938), objective=565.48
    Trial 060: window=2024-07-17 23:45 UTC -> 2024-10-15 23:45 UTC, months=[2024-07, 2024-08, 2024-09, 2024-10], symbols=[ADM, AES, AON, AVGO, BEAM, BLDP, BMY, BNTX, COIN, CSX, DG, DOCU, DVN, EMR, ESTC, EXPD, FSLY, GE, HII, ICE, ... (+30 more)], proposal=optuna_tpe
      params=bb_period=30, bb_stddev=3.1412, buy_rsi=26.9283, cooldown_bars=19, max_cash_fraction=0.2054, relative_strength_period=39, relative_strength_threshold=-0.1231, rsi_period=33, rvol_period=28, rvol_threshold=1.5902, sell_rsi=75.5843, stop_loss_pct=0.0342, take_profit_pct=0.1112, trend_entry_threshold=0.6975, trend_negative_threshold=0.2931, trend_reversal_threshold=0.8882
      change_vs_previous=bb_period: 33 -> 30; bb_stddev: 4.3409 -> 3.1412; buy_rsi: 34.3064 -> 26.9283; cooldown_bars: 16 -> 19; max_cash_fraction: 0.2315 -> 0.2054; relative_strength_period: 19 -> 39; relative_strength_threshold: 0.1933 -> -0.1231; rsi_period: 25 -> 33; rvol_period: 30 -> 28; rvol_threshold: 4.0507 -> 1.5902; sell_rsi: 77.4274 -> 75.5843; stop_loss_pct: 0.0439 -> 0.0342; take_profit_pct: 0.0697 -> 0.1112; trend_entry_threshold: 0.5828 -> 0.6975; trend_negative_threshold: 0.4149 -> 0.2931; trend_reversal_threshold: 0.6869 -> 0.8882
      relative_profit=$-2,547.42, absolute_profit=$1,354.66, buys=686, score=(-5977.42, -686, -1331), objective=-5,977.42
    Trial 061: window=2024-09-24 09:37 UTC -> 2024-12-23 09:37 UTC, months=[2024-09, 2024-10, 2024-11, 2024-12], symbols=[APA, AVAV, BILL, BKR, CF, CL, DOCU, DVN, GD, GE, IFF, JNJ, KO, LIN, LMT, LOW, LYB, M, MCHP, MP, ... (+30 more)], proposal=optuna_tpe
      params=bb_period=36, bb_stddev=4.1098, buy_rsi=32.2616, cooldown_bars=14, max_cash_fraction=0.2257, relative_strength_period=44, relative_strength_threshold=0.4501, rsi_period=34, rvol_period=36, rvol_threshold=1.789, sell_rsi=77.332, stop_loss_pct=0.0467, take_profit_pct=0.0713, trend_entry_threshold=0.6147, trend_negative_threshold=0.0722, trend_reversal_threshold=0.9546
      change_vs_previous=bb_period: 30 -> 36; bb_stddev: 3.1412 -> 4.1098; buy_rsi: 26.9283 -> 32.2616; cooldown_bars: 19 -> 14; max_cash_fraction: 0.2054 -> 0.2257; relative_strength_period: 39 -> 44; relative_strength_threshold: -0.1231 -> 0.4501; rsi_period: 33 -> 34; rvol_period: 28 -> 36; rvol_threshold: 1.5902 -> 1.789; sell_rsi: 75.5843 -> 77.332; stop_loss_pct: 0.0342 -> 0.0467; take_profit_pct: 0.1112 -> 0.0713; trend_entry_threshold: 0.6975 -> 0.6147; trend_negative_threshold: 0.2931 -> 0.0722; trend_reversal_threshold: 0.8882 -> 0.9546
      relative_profit=$4,908.57, absolute_profit=$8,719.33, buys=614, score=(1838.5699999999997, -614, -1211), objective=1,838.57
    Trial 062: window=2024-06-24 14:47 UTC -> 2024-09-20 23:59 UTC, months=[2024-06, 2024-07, 2024-08, 2024-09], symbols=[ABBV, BALL, BLDP, BMY, CRWD, D, DDOG, DOW, DVN, EXPD, FCX, FSLY, GD, GM, GREE, GS, KLAC, KMB, KR, KSS, ... (+30 more)], proposal=optuna_tpe
      params=bb_period=32, bb_stddev=3.7824, buy_rsi=23.6258, cooldown_bars=18, max_cash_fraction=0.2039, relative_strength_period=45, relative_strength_threshold=0.1446, rsi_period=37, rvol_period=30, rvol_threshold=2.1608, sell_rsi=87.2553, stop_loss_pct=0.0813, take_profit_pct=0.0503, trend_entry_threshold=0.5144, trend_negative_threshold=0.0014, trend_reversal_threshold=0.9301
      change_vs_previous=bb_period: 36 -> 32; bb_stddev: 4.1098 -> 3.7824; buy_rsi: 32.2616 -> 23.6258; cooldown_bars: 14 -> 18; max_cash_fraction: 0.2257 -> 0.2039; relative_strength_period: 44 -> 45; relative_strength_threshold: 0.4501 -> 0.1446; rsi_period: 34 -> 37; rvol_period: 36 -> 30; rvol_threshold: 1.789 -> 2.1608; sell_rsi: 77.332 -> 87.2553; stop_loss_pct: 0.0467 -> 0.0813; take_profit_pct: 0.0713 -> 0.0503; trend_entry_threshold: 0.6147 -> 0.5144; trend_negative_threshold: 0.0722 -> 0.0014; trend_reversal_threshold: 0.9546 -> 0.9301
      relative_profit=$3,739.18, absolute_profit=$7,862.28, buys=458, score=(1449.1799999999994, -458, -910), objective=1,449.18
    Trial 063: window=2024-04-08 09:23 UTC -> 2024-07-05 23:59 UTC, months=[2024-04, 2024-05, 2024-06, 2024-07], symbols=[AEP, AI, AMD, AVAV, AVGO, BBAI, BEAM, BLK, CL, CME, CMG, CRWD, CSX, DAL, DD, DDOG, DG, DOW, ED, EOG, ... (+30 more)], proposal=optuna_tpe
      params=bb_period=34, bb_stddev=3.8605, buy_rsi=27.2811, cooldown_bars=11, max_cash_fraction=0.1747, relative_strength_period=49, relative_strength_threshold=0.977, rsi_period=30, rvol_period=31, rvol_threshold=3.6837, sell_rsi=84.2586, stop_loss_pct=0.0239, take_profit_pct=0.0802, trend_entry_threshold=0.5282, trend_negative_threshold=0.0239, trend_reversal_threshold=0.9934
      change_vs_previous=bb_period: 32 -> 34; bb_stddev: 3.7824 -> 3.8605; buy_rsi: 23.6258 -> 27.2811; cooldown_bars: 18 -> 11; max_cash_fraction: 0.2039 -> 0.1747; relative_strength_period: 45 -> 49; relative_strength_threshold: 0.1446 -> 0.977; rsi_period: 37 -> 30; rvol_period: 30 -> 31; rvol_threshold: 2.1608 -> 3.6837; sell_rsi: 87.2553 -> 84.2586; stop_loss_pct: 0.0813 -> 0.0239; take_profit_pct: 0.0503 -> 0.0802; trend_entry_threshold: 0.5144 -> 0.5282; trend_negative_threshold: 0.0014 -> 0.0239; trend_reversal_threshold: 0.9301 -> 0.9934
      relative_profit=$6,215.70, absolute_profit=$13,076.45, buys=452, score=(3955.7000000000007, -452, -901), objective=3,955.70
    Trial 064: window=2024-06-28 16:38 UTC -> 2024-09-26 16:38 UTC, months=[2024-06, 2024-07, 2024-08, 2024-09], symbols=[ABBV, AMAT, AMD, AMT, BKR, CAN, CB, COP, CRSP, DUK, ECL, ETSY, GS, HAL, HII, HON, INTU, JNJ, KHC, KMI, ... (+30 more)], proposal=optuna_tpe
      params=bb_period=38, bb_stddev=3.8588, buy_rsi=21.6294, cooldown_bars=15, max_cash_fraction=0.1868, relative_strength_period=36, relative_strength_threshold=0.6233, rsi_period=30, rvol_period=27, rvol_threshold=2.2907, sell_rsi=81.9818, stop_loss_pct=0.0431, take_profit_pct=0.0734, trend_entry_threshold=0.7409, trend_negative_threshold=0.1282, trend_reversal_threshold=0.9199
      change_vs_previous=bb_period: 34 -> 38; bb_stddev: 3.8605 -> 3.8588; buy_rsi: 27.2811 -> 21.6294; cooldown_bars: 11 -> 15; max_cash_fraction: 0.1747 -> 0.1868; relative_strength_period: 49 -> 36; relative_strength_threshold: 0.977 -> 0.6233; rvol_period: 31 -> 27; rvol_threshold: 3.6837 -> 2.2907; sell_rsi: 84.2586 -> 81.9818; stop_loss_pct: 0.0239 -> 0.0431; take_profit_pct: 0.0802 -> 0.0734; trend_entry_threshold: 0.5282 -> 0.7409; trend_negative_threshold: 0.0239 -> 0.1282; trend_reversal_threshold: 0.9934 -> 0.9199
      relative_profit=$-5,052.04, absolute_profit=$-460.16, buys=11, score=(-5107.04, -11, -22), objective=-5,107.04
    Trial 065: window=2024-07-08 18:17 UTC -> 2024-10-04 23:59 UTC, months=[2024-07, 2024-08, 2024-09, 2024-10], symbols=[AMAT, ARCT, BABA, BAC, BALL, BLDP, CAT, CHWY, CL, CMCSA, DPZ, ECL, EMR, ENPH, ETN, ETSY, FANG, FISV, GIS, HOOD, ... (+30 more)], proposal=optuna_tpe
      params=bb_period=40, bb_stddev=4.5326, buy_rsi=36.5582, cooldown_bars=16, max_cash_fraction=0.2461, relative_strength_period=7, relative_strength_threshold=0.2093, rsi_period=31, rvol_period=30, rvol_threshold=3.8775, sell_rsi=80.3971, stop_loss_pct=0.0467, take_profit_pct=0.101, trend_entry_threshold=0.6093, trend_negative_threshold=0.305, trend_reversal_threshold=0.6966
      change_vs_previous=bb_period: 38 -> 40; bb_stddev: 3.8588 -> 4.5326; buy_rsi: 21.6294 -> 36.5582; cooldown_bars: 15 -> 16; max_cash_fraction: 0.1868 -> 0.2461; relative_strength_period: 36 -> 7; relative_strength_threshold: 0.6233 -> 0.2093; rsi_period: 30 -> 31; rvol_period: 27 -> 30; rvol_threshold: 2.2907 -> 3.8775; sell_rsi: 81.9818 -> 80.3971; stop_loss_pct: 0.0431 -> 0.0467; take_profit_pct: 0.0734 -> 0.101; trend_entry_threshold: 0.7409 -> 0.6093; trend_negative_threshold: 0.1282 -> 0.305; trend_reversal_threshold: 0.9199 -> 0.6966
      relative_profit=$3,728.12, absolute_profit=$6,810.10, buys=1137, score=(-1956.8799999999997, -1137, -2251), objective=-1,956.88
    Trial 066: window=2024-06-10 13:26 UTC -> 2024-09-06 23:59 UTC, months=[2024-06, 2024-07, 2024-08, 2024-09], symbols=[AAPL, ADM, AI, AMAT, AVGO, BABA, BE, BLDP, CAN, COP, CSCO, DDOG, DIA, DKNG, EDIT, EL, EOG, ETN, EXC, F, ... (+30 more)], proposal=optuna_tpe
      params=bb_period=44, bb_stddev=4.8199, buy_rsi=31.3538, cooldown_bars=17, max_cash_fraction=0.2257, relative_strength_period=22, relative_strength_threshold=0.2531, rsi_period=27, rvol_period=28, rvol_threshold=3.2087, sell_rsi=86.3694, stop_loss_pct=0.0335, take_profit_pct=0.0793, trend_entry_threshold=0.5822, trend_negative_threshold=0.2414, trend_reversal_threshold=0.9561
      change_vs_previous=bb_period: 40 -> 44; bb_stddev: 4.5326 -> 4.8199; buy_rsi: 36.5582 -> 31.3538; cooldown_bars: 16 -> 17; max_cash_fraction: 0.2461 -> 0.2257; relative_strength_period: 7 -> 22; relative_strength_threshold: 0.2093 -> 0.2531; rsi_period: 31 -> 27; rvol_period: 30 -> 28; rvol_threshold: 3.8775 -> 3.2087; sell_rsi: 80.3971 -> 86.3694; stop_loss_pct: 0.0467 -> 0.0335; take_profit_pct: 0.101 -> 0.0793; trend_entry_threshold: 0.6093 -> 0.5822; trend_negative_threshold: 0.305 -> 0.2414; trend_reversal_threshold: 0.6966 -> 0.9561
      relative_profit=$8,601.87, absolute_profit=$9,627.23, buys=592, score=(5641.869999999999, -592, -1178), objective=5,641.87
    Trial 067: window=2024-07-05 11:45 UTC -> 2024-10-03 11:45 UTC, months=[2024-07, 2024-08, 2024-09, 2024-10], symbols=[AI, AMT, ARCT, BALL, BBAI, BNTX, COP, CVX, DE, DHR, DOW, DPZ, DVN, EA, ETN, GM, GREE, GS, HLT, IFF, ... (+30 more)], proposal=optuna_tpe
      params=bb_period=43, bb_stddev=4.4704, buy_rsi=32.8136, cooldown_bars=16, max_cash_fraction=0.2379, relative_strength_period=20, relative_strength_threshold=0.5878, rsi_period=31, rvol_period=32, rvol_threshold=4.0196, sell_rsi=77.6503, stop_loss_pct=0.0379, take_profit_pct=0.0803, trend_entry_threshold=0.7088, trend_negative_threshold=0.3108, trend_reversal_threshold=0.6066
      change_vs_previous=bb_period: 44 -> 43; bb_stddev: 4.8199 -> 4.4704; buy_rsi: 31.3538 -> 32.8136; cooldown_bars: 17 -> 16; max_cash_fraction: 0.2257 -> 0.2379; relative_strength_period: 22 -> 20; relative_strength_threshold: 0.2531 -> 0.5878; rsi_period: 27 -> 31; rvol_period: 28 -> 32; rvol_threshold: 3.2087 -> 4.0196; sell_rsi: 86.3694 -> 77.6503; stop_loss_pct: 0.0335 -> 0.0379; take_profit_pct: 0.0793 -> 0.0803; trend_entry_threshold: 0.5822 -> 0.7088; trend_negative_threshold: 0.2414 -> 0.3108; trend_reversal_threshold: 0.9561 -> 0.6066
      relative_profit=$-4,082.27, absolute_profit=$-1,143.45, buys=37, score=(-4267.27, -37, -74), objective=-4,267.27
    Trial 068: window=2024-03-19 17:46 UTC -> 2024-06-17 17:46 UTC, months=[2024-03, 2024-04, 2024-05, 2024-06], symbols=[AEP, AMT, ARCT, AVAV, BALL, BEAM, BLDP, CAN, COP, DDOG, DPZ, DUK, DVN, EDIT, ESTC, GILD, HON, LLY, LOW, MARA, ... (+30 more)], proposal=optuna_tpe
      params=bb_period=34, bb_stddev=3.3946, buy_rsi=26.6139, cooldown_bars=21, max_cash_fraction=0.205, relative_strength_period=40, relative_strength_threshold=0.6327, rsi_period=37, rvol_period=26, rvol_threshold=2.1109, sell_rsi=80.761, stop_loss_pct=0.0524, take_profit_pct=0.0642, trend_entry_threshold=0.6261, trend_negative_threshold=0.0665, trend_reversal_threshold=0.823
      change_vs_previous=bb_period: 43 -> 34; bb_stddev: 4.4704 -> 3.3946; buy_rsi: 32.8136 -> 26.6139; cooldown_bars: 16 -> 21; max_cash_fraction: 0.2379 -> 0.205; relative_strength_period: 20 -> 40; relative_strength_threshold: 0.5878 -> 0.6327; rsi_period: 31 -> 37; rvol_period: 32 -> 26; rvol_threshold: 4.0196 -> 2.1109; sell_rsi: 77.6503 -> 80.761; stop_loss_pct: 0.0379 -> 0.0524; take_profit_pct: 0.0803 -> 0.0642; trend_entry_threshold: 0.7088 -> 0.6261; trend_negative_threshold: 0.3108 -> 0.0665; trend_reversal_threshold: 0.6066 -> 0.823
      relative_profit=$3,524.75, absolute_profit=$9,725.27, buys=550, score=(774.75, -550, -1092), objective=774.75
    Trial 069: window=2024-08-22 20:52 UTC -> 2024-11-20 20:52 UTC, months=[2024-08, 2024-09, 2024-10, 2024-11], symbols=[AAPL, AES, AMD, ASML, AVGO, AXP, BALL, BKR, CAT, CVNA, DIS, ED, EL, EQIX, ESTC, GILD, HCA, HOOD, ICE, KLAC, ... (+30 more)], proposal=optuna_tpe
      params=bb_period=47, bb_stddev=4.3949, buy_rsi=31.7241, cooldown_bars=19, max_cash_fraction=0.2393, relative_strength_period=9, relative_strength_threshold=-0.1757, rsi_period=26, rvol_period=25, rvol_threshold=2.7565, sell_rsi=82.4722, stop_loss_pct=0.0334, take_profit_pct=0.0859, trend_entry_threshold=0.4594, trend_negative_threshold=0.3479, trend_reversal_threshold=0.8065
      change_vs_previous=bb_period: 34 -> 47; bb_stddev: 3.3946 -> 4.3949; buy_rsi: 26.6139 -> 31.7241; cooldown_bars: 21 -> 19; max_cash_fraction: 0.205 -> 0.2393; relative_strength_period: 40 -> 9; relative_strength_threshold: 0.6327 -> -0.1757; rsi_period: 37 -> 26; rvol_period: 26 -> 25; rvol_threshold: 2.1109 -> 2.7565; sell_rsi: 80.761 -> 82.4722; stop_loss_pct: 0.0524 -> 0.0334; take_profit_pct: 0.0642 -> 0.0859; trend_entry_threshold: 0.6261 -> 0.4594; trend_negative_threshold: 0.0665 -> 0.3479; trend_reversal_threshold: 0.823 -> 0.8065
      relative_profit=$-8,010.34, absolute_profit=$-2,102.36, buys=713, score=(-11575.34, -713, -1342), objective=-11,575.34
    Trial 070: window=2024-03-01 00:32 UTC -> 2024-05-29 23:59 UTC, months=[2024-03, 2024-04, 2024-05], symbols=[ADM, APA, BE, BKR, CB, CCI, COIN, COP, CRSP, D, EA, EDIT, ENPH, EQIX, ESTC, HII, HOOD, HUBS, IWM, KHC, ... (+30 more)], proposal=optuna_tpe
      params=bb_period=39, bb_stddev=3.9943, buy_rsi=21.8841, cooldown_bars=16, max_cash_fraction=0.2296, relative_strength_period=35, relative_strength_threshold=0.6445, rsi_period=40, rvol_period=29, rvol_threshold=2.1027, sell_rsi=84.0167, stop_loss_pct=0.0431, take_profit_pct=0.0971, trend_entry_threshold=0.7233, trend_negative_threshold=0.0785, trend_reversal_threshold=0.9642
      change_vs_previous=bb_period: 47 -> 39; bb_stddev: 4.3949 -> 3.9943; buy_rsi: 31.7241 -> 21.8841; cooldown_bars: 19 -> 16; max_cash_fraction: 0.2393 -> 0.2296; relative_strength_period: 9 -> 35; relative_strength_threshold: -0.1757 -> 0.6445; rsi_period: 26 -> 40; rvol_period: 25 -> 29; rvol_threshold: 2.7565 -> 2.1027; sell_rsi: 82.4722 -> 84.0167; stop_loss_pct: 0.0334 -> 0.0431; take_profit_pct: 0.0859 -> 0.0971; trend_entry_threshold: 0.4594 -> 0.7233; trend_negative_threshold: 0.3479 -> 0.0785; trend_reversal_threshold: 0.8065 -> 0.9642
      relative_profit=$-2,624.35, absolute_profit=$448.57, buys=9, score=(-2669.35, -9, -18), objective=-2,669.35
    Trial 071: window=2024-06-14 10:55 UTC -> 2024-09-12 10:55 UTC, months=[2024-06, 2024-07, 2024-08, 2024-09], symbols=[AAPL, ABBV, APD, ASML, AVAV, BALL, BKR, BMY, CCI, CHRW, CMCSA, CMG, COP, CRWD, DIS, DOCU, ED, EMR, EQIX, ESTC, ... (+30 more)], proposal=optuna_tpe
      params=bb_period=35, bb_stddev=4.481, buy_rsi=26.2766, cooldown_bars=22, max_cash_fraction=0.2124, relative_strength_period=39, relative_strength_threshold=0.8984, rsi_period=30, rvol_period=25, rvol_threshold=2.8693, sell_rsi=79.4503, stop_loss_pct=0.0484, take_profit_pct=0.0804, trend_entry_threshold=0.629, trend_negative_threshold=0.0594, trend_reversal_threshold=0.937
      change_vs_previous=bb_period: 39 -> 35; bb_stddev: 3.9943 -> 4.481; buy_rsi: 21.8841 -> 26.2766; cooldown_bars: 16 -> 22; max_cash_fraction: 0.2296 -> 0.2124; relative_strength_period: 35 -> 39; relative_strength_threshold: 0.6445 -> 0.8984; rsi_period: 40 -> 30; rvol_period: 29 -> 25; rvol_threshold: 2.1027 -> 2.8693; sell_rsi: 84.0167 -> 79.4503; stop_loss_pct: 0.0431 -> 0.0484; take_profit_pct: 0.0971 -> 0.0804; trend_entry_threshold: 0.7233 -> 0.629; trend_negative_threshold: 0.0785 -> 0.0594; trend_reversal_threshold: 0.9642 -> 0.937
      relative_profit=$-1,108.88, absolute_profit=$1,865.36, buys=198, score=(-2098.88, -198, -394), objective=-2,098.88
    Trial 072: window=2024-04-10 14:51 UTC -> 2024-07-09 14:51 UTC, months=[2024-04, 2024-05, 2024-06, 2024-07], symbols=[ADBE, APD, APP, ARCT, BAC, BEAM, BKR, BNTX, CAT, CRWD, D, DD, DE, DIS, EA, ECL, EL, EMR, ESTC, FIS, ... (+30 more)], proposal=optuna_tpe
      params=bb_period=44, bb_stddev=4.4392, buy_rsi=30.8423, cooldown_bars=13, max_cash_fraction=0.235, relative_strength_period=9, relative_strength_threshold=-0.0989, rsi_period=23, rvol_period=29, rvol_threshold=3.8235, sell_rsi=85.1174, stop_loss_pct=0.0196, take_profit_pct=0.078, trend_entry_threshold=0.4315, trend_negative_threshold=0.3845, trend_reversal_threshold=0.8689
      change_vs_previous=bb_period: 35 -> 44; bb_stddev: 4.481 -> 4.4392; buy_rsi: 26.2766 -> 30.8423; cooldown_bars: 22 -> 13; max_cash_fraction: 0.2124 -> 0.235; relative_strength_period: 39 -> 9; relative_strength_threshold: 0.8984 -> -0.0989; rsi_period: 30 -> 23; rvol_period: 25 -> 29; rvol_threshold: 2.8693 -> 3.8235; sell_rsi: 79.4503 -> 85.1174; stop_loss_pct: 0.0484 -> 0.0196; take_profit_pct: 0.0804 -> 0.078; trend_entry_threshold: 0.629 -> 0.4315; trend_negative_threshold: 0.0594 -> 0.3845; trend_reversal_threshold: 0.937 -> 0.8689
      relative_profit=$-25,768.04, absolute_profit=$-17,642.16, buys=2455, score=(-38043.04, -2455, -4031), objective=-38,043.04
    Trial 073: window=2024-04-30 08:45 UTC -> 2024-07-29 08:45 UTC, months=[2024-04, 2024-05, 2024-06, 2024-07], symbols=[ABBV, ADM, ALB, ASML, AVAV, AVGO, AXP, BILL, CRM, DOW, EA, FCEL, GIS, GPN, HD, HUBS, INTU, JNJ, LIN, LSTR, ... (+30 more)], proposal=optuna_tpe
      params=bb_period=34, bb_stddev=4.063, buy_rsi=25.6884, cooldown_bars=18, max_cash_fraction=0.174, relative_strength_period=37, relative_strength_threshold=0.1313, rsi_period=30, rvol_period=26, rvol_threshold=1.9333, sell_rsi=80.4202, stop_loss_pct=0.0307, take_profit_pct=0.0821, trend_entry_threshold=0.7054, trend_negative_threshold=0.1931, trend_reversal_threshold=0.8291
      change_vs_previous=bb_period: 44 -> 34; bb_stddev: 4.4392 -> 4.063; buy_rsi: 30.8423 -> 25.6884; cooldown_bars: 13 -> 18; max_cash_fraction: 0.235 -> 0.174; relative_strength_period: 9 -> 37; relative_strength_threshold: -0.0989 -> 0.1313; rsi_period: 23 -> 30; rvol_period: 29 -> 26; rvol_threshold: 3.8235 -> 1.9333; sell_rsi: 85.1174 -> 80.4202; stop_loss_pct: 0.0196 -> 0.0307; take_profit_pct: 0.078 -> 0.0821; trend_entry_threshold: 0.4315 -> 0.7054; trend_negative_threshold: 0.3845 -> 0.1931; trend_reversal_threshold: 0.8689 -> 0.8291
      relative_profit=$-6,989.17, absolute_profit=$79.97, buys=28, score=(-7129.17, -28, -56), objective=-7,129.17
    Trial 074: window=2024-06-18 15:57 UTC -> 2024-09-16 15:57 UTC, months=[2024-06, 2024-07, 2024-08, 2024-09], symbols=[ABBV, ABNB, AFRM, AI, AMAT, AVAV, BABA, BALL, C, CAT, COIN, CVX, DHR, EOG, ETSY, FANG, GOOGL, HII, HSY, INTC, ... (+30 more)], proposal=optuna_tpe
      params=bb_period=45, bb_stddev=4.9929, buy_rsi=31.7118, cooldown_bars=17, max_cash_fraction=0.2425, relative_strength_period=36, relative_strength_threshold=0.3279, rsi_period=29, rvol_period=27, rvol_threshold=2.8195, sell_rsi=78.4299, stop_loss_pct=0.0357, take_profit_pct=0.0706, trend_entry_threshold=0.4406, trend_negative_threshold=0.2382, trend_reversal_threshold=0.9316
      change_vs_previous=bb_period: 34 -> 45; bb_stddev: 4.063 -> 4.9929; buy_rsi: 25.6884 -> 31.7118; cooldown_bars: 18 -> 17; max_cash_fraction: 0.174 -> 0.2425; relative_strength_period: 37 -> 36; relative_strength_threshold: 0.1313 -> 0.3279; rsi_period: 30 -> 29; rvol_period: 26 -> 27; rvol_threshold: 1.9333 -> 2.8195; sell_rsi: 80.4202 -> 78.4299; stop_loss_pct: 0.0307 -> 0.0357; take_profit_pct: 0.0821 -> 0.0706; trend_entry_threshold: 0.7054 -> 0.4406; trend_negative_threshold: 0.1931 -> 0.2382; trend_reversal_threshold: 0.8291 -> 0.9316
      relative_profit=$-4,108.89, absolute_profit=$-1,695.59, buys=1452, score=(-11368.89, -1452, -2876), objective=-11,368.89
    Trial 075: window=2024-06-07 23:09 UTC -> 2024-09-05 23:09 UTC, months=[2024-06, 2024-07, 2024-08, 2024-09], symbols=[ABBV, ALB, APA, BILL, BKR, BLK, CAN, CCI, CHRW, CMCSA, CMG, CRM, CVNA, DD, DVN, EL, EOG, EQIX, FANG, FAST, ... (+30 more)], proposal=optuna_tpe
      params=bb_period=35, bb_stddev=4.2909, buy_rsi=36.2275, cooldown_bars=19, max_cash_fraction=0.2408, relative_strength_period=21, relative_strength_threshold=0.3412, rsi_period=29, rvol_period=30, rvol_threshold=4.2064, sell_rsi=80.5851, stop_loss_pct=0.0332, take_profit_pct=0.0731, trend_entry_threshold=0.636, trend_negative_threshold=0.2831, trend_reversal_threshold=0.5243
      change_vs_previous=bb_period: 45 -> 35; bb_stddev: 4.9929 -> 4.2909; buy_rsi: 31.7118 -> 36.2275; cooldown_bars: 17 -> 19; max_cash_fraction: 0.2425 -> 0.2408; relative_strength_period: 36 -> 21; relative_strength_threshold: 0.3279 -> 0.3412; rvol_period: 27 -> 30; rvol_threshold: 2.8195 -> 4.2064; sell_rsi: 78.4299 -> 80.5851; stop_loss_pct: 0.0357 -> 0.0332; take_profit_pct: 0.0706 -> 0.0731; trend_entry_threshold: 0.4406 -> 0.636; trend_negative_threshold: 0.2382 -> 0.2831; trend_reversal_threshold: 0.9316 -> 0.5243
      relative_profit=$9,767.20, absolute_profit=$12,683.69, buys=916, score=(5187.200000000001, -916, -1820), objective=5,187.20
    Trial 076: window=2024-05-30 19:11 UTC -> 2024-08-28 19:11 UTC, months=[2024-05, 2024-06, 2024-07, 2024-08], symbols=[ABBV, ADBE, AI, APD, ARCT, ASML, AVGO, BBY, BLDP, CF, CMG, CRSP, CVX, DAL, DIS, DKNG, DOCU, FSLY, GD, GM, ... (+30 more)], proposal=optuna_tpe
      params=bb_period=37, bb_stddev=3.9782, buy_rsi=32.814, cooldown_bars=20, max_cash_fraction=0.2262, relative_strength_period=24, relative_strength_threshold=0.8279, rsi_period=30, rvol_period=28, rvol_threshold=3.6845, sell_rsi=85.5081, stop_loss_pct=0.0366, take_profit_pct=0.0773, trend_entry_threshold=0.6631, trend_negative_threshold=0.3572, trend_reversal_threshold=0.6468
      change_vs_previous=bb_period: 35 -> 37; bb_stddev: 4.2909 -> 3.9782; buy_rsi: 36.2275 -> 32.814; cooldown_bars: 19 -> 20; max_cash_fraction: 0.2408 -> 0.2262; relative_strength_period: 21 -> 24; relative_strength_threshold: 0.3412 -> 0.8279; rsi_period: 29 -> 30; rvol_period: 30 -> 28; rvol_threshold: 4.2064 -> 3.6845; sell_rsi: 80.5851 -> 85.5081; stop_loss_pct: 0.0332 -> 0.0366; take_profit_pct: 0.0731 -> 0.0773; trend_entry_threshold: 0.636 -> 0.6631; trend_negative_threshold: 0.2831 -> 0.3572; trend_reversal_threshold: 0.5243 -> 0.6468
      relative_profit=$13,642.19, absolute_profit=$20,124.08, buys=616, score=(10562.190000000002, -616, -1229), objective=10,562.19
    Trial 077: window=2024-05-22 18:34 UTC -> 2024-08-20 18:34 UTC, months=[2024-05, 2024-06, 2024-07, 2024-08], symbols=[ABNB, AMD, AMZN, AVAV, AVGO, BAC, BALL, BLK, C, CAT, CMCSA, CME, COP, CRSP, CVNA, DDOG, DOCU, FCX, FIS, HD, ... (+30 more)], proposal=optuna_tpe
      params=bb_period=43, bb_stddev=4.0141, buy_rsi=30.2989, cooldown_bars=16, max_cash_fraction=0.2144, relative_strength_period=18, relative_strength_threshold=0.3107, rsi_period=30, rvol_period=25, rvol_threshold=3.2907, sell_rsi=85.0841, stop_loss_pct=0.0267, take_profit_pct=0.0579, trend_entry_threshold=0.5918, trend_negative_threshold=0.2332, trend_reversal_threshold=0.9844
      change_vs_previous=bb_period: 37 -> 43; bb_stddev: 3.9782 -> 4.0141; buy_rsi: 32.814 -> 30.2989; cooldown_bars: 20 -> 16; max_cash_fraction: 0.2262 -> 0.2144; relative_strength_period: 24 -> 18; relative_strength_threshold: 0.8279 -> 0.3107; rvol_period: 28 -> 25; rvol_threshold: 3.6845 -> 3.2907; sell_rsi: 85.5081 -> 85.0841; stop_loss_pct: 0.0366 -> 0.0267; take_profit_pct: 0.0773 -> 0.0579; trend_entry_threshold: 0.6631 -> 0.5918; trend_negative_threshold: 0.3572 -> 0.2332; trend_reversal_threshold: 0.6468 -> 0.9844
      relative_profit=$8,996.12, absolute_profit=$14,918.49, buys=571, score=(6141.119999999999, -571, -1142), objective=6,141.12
    Trial 078: window=2024-04-10 12:12 UTC -> 2024-07-09 12:12 UTC, months=[2024-04, 2024-05, 2024-06, 2024-07], symbols=[AAPL, ABNB, AI, AVAV, BEAM, CB, CRM, CVNA, DAL, DDOG, DE, DG, DIA, DKNG, ENPH, ETSY, FIS, FSLY, GD, GE, ... (+30 more)], proposal=optuna_tpe
      params=bb_period=48, bb_stddev=4.0449, buy_rsi=34.9841, cooldown_bars=16, max_cash_fraction=0.2099, relative_strength_period=15, relative_strength_threshold=0.3864, rsi_period=26, rvol_period=26, rvol_threshold=3.1568, sell_rsi=81.4657, stop_loss_pct=0.0248, take_profit_pct=0.0736, trend_entry_threshold=0.5478, trend_negative_threshold=0.1833, trend_reversal_threshold=0.8982
      change_vs_previous=bb_period: 43 -> 48; bb_stddev: 4.0141 -> 4.0449; buy_rsi: 30.2989 -> 34.9841; max_cash_fraction: 0.2144 -> 0.2099; relative_strength_period: 18 -> 15; relative_strength_threshold: 0.3107 -> 0.3864; rsi_period: 30 -> 26; rvol_period: 25 -> 26; rvol_threshold: 3.2907 -> 3.1568; sell_rsi: 85.0841 -> 81.4657; stop_loss_pct: 0.0267 -> 0.0248; take_profit_pct: 0.0579 -> 0.0736; trend_entry_threshold: 0.5918 -> 0.5478; trend_negative_threshold: 0.2332 -> 0.1833; trend_reversal_threshold: 0.9844 -> 0.8982
      relative_profit=$4,369.91, absolute_profit=$11,200.67, buys=918, score=(-220.09000000000015, -918, -1823), objective=-220.09
    Trial 079: window=2024-06-18 14:39 UTC -> 2024-09-16 14:39 UTC, months=[2024-06, 2024-07, 2024-08, 2024-09], symbols=[ABBV, AFRM, BAC, BEAM, BHP, BMY, CRSP, CSCO, CSX, DDOG, DIS, DPZ, DUK, DVN, EA, ENPH, FANG, FSLY, GPN, GREE, ... (+30 more)], proposal=optuna_tpe
      params=bb_period=31, bb_stddev=3.7952, buy_rsi=32.6641, cooldown_bars=16, max_cash_fraction=0.2148, relative_strength_period=35, relative_strength_threshold=0.2061, rsi_period=30, rvol_period=30, rvol_threshold=1.3978, sell_rsi=75.112, stop_loss_pct=0.0352, take_profit_pct=0.0664, trend_entry_threshold=0.5376, trend_negative_threshold=0.1322, trend_reversal_threshold=0.8172
      change_vs_previous=bb_period: 48 -> 31; bb_stddev: 4.0449 -> 3.7952; buy_rsi: 34.9841 -> 32.6641; max_cash_fraction: 0.2099 -> 0.2148; relative_strength_period: 15 -> 35; relative_strength_threshold: 0.3864 -> 0.2061; rsi_period: 26 -> 30; rvol_period: 26 -> 30; rvol_threshold: 3.1568 -> 1.3978; sell_rsi: 81.4657 -> 75.112; stop_loss_pct: 0.0248 -> 0.0352; take_profit_pct: 0.0736 -> 0.0664; trend_entry_threshold: 0.5478 -> 0.5376; trend_negative_threshold: 0.1833 -> 0.1322; trend_reversal_threshold: 0.8982 -> 0.8172
      relative_profit=$12,190.24, absolute_profit=$14,527.65, buys=768, score=(8350.24, -768, -1525), objective=8,350.24
    Trial 080: window=2024-10-01 16:48 UTC -> 2024-12-30 16:48 UTC, months=[2024-10, 2024-11, 2024-12], symbols=[ABBV, AI, AMAT, BILL, BKR, COIN, CRSP, CSCO, DIS, DVN, ECL, EOG, FCX, GOOGL, HOOD, HUBS, IWM, JPM, KLAC, KR, ... (+30 more)], proposal=optuna_tpe
      params=bb_period=40, bb_stddev=4.2039, buy_rsi=31.0809, cooldown_bars=17, max_cash_fraction=0.2305, relative_strength_period=22, relative_strength_threshold=0.1008, rsi_period=31, rvol_period=18, rvol_threshold=3.5243, sell_rsi=86.9836, stop_loss_pct=0.0217, take_profit_pct=0.0474, trend_entry_threshold=0.5467, trend_negative_threshold=0.2534, trend_reversal_threshold=0.9463
      change_vs_previous=bb_period: 31 -> 40; bb_stddev: 3.7952 -> 4.2039; buy_rsi: 32.6641 -> 31.0809; cooldown_bars: 16 -> 17; max_cash_fraction: 0.2148 -> 0.2305; relative_strength_period: 35 -> 22; relative_strength_threshold: 0.2061 -> 0.1008; rsi_period: 30 -> 31; rvol_period: 30 -> 18; rvol_threshold: 1.3978 -> 3.5243; sell_rsi: 75.112 -> 86.9836; stop_loss_pct: 0.0352 -> 0.0217; take_profit_pct: 0.0664 -> 0.0474; trend_entry_threshold: 0.5376 -> 0.5467; trend_negative_threshold: 0.1322 -> 0.2534; trend_reversal_threshold: 0.8172 -> 0.9463
      relative_profit=$5,089.47, absolute_profit=$8,953.71, buys=644, score=(1869.4699999999993, -644, -1284), objective=1,869.47
    Trial 081: window=2024-08-21 18:33 UTC -> 2024-11-19 18:33 UTC, months=[2024-08, 2024-09, 2024-10, 2024-11], symbols=[AEP, AI, ARCT, AXP, BA, BNTX, CAN, CMG, COST, CRWD, DKNG, DOCU, FISV, GILD, GIS, GOOGL, GREE, HII, HON, HSY, ... (+30 more)], proposal=optuna_tpe
      params=bb_period=32, bb_stddev=3.7822, buy_rsi=25.1955, cooldown_bars=14, max_cash_fraction=0.1929, relative_strength_period=35, relative_strength_threshold=0.5805, rsi_period=32, rvol_period=29, rvol_threshold=3.5448, sell_rsi=78.1498, stop_loss_pct=0.0198, take_profit_pct=0.0885, trend_entry_threshold=0.4955, trend_negative_threshold=0.0895, trend_reversal_threshold=0.8804
      change_vs_previous=bb_period: 40 -> 32; bb_stddev: 4.2039 -> 3.7822; buy_rsi: 31.0809 -> 25.1955; cooldown_bars: 17 -> 14; max_cash_fraction: 0.2305 -> 0.1929; relative_strength_period: 22 -> 35; relative_strength_threshold: 0.1008 -> 0.5805; rsi_period: 31 -> 32; rvol_period: 18 -> 29; rvol_threshold: 3.5243 -> 3.5448; sell_rsi: 86.9836 -> 78.1498; stop_loss_pct: 0.0217 -> 0.0198; take_profit_pct: 0.0474 -> 0.0885; trend_entry_threshold: 0.5467 -> 0.4955; trend_negative_threshold: 0.2534 -> 0.0895; trend_reversal_threshold: 0.9463 -> 0.8804
      relative_profit=$11,723.70, absolute_profit=$16,674.54, buys=504, score=(9203.7, -504, -1006), objective=9,203.70
    Trial 082: window=2024-09-04 10:38 UTC -> 2024-12-03 10:38 UTC, months=[2024-09, 2024-10, 2024-11, 2024-12], symbols=[AAPL, ADBE, AMAT, AMZN, AXP, BA, BHP, CHWY, CMCSA, CMG, COP, D, DIA, EMR, ESTC, ETN, EXPD, FAST, GE, GIS, ... (+30 more)], proposal=optuna_tpe
      params=bb_period=30, bb_stddev=3.7212, buy_rsi=25.2951, cooldown_bars=14, max_cash_fraction=0.1735, relative_strength_period=40, relative_strength_threshold=0.6747, rsi_period=33, rvol_period=30, rvol_threshold=3.6859, sell_rsi=77.3401, stop_loss_pct=0.017, take_profit_pct=0.1023, trend_entry_threshold=0.5945, trend_negative_threshold=0.1146, trend_reversal_threshold=0.8329
      change_vs_previous=bb_period: 32 -> 30; bb_stddev: 3.7822 -> 3.7212; buy_rsi: 25.1955 -> 25.2951; max_cash_fraction: 0.1929 -> 0.1735; relative_strength_period: 35 -> 40; relative_strength_threshold: 0.5805 -> 0.6747; rsi_period: 32 -> 33; rvol_period: 29 -> 30; rvol_threshold: 3.5448 -> 3.6859; sell_rsi: 78.1498 -> 77.3401; stop_loss_pct: 0.0198 -> 0.017; take_profit_pct: 0.0885 -> 0.1023; trend_entry_threshold: 0.4955 -> 0.5945; trend_negative_threshold: 0.0895 -> 0.1146; trend_reversal_threshold: 0.8804 -> 0.8329
      relative_profit=$-508.35, absolute_profit=$9,200.63, buys=448, score=(-2748.3500000000004, -448, -895), objective=-2,748.35
    Trial 083: window=2024-08-19 23:55 UTC -> 2024-11-16 00:59 UTC, months=[2024-08, 2024-09, 2024-10, 2024-11], symbols=[ADBE, AMAT, APP, BILL, BNTX, CF, CL, CRWD, D, EDIT, EMR, ENPH, ETN, EXC, EXPD, F, GIS, GREE, HD, HII, ... (+30 more)], proposal=optuna_tpe
      params=bb_period=37, bb_stddev=3.9919, buy_rsi=34.4583, cooldown_bars=14, max_cash_fraction=0.2354, relative_strength_period=22, relative_strength_threshold=0.8113, rsi_period=26, rvol_period=30, rvol_threshold=3.5587, sell_rsi=85.024, stop_loss_pct=0.0355, take_profit_pct=0.0798, trend_entry_threshold=0.6455, trend_negative_threshold=0.2685, trend_reversal_threshold=0.665
      change_vs_previous=bb_period: 30 -> 37; bb_stddev: 3.7212 -> 3.9919; buy_rsi: 25.2951 -> 34.4583; max_cash_fraction: 0.1735 -> 0.2354; relative_strength_period: 40 -> 22; relative_strength_threshold: 0.6747 -> 0.8113; rsi_period: 33 -> 26; rvol_threshold: 3.6859 -> 3.5587; sell_rsi: 77.3401 -> 85.024; stop_loss_pct: 0.017 -> 0.0355; take_profit_pct: 0.1023 -> 0.0798; trend_entry_threshold: 0.5945 -> 0.6455; trend_negative_threshold: 0.1146 -> 0.2685; trend_reversal_threshold: 0.8329 -> 0.665
      relative_profit=$-133.90, absolute_profit=$4,607.29, buys=1003, score=(-5148.9, -1003, -1986), objective=-5,148.90
    Trial 084: window=2024-01-11 16:22 UTC -> 2024-04-10 16:22 UTC, months=[2024-01, 2024-02, 2024-03, 2024-04], symbols=[AEP, APA, APD, AXP, BAC, BBAI, BMY, BNTX, CB, CCI, CHWY, CMCSA, CSX, DE, DKNG, DOW, EA, ESTC, FAST, FCEL, ... (+30 more)], proposal=optuna_tpe
      params=bb_period=44, bb_stddev=4.6167, buy_rsi=33.2548, cooldown_bars=16, max_cash_fraction=0.245, relative_strength_period=15, relative_strength_threshold=0.393, rsi_period=26, rvol_period=25, rvol_threshold=4.0519, sell_rsi=82.7092, stop_loss_pct=0.0235, take_profit_pct=0.074, trend_entry_threshold=0.5033, trend_negative_threshold=0.2296, trend_reversal_threshold=0.6222
      change_vs_previous=bb_period: 37 -> 44; bb_stddev: 3.9919 -> 4.6167; buy_rsi: 34.4583 -> 33.2548; cooldown_bars: 14 -> 16; max_cash_fraction: 0.2354 -> 0.245; relative_strength_period: 22 -> 15; relative_strength_threshold: 0.8113 -> 0.393; rvol_period: 30 -> 25; rvol_threshold: 3.5587 -> 4.0519; sell_rsi: 85.024 -> 82.7092; stop_loss_pct: 0.0355 -> 0.0235; take_profit_pct: 0.0798 -> 0.074; trend_entry_threshold: 0.6455 -> 0.5033; trend_negative_threshold: 0.2685 -> 0.2296; trend_reversal_threshold: 0.665 -> 0.6222
      relative_profit=$25,587.30, absolute_profit=$34,027.68, buys=816, score=(21507.300000000003, -816, -1628), objective=21,507.30
    Trial 085: window=2024-05-22 20:03 UTC -> 2024-08-20 20:03 UTC, months=[2024-05, 2024-06, 2024-07, 2024-08], symbols=[ABBV, AMZN, APA, AVAV, AVGO, AXP, BAC, BE, CAN, CB, CCI, CF, CHWY, COIN, CVNA, EA, ECL, ED, ENPH, ESTC, ... (+30 more)], proposal=optuna_tpe
      params=bb_period=30, bb_stddev=3.8639, buy_rsi=22.1119, cooldown_bars=14, max_cash_fraction=0.192, relative_strength_period=35, relative_strength_threshold=0.2471, rsi_period=32, rvol_period=26, rvol_threshold=3.3939, sell_rsi=75.6628, stop_loss_pct=0.0123, take_profit_pct=0.0949, trend_entry_threshold=0.46, trend_negative_threshold=0.1253, trend_reversal_threshold=0.9734
      change_vs_previous=bb_period: 44 -> 30; bb_stddev: 4.6167 -> 3.8639; buy_rsi: 33.2548 -> 22.1119; cooldown_bars: 16 -> 14; max_cash_fraction: 0.245 -> 0.192; relative_strength_period: 15 -> 35; relative_strength_threshold: 0.393 -> 0.2471; rsi_period: 26 -> 32; rvol_period: 25 -> 26; rvol_threshold: 4.0519 -> 3.3939; sell_rsi: 82.7092 -> 75.6628; stop_loss_pct: 0.0235 -> 0.0123; take_profit_pct: 0.074 -> 0.0949; trend_entry_threshold: 0.5033 -> 0.46; trend_negative_threshold: 0.2296 -> 0.1253; trend_reversal_threshold: 0.6222 -> 0.9734
      relative_profit=$2,852.36, absolute_profit=$8,163.70, buys=364, score=(1032.3599999999997, -364, -728), objective=1,032.36
    Trial 086: window=2024-03-18 22:57 UTC -> 2024-06-15 00:00 UTC, months=[2024-03, 2024-04, 2024-05, 2024-06], symbols=[ABNB, AI, AVAV, AVGO, BABA, BAC, BBAI, BHP, BKR, DD, DDOG, DE, ECL, EXC, FANG, FIS, HAL, IFF, IWM, JPM, ... (+30 more)], proposal=optuna_tpe
      params=bb_period=40, bb_stddev=3.5933, buy_rsi=32.1556, cooldown_bars=17, max_cash_fraction=0.1993, relative_strength_period=42, relative_strength_threshold=0.4902, rsi_period=31, rvol_period=28, rvol_threshold=1.4826, sell_rsi=77.6037, stop_loss_pct=0.0582, take_profit_pct=0.0861, trend_entry_threshold=0.6299, trend_negative_threshold=0.2391, trend_reversal_threshold=0.9664
      change_vs_previous=bb_period: 30 -> 40; bb_stddev: 3.8639 -> 3.5933; buy_rsi: 22.1119 -> 32.1556; cooldown_bars: 14 -> 17; max_cash_fraction: 0.192 -> 0.1993; relative_strength_period: 35 -> 42; relative_strength_threshold: 0.2471 -> 0.4902; rsi_period: 32 -> 31; rvol_period: 26 -> 28; rvol_threshold: 3.3939 -> 1.4826; sell_rsi: 75.6628 -> 77.6037; stop_loss_pct: 0.0123 -> 0.0582; take_profit_pct: 0.0949 -> 0.0861; trend_entry_threshold: 0.46 -> 0.6299; trend_negative_threshold: 0.1253 -> 0.2391; trend_reversal_threshold: 0.9734 -> 0.9664
      relative_profit=$-4,970.50, absolute_profit=$934.20, buys=611, score=(-8025.5, -611, -1218), objective=-8,025.50
    Trial 087: window=2024-07-22 11:04 UTC -> 2024-10-18 23:59 UTC, months=[2024-07, 2024-08, 2024-09, 2024-10], symbols=[AMAT, AMD, AVAV, AVGO, BILL, BKR, CCI, CF, CRM, DHR, DPZ, EL, EMR, ENPH, EXC, FISV, GE, HII, INTC, KHC, ... (+30 more)], proposal=optuna_tpe
      params=bb_period=37, bb_stddev=3.7337, buy_rsi=35.1271, cooldown_bars=19, max_cash_fraction=0.2319, relative_strength_period=18, relative_strength_threshold=0.9047, rsi_period=31, rvol_period=30, rvol_threshold=3.6434, sell_rsi=85.6027, stop_loss_pct=0.0427, take_profit_pct=0.0738, trend_entry_threshold=0.6367, trend_negative_threshold=0.3441, trend_reversal_threshold=0.5329
      change_vs_previous=bb_period: 40 -> 37; bb_stddev: 3.5933 -> 3.7337; buy_rsi: 32.1556 -> 35.1271; cooldown_bars: 17 -> 19; max_cash_fraction: 0.1993 -> 0.2319; relative_strength_period: 42 -> 18; relative_strength_threshold: 0.4902 -> 0.9047; rvol_period: 28 -> 30; rvol_threshold: 1.4826 -> 3.6434; sell_rsi: 77.6037 -> 85.6027; stop_loss_pct: 0.0582 -> 0.0427; take_profit_pct: 0.0861 -> 0.0738; trend_entry_threshold: 0.6299 -> 0.6367; trend_negative_threshold: 0.2391 -> 0.3441; trend_reversal_threshold: 0.9664 -> 0.5329
      relative_profit=$1,719.46, absolute_profit=$7,645.50, buys=809, score=(-2325.54, -809, -1606), objective=-2,325.54
    Trial 088: window=2024-02-08 09:23 UTC -> 2024-05-08 09:23 UTC, months=[2024-02, 2024-03, 2024-04, 2024-05], symbols=[APP, ASML, AVAV, BABA, BE, BHP, CAN, CCI, CL, CME, COST, DD, DDOG, DIS, DPZ, FAST, GILD, GM, GREE, HAL, ... (+30 more)], proposal=optuna_tpe
      params=bb_period=32, bb_stddev=3.5642, buy_rsi=24.8244, cooldown_bars=12, max_cash_fraction=0.1727, relative_strength_period=33, relative_strength_threshold=0.4745, rsi_period=34, rvol_period=26, rvol_threshold=3.3738, sell_rsi=81.3356, stop_loss_pct=0.0294, take_profit_pct=0.0786, trend_entry_threshold=0.4575, trend_negative_threshold=0.0776, trend_reversal_threshold=0.8392
      change_vs_previous=bb_period: 37 -> 32; bb_stddev: 3.7337 -> 3.5642; buy_rsi: 35.1271 -> 24.8244; cooldown_bars: 19 -> 12; max_cash_fraction: 0.2319 -> 0.1727; relative_strength_period: 18 -> 33; relative_strength_threshold: 0.9047 -> 0.4745; rsi_period: 31 -> 34; rvol_period: 30 -> 26; rvol_threshold: 3.6434 -> 3.3738; sell_rsi: 85.6027 -> 81.3356; stop_loss_pct: 0.0427 -> 0.0294; take_profit_pct: 0.0738 -> 0.0786; trend_entry_threshold: 0.6367 -> 0.4575; trend_negative_threshold: 0.3441 -> 0.0776; trend_reversal_threshold: 0.5329 -> 0.8392
      relative_profit=$4,611.62, absolute_profit=$8,443.06, buys=482, score=(2201.619999999999, -482, -957), objective=2,201.62
    Trial 089: window=2024-08-28 21:52 UTC -> 2024-11-26 21:52 UTC, months=[2024-08, 2024-09, 2024-10, 2024-11], symbols=[ABBV, AEP, AES, AMZN, APA, BE, BMY, CAN, CRSP, CRWD, CSX, DAL, DDOG, DG, DIS, DOW, EMR, EXC, FIS, GILD, ... (+30 more)], proposal=optuna_tpe
      params=bb_period=30, bb_stddev=3.7608, buy_rsi=24.553, cooldown_bars=12, max_cash_fraction=0.1907, relative_strength_period=34, relative_strength_threshold=0.3916, rsi_period=30, rvol_period=27, rvol_threshold=4.5187, sell_rsi=83.0644, stop_loss_pct=0.0269, take_profit_pct=0.0712, trend_entry_threshold=0.4706, trend_negative_threshold=0.0416, trend_reversal_threshold=0.7486
      change_vs_previous=bb_period: 32 -> 30; bb_stddev: 3.5642 -> 3.7608; buy_rsi: 24.8244 -> 24.553; max_cash_fraction: 0.1727 -> 0.1907; relative_strength_period: 33 -> 34; relative_strength_threshold: 0.4745 -> 0.3916; rsi_period: 34 -> 30; rvol_period: 26 -> 27; rvol_threshold: 3.3738 -> 4.5187; sell_rsi: 81.3356 -> 83.0644; stop_loss_pct: 0.0294 -> 0.0269; take_profit_pct: 0.0786 -> 0.0712; trend_entry_threshold: 0.4575 -> 0.4706; trend_negative_threshold: 0.0776 -> 0.0416; trend_reversal_threshold: 0.8392 -> 0.7486
      relative_profit=$2,668.59, absolute_profit=$10,904.29, buys=418, score=(578.5900000000001, -418, -835), objective=578.59
    Trial 090: window=2024-01-23 12:25 UTC -> 2024-04-22 12:25 UTC, months=[2024-01, 2024-02, 2024-03, 2024-04], symbols=[ALB, AMAT, AMZN, ARCT, AVGO, BA, BBY, BNTX, CAN, CHWY, CMCSA, CMG, COP, CVX, DG, DHR, EDIT, F, GE, GREE, ... (+30 more)], proposal=optuna_tpe
      params=bb_period=33, bb_stddev=3.4734, buy_rsi=25.3921, cooldown_bars=14, max_cash_fraction=0.2021, relative_strength_period=33, relative_strength_threshold=0.6861, rsi_period=33, rvol_period=27, rvol_threshold=3.1664, sell_rsi=76.7801, stop_loss_pct=0.0187, take_profit_pct=0.0706, trend_entry_threshold=0.3835, trend_negative_threshold=0.0308, trend_reversal_threshold=0.8938
      change_vs_previous=bb_period: 30 -> 33; bb_stddev: 3.7608 -> 3.4734; buy_rsi: 24.553 -> 25.3921; cooldown_bars: 12 -> 14; max_cash_fraction: 0.1907 -> 0.2021; relative_strength_period: 34 -> 33; relative_strength_threshold: 0.3916 -> 0.6861; rsi_period: 30 -> 33; rvol_threshold: 4.5187 -> 3.1664; sell_rsi: 83.0644 -> 76.7801; stop_loss_pct: 0.0269 -> 0.0187; take_profit_pct: 0.0712 -> 0.0706; trend_entry_threshold: 0.4706 -> 0.3835; trend_negative_threshold: 0.0416 -> 0.0308; trend_reversal_threshold: 0.7486 -> 0.8938
      relative_profit=$11,677.41, absolute_profit=$14,442.36, buys=647, score=(8442.41, -647, -1289), objective=8,442.41
    Trial 091: window=2024-09-18 17:12 UTC -> 2024-12-17 17:12 UTC, months=[2024-09, 2024-10, 2024-11, 2024-12], symbols=[ABNB, AI, ALB, AVAV, BA, BABA, BBAI, BKR, COST, CRWD, CVX, DDOG, DKNG, DUK, ESTC, FCX, GILD, HCA, HD, ITW, ... (+30 more)], proposal=optuna_tpe
      params=bb_period=44, bb_stddev=4.358, buy_rsi=34.9391, cooldown_bars=18, max_cash_fraction=0.2215, relative_strength_period=16, relative_strength_threshold=0.0234, rsi_period=26, rvol_period=27, rvol_threshold=3.9683, sell_rsi=85.1028, stop_loss_pct=0.0261, take_profit_pct=0.0774, trend_entry_threshold=0.4166, trend_negative_threshold=0.2861, trend_reversal_threshold=0.7041
      change_vs_previous=bb_period: 33 -> 44; bb_stddev: 3.4734 -> 4.358; buy_rsi: 25.3921 -> 34.9391; cooldown_bars: 14 -> 18; max_cash_fraction: 0.2021 -> 0.2215; relative_strength_period: 33 -> 16; relative_strength_threshold: 0.6861 -> 0.0234; rsi_period: 33 -> 26; rvol_threshold: 3.1664 -> 3.9683; sell_rsi: 76.7801 -> 85.1028; stop_loss_pct: 0.0187 -> 0.0261; take_profit_pct: 0.0706 -> 0.0774; trend_entry_threshold: 0.3835 -> 0.4166; trend_negative_threshold: 0.0308 -> 0.2861; trend_reversal_threshold: 0.8938 -> 0.7041
      relative_profit=$-37,655.55, absolute_profit=$-30,415.30, buys=4057, score=(-57940.55, -4057, -7961), objective=-57,940.55
    Trial 092: window=2024-05-16 10:43 UTC -> 2024-08-14 10:43 UTC, months=[2024-05, 2024-06, 2024-07, 2024-08], symbols=[ABBV, AI, AMAT, AMD, APA, BBY, COST, CRWD, D, DOCU, DPZ, DVN, EA, EL, F, FIS, GD, GILD, HLT, HOOD, ... (+30 more)], proposal=optuna_tpe
      params=bb_period=36, bb_stddev=3.5347, buy_rsi=27.0544, cooldown_bars=15, max_cash_fraction=0.1949, relative_strength_period=38, relative_strength_threshold=0.3459, rsi_period=33, rvol_period=30, rvol_threshold=3.6909, sell_rsi=77.8551, stop_loss_pct=0.0126, take_profit_pct=0.0789, trend_entry_threshold=0.4564, trend_negative_threshold=0.2144, trend_reversal_threshold=0.8331
      change_vs_previous=bb_period: 44 -> 36; bb_stddev: 4.358 -> 3.5347; buy_rsi: 34.9391 -> 27.0544; cooldown_bars: 18 -> 15; max_cash_fraction: 0.2215 -> 0.1949; relative_strength_period: 16 -> 38; relative_strength_threshold: 0.0234 -> 0.3459; rsi_period: 26 -> 33; rvol_period: 27 -> 30; rvol_threshold: 3.9683 -> 3.6909; sell_rsi: 85.1028 -> 77.8551; stop_loss_pct: 0.0261 -> 0.0126; take_profit_pct: 0.0774 -> 0.0789; trend_entry_threshold: 0.4166 -> 0.4564; trend_negative_threshold: 0.2861 -> 0.2144; trend_reversal_threshold: 0.7041 -> 0.8331
      relative_profit=$11,800.98, absolute_profit=$14,055.06, buys=543, score=(9085.98, -543, -1083), objective=9,085.98
    Trial 093: window=2024-02-15 23:13 UTC -> 2024-05-15 23:13 UTC, months=[2024-02, 2024-03, 2024-04, 2024-05], symbols=[AAPL, ADBE, AFRM, APA, AVAV, BBY, BILL, BNTX, CMCSA, COIN, D, DAL, DPZ, DVN, EA, ECL, ESTC, GD, GE, HLT, ... (+30 more)], proposal=optuna_tpe
      params=bb_period=33, bb_stddev=3.6019, buy_rsi=27.3624, cooldown_bars=11, max_cash_fraction=0.1907, relative_strength_period=33, relative_strength_threshold=0.2183, rsi_period=32, rvol_period=27, rvol_threshold=3.9688, sell_rsi=79.6729, stop_loss_pct=0.0177, take_profit_pct=0.0773, trend_entry_threshold=0.474, trend_negative_threshold=0.1772, trend_reversal_threshold=0.8891
      change_vs_previous=bb_period: 36 -> 33; bb_stddev: 3.5347 -> 3.6019; buy_rsi: 27.0544 -> 27.3624; cooldown_bars: 15 -> 11; max_cash_fraction: 0.1949 -> 0.1907; relative_strength_period: 38 -> 33; relative_strength_threshold: 0.3459 -> 0.2183; rsi_period: 33 -> 32; rvol_period: 30 -> 27; rvol_threshold: 3.6909 -> 3.9688; sell_rsi: 77.8551 -> 79.6729; stop_loss_pct: 0.0126 -> 0.0177; take_profit_pct: 0.0789 -> 0.0773; trend_entry_threshold: 0.4564 -> 0.474; trend_negative_threshold: 0.2144 -> 0.1772; trend_reversal_threshold: 0.8331 -> 0.8891
      relative_profit=$1,497.33, absolute_profit=$7,005.56, buys=501, score=(-1007.6699999999992, -501, -1001), objective=-1,007.67
    Trial 094: window=2024-01-22 09:22 UTC -> 2024-04-19 23:59 UTC, months=[2024-01, 2024-02, 2024-03, 2024-04], symbols=[AI, ALB, AMZN, BABA, BAC, BBAI, BBY, BE, BKR, BNTX, C, CB, CMCSA, DHR, DOCU, DOW, DUK, EQIX, FANG, GE, ... (+30 more)], proposal=optuna_tpe
      params=bb_period=32, bb_stddev=3.5021, buy_rsi=25.6069, cooldown_bars=15, max_cash_fraction=0.2123, relative_strength_period=34, relative_strength_threshold=0.4502, rsi_period=32, rvol_period=27, rvol_threshold=2.6372, sell_rsi=76.2154, stop_loss_pct=0.0172, take_profit_pct=0.0604, trend_entry_threshold=0.5058, trend_negative_threshold=0.0975, trend_reversal_threshold=0.836
      change_vs_previous=bb_period: 33 -> 32; bb_stddev: 3.6019 -> 3.5021; buy_rsi: 27.3624 -> 25.6069; cooldown_bars: 11 -> 15; max_cash_fraction: 0.1907 -> 0.2123; relative_strength_period: 33 -> 34; relative_strength_threshold: 0.2183 -> 0.4502; rvol_threshold: 3.9688 -> 2.6372; sell_rsi: 79.6729 -> 76.2154; stop_loss_pct: 0.0177 -> 0.0172; take_profit_pct: 0.0773 -> 0.0604; trend_entry_threshold: 0.474 -> 0.5058; trend_negative_threshold: 0.1772 -> 0.0975; trend_reversal_threshold: 0.8891 -> 0.836
      relative_profit=$7,678.81, absolute_profit=$9,935.56, buys=545, score=(4953.8099999999995, -545, -1089), objective=4,953.81
    Trial 095: window=2024-08-19 12:34 UTC -> 2024-11-16 00:59 UTC, months=[2024-08, 2024-09, 2024-10, 2024-11], symbols=[AAPL, AEP, AMD, BAC, BLDP, C, CAT, CHWY, COST, CRWD, CSX, DD, DIA, EQIX, ESTC, ETSY, EXC, GD, GILD, GM, ... (+30 more)], proposal=optuna_tpe
      params=bb_period=34, bb_stddev=3.8247, buy_rsi=28.6658, cooldown_bars=14, max_cash_fraction=0.2016, relative_strength_period=37, relative_strength_threshold=0.711, rsi_period=33, rvol_period=32, rvol_threshold=3.7558, sell_rsi=77.6889, stop_loss_pct=0.0173, take_profit_pct=0.0998, trend_entry_threshold=0.6085, trend_negative_threshold=0.1807, trend_reversal_threshold=0.8584
      change_vs_previous=bb_period: 32 -> 34; bb_stddev: 3.5021 -> 3.8247; buy_rsi: 25.6069 -> 28.6658; cooldown_bars: 15 -> 14; max_cash_fraction: 0.2123 -> 0.2016; relative_strength_period: 34 -> 37; relative_strength_threshold: 0.4502 -> 0.711; rsi_period: 32 -> 33; rvol_period: 27 -> 32; rvol_threshold: 2.6372 -> 3.7558; sell_rsi: 76.2154 -> 77.6889; stop_loss_pct: 0.0172 -> 0.0173; take_profit_pct: 0.0604 -> 0.0998; trend_entry_threshold: 0.5058 -> 0.6085; trend_negative_threshold: 0.0975 -> 0.1807; trend_reversal_threshold: 0.836 -> 0.8584
      relative_profit=$1,857.49, absolute_profit=$7,453.14, buys=503, score=(-657.5099999999993, -503, -999), objective=-657.51
    Trial 096: window=2024-01-12 00:23 UTC -> 2024-04-10 23:59 UTC, months=[2024-01, 2024-02, 2024-03, 2024-04], symbols=[AFRM, AXP, BBAI, C, CMCSA, CME, COST, CRWD, CVNA, DPZ, EOG, EXC, FANG, FCX, FISV, GILD, GREE, INTU, ITW, JBHT, ... (+30 more)], proposal=optuna_tpe
      params=bb_period=31, bb_stddev=4.0556, buy_rsi=26.4445, cooldown_bars=13, max_cash_fraction=0.1596, relative_strength_period=35, relative_strength_threshold=0.6338, rsi_period=31, rvol_period=31, rvol_threshold=3.6798, sell_rsi=78.8327, stop_loss_pct=0.0166, take_profit_pct=0.0925, trend_entry_threshold=0.474, trend_negative_threshold=0.1107, trend_reversal_threshold=0.9164
      change_vs_previous=bb_period: 34 -> 31; bb_stddev: 3.8247 -> 4.0556; buy_rsi: 28.6658 -> 26.4445; cooldown_bars: 14 -> 13; max_cash_fraction: 0.2016 -> 0.1596; relative_strength_period: 37 -> 35; relative_strength_threshold: 0.711 -> 0.6338; rsi_period: 33 -> 31; rvol_period: 32 -> 31; rvol_threshold: 3.7558 -> 3.6798; sell_rsi: 77.6889 -> 78.8327; stop_loss_pct: 0.0173 -> 0.0166; take_profit_pct: 0.0998 -> 0.0925; trend_entry_threshold: 0.6085 -> 0.474; trend_negative_threshold: 0.1807 -> 0.1107; trend_reversal_threshold: 0.8584 -> 0.9164
      relative_profit=$3,379.97, absolute_profit=$11,101.38, buys=399, score=(1384.9699999999993, -399, -797), objective=1,384.97
    Trial 097: window=2024-08-06 16:24 UTC -> 2024-11-04 16:24 UTC, months=[2024-08, 2024-09, 2024-10, 2024-11], symbols=[ABBV, AFRM, AMD, AVAV, BHP, BNTX, CF, CHRW, CRM, D, DOW, DUK, EA, ECL, ENPH, EXC, F, FCEL, HUBS, IWM, ... (+30 more)], proposal=optuna_tpe
      params=bb_period=26, bb_stddev=3.9301, buy_rsi=23.5163, cooldown_bars=12, max_cash_fraction=0.1985, relative_strength_period=38, relative_strength_threshold=0.7703, rsi_period=31, rvol_period=34, rvol_threshold=3.4278, sell_rsi=78.7891, stop_loss_pct=0.015, take_profit_pct=0.0811, trend_entry_threshold=0.5421, trend_negative_threshold=0.0486, trend_reversal_threshold=0.8753
      change_vs_previous=bb_period: 31 -> 26; bb_stddev: 4.0556 -> 3.9301; buy_rsi: 26.4445 -> 23.5163; cooldown_bars: 13 -> 12; max_cash_fraction: 0.1596 -> 0.1985; relative_strength_period: 35 -> 38; relative_strength_threshold: 0.6338 -> 0.7703; rvol_period: 31 -> 34; rvol_threshold: 3.6798 -> 3.4278; sell_rsi: 78.8327 -> 78.7891; stop_loss_pct: 0.0166 -> 0.015; take_profit_pct: 0.0925 -> 0.0811; trend_entry_threshold: 0.474 -> 0.5421; trend_negative_threshold: 0.1107 -> 0.0486; trend_reversal_threshold: 0.9164 -> 0.8753
      relative_profit=$-5,365.51, absolute_profit=$3,158.00, buys=562, score=(-8175.51, -562, -1121), objective=-8,175.51
    Trial 098: window=2024-07-22 13:38 UTC -> 2024-10-18 23:59 UTC, months=[2024-07, 2024-08, 2024-09, 2024-10], symbols=[AMZN, APP, ARCT, ASML, BILL, BKR, CAN, CF, CL, DE, DHR, ECL, ENPH, FAST, FISV, GIS, INTC, IWM, KO, LSTR, ... (+30 more)], proposal=optuna_tpe
      params=bb_period=38, bb_stddev=4.2751, buy_rsi=34.1929, cooldown_bars=20, max_cash_fraction=0.2481, relative_strength_period=20, relative_strength_threshold=0.4637, rsi_period=29, rvol_period=28, rvol_threshold=4.1848, sell_rsi=81.4746, stop_loss_pct=0.0323, take_profit_pct=0.0685, trend_entry_threshold=0.5983, trend_negative_threshold=0.3517, trend_reversal_threshold=0.8302
      change_vs_previous=bb_period: 26 -> 38; bb_stddev: 3.9301 -> 4.2751; buy_rsi: 23.5163 -> 34.1929; cooldown_bars: 12 -> 20; max_cash_fraction: 0.1985 -> 0.2481; relative_strength_period: 38 -> 20; relative_strength_threshold: 0.7703 -> 0.4637; rsi_period: 31 -> 29; rvol_period: 34 -> 28; rvol_threshold: 3.4278 -> 4.1848; sell_rsi: 78.7891 -> 81.4746; stop_loss_pct: 0.015 -> 0.0323; take_profit_pct: 0.0811 -> 0.0685; trend_entry_threshold: 0.5421 -> 0.5983; trend_negative_threshold: 0.0486 -> 0.3517; trend_reversal_threshold: 0.8753 -> 0.8302
      relative_profit=$10,259.33, absolute_profit=$15,841.14, buys=816, score=(6179.329999999998, -816, -1624), objective=6,179.33
    Trial 099: window=2024-03-14 23:15 UTC -> 2024-06-12 23:15 UTC, months=[2024-03, 2024-04, 2024-05, 2024-06], symbols=[AAPL, APA, ASML, BALL, CAT, COST, DDOG, DHR, DIS, DOW, ESTC, ETN, FANG, FCX, FISV, GILD, GIS, HSY, JBHT, KMB, ... (+30 more)], proposal=optuna_tpe
      params=bb_period=29, bb_stddev=3.336, buy_rsi=30.3468, cooldown_bars=13, max_cash_fraction=0.2185, relative_strength_period=31, relative_strength_threshold=0.2292, rsi_period=31, rvol_period=33, rvol_threshold=1.2458, sell_rsi=73.1367, stop_loss_pct=0.0218, take_profit_pct=0.0581, trend_entry_threshold=0.5035, trend_negative_threshold=0.1901, trend_reversal_threshold=0.8255
      change_vs_previous=bb_period: 38 -> 29; bb_stddev: 4.2751 -> 3.336; buy_rsi: 34.1929 -> 30.3468; cooldown_bars: 20 -> 13; max_cash_fraction: 0.2481 -> 0.2185; relative_strength_period: 20 -> 31; relative_strength_threshold: 0.4637 -> 0.2292; rsi_period: 29 -> 31; rvol_period: 28 -> 33; rvol_threshold: 4.1848 -> 1.2458; sell_rsi: 81.4746 -> 73.1367; stop_loss_pct: 0.0323 -> 0.0218; take_profit_pct: 0.0685 -> 0.0581; trend_entry_threshold: 0.5983 -> 0.5035; trend_negative_threshold: 0.3517 -> 0.1901; trend_reversal_threshold: 0.8302 -> 0.8255
      relative_profit=$1,951.46, absolute_profit=$7,340.19, buys=796, score=(-2028.54, -796, -1586), objective=-2,028.54
    Trial 100: window=2024-05-08 21:48 UTC -> 2024-08-06 21:48 UTC, months=[2024-05, 2024-06, 2024-07, 2024-08], symbols=[ADBE, AI, AMZN, ASML, BABA, C, CHRW, CHWY, COST, CRSP, CSX, DAL, ESTC, ETN, EXC, GILD, GM, HCA, HSY, HUBS, ... (+30 more)], proposal=optuna_tpe
      params=bb_period=32, bb_stddev=4.0879, buy_rsi=28.7246, cooldown_bars=12, max_cash_fraction=0.1741, relative_strength_period=34, relative_strength_threshold=0.8996, rsi_period=29, rvol_period=33, rvol_threshold=4.3165, sell_rsi=83.2174, stop_loss_pct=0.0135, take_profit_pct=0.0671, trend_entry_threshold=0.4243, trend_negative_threshold=0.1071, trend_reversal_threshold=0.809
      change_vs_previous=bb_period: 29 -> 32; bb_stddev: 3.336 -> 4.0879; buy_rsi: 30.3468 -> 28.7246; cooldown_bars: 13 -> 12; max_cash_fraction: 0.2185 -> 0.1741; relative_strength_period: 31 -> 34; relative_strength_threshold: 0.2292 -> 0.8996; rsi_period: 31 -> 29; rvol_threshold: 1.2458 -> 4.3165; sell_rsi: 73.1367 -> 83.2174; stop_loss_pct: 0.0218 -> 0.0135; take_profit_pct: 0.0581 -> 0.0671; trend_entry_threshold: 0.5035 -> 0.4243; trend_negative_threshold: 0.1901 -> 0.1071; trend_reversal_threshold: 0.8255 -> 0.809
      relative_profit=$5,069.20, absolute_profit=$5,545.43, buys=991, score=(114.20000000000073, -991, -1975), objective=114.20
  Best Puffin1: relative_net=$21,507.30, trades=1628, params=bb_period=44, bb_stddev=4.6167, buy_rsi=33.2548, cooldown_bars=16, max_cash_fraction=0.245, relative_strength_period=15, relative_strength_threshold=0.393, rsi_period=26, rvol_period=25, rvol_threshold=4.0519, sell_rsi=82.7092, stop_loss_pct=0.0235, take_profit_pct=0.074, trend_entry_threshold=0.5033, trend_negative_threshold=0.2296, trend_reversal_threshold=0.6222
