{"MomentumPenguin": [5000.0, 5000.0, 5000.0, 5000.0, 5000.0, 4963.82, 4948.3949999999995, 4942.705, 4906.34, 4881.12, 4880.165000000001, 4873.62, 4855.9349999999995, 4840.289999999999, 4808.73, 4801.899999999999, 4667.649999999999, 4046.2599999999993, 3983.034999999999, 3956.624999999999], "MeanReversionPenguin": [5000.0, 5000.0, 5000.0, 5000.0, 5000.0, 5000.0, 5000.0, 5000.0, 5000.0, 5000.0, 5000.0, 5000.0, 5000.0, 5000.0, 4999.04, 4998.08, 4997.12, 4996.16, 4995.2, 4994.1849999999995], "BreakoutPenguin": [5000.0, 5000.0, 5000.0, 5000.0, 5000.0, 5000.0, 5000.0, 5000.0, 5000.0, 5000.0, 5000.0, 5000.0, 5000.0, 5000.0, 5000.0, 5000.0, 5000.0, 5000.0, 5000.0, 5000.0], "TrendPenguin": [5000.0, 4974.675000000001, 4957.405000000001, 4918.575000000002, 4881.660000000002, 4903.060000000002, 4883.875000000002, 4844.910000000001, 4816.465000000002, 4789.110000000001, 4768.825000000002, 4751.300000000003, 4725.140000000001, 4727.965000000001, 4694.390000000001, 4669.515, 4595.640000000002, 4595.105000000002, 4554.125000000001, 4548.670000000001]}