{"MomentumPenguin": [5000.0, 5000.0, 5000.0, 5000.0, 5000.0, 4992.724999999999, 4985.365, 4981.4, 4979.41, 4964.674999999999, 4941.1399999999985, 4923.115, 4909.119999999999, 3669.8249999999994, 3956.039999999999, 4223.115, 4530.329999999999, 4793.51, 4788.735, 4779.329999999999, 4473.4, 4449.254999999999, 4446.53, 4444.574999999999, 4741.990000000001], "MeanReversionPenguin": [5000.0, 5000.0, 5000.0, 5000.0, 5000.0, 5000.0, 5000.0, 5000.0, 5000.0, 5000.0, 5000.0, 5000.0, 5000.0, 5000.0, 5338.0599999999995, 5676.234999999999, 6017.695, 6352.825, 6359.445000000001, 6356.820000000001, 6357.675, 6357.66, 6360.9400000000005, 6360.625, 6364.744999999999], "BreakoutPenguin": [5000.0, 5000.0, 5000.0, 5000.0, 5000.0, 5000.0, 5000.0, 5000.0, 5000.0, 5000.0, 5000.0, 5000.0, 5000.0, 5000.0, 5000.0, 5000.0, 5000.0, 5000.0, 5000.0, 5000.0, 5000.0, 5000.0, 5000.0, 5000.0, 5341.115], "TrendPenguin": [5000.0, 4984.885, 4970.135, 4618.005, 4602.340000000001, 4918.785000000001, 4895.280000000002, 4844.6500000000015, 4845.515000000002, 4827.800000000002, 4801.310000000001, 4784.100000000001, 4778.340000000001, 4738.045000000001, 4717.47, 4685.710000000002, 5006.705000000001, 5284.555000000001, 5594.135000000001, 5536.565000000001, 5511.545000000001, 6144.235000000002, 6456.610000000005, 6742.965000000001, 7343.775000000004]}