{"MomentumPenguin": [5000.0, 5000.0, 5000.0, 5000.0, 5000.0, 5000.0, 4996.14, 4992.4400000000005, 4978.484999999999, 4974.309999999999, 4969.514999999999, 4976.565, 4972.73, 4938.294999999999, 4943.299999999998, 4982.575, 4952.3049999999985, 4992.214999999998, 4931.709999999999, 4941.744999999999, 4855.129999999998, 4777.024999999998, 4830.0149999999985, 4809.939999999999, 4815.304999999998, 4813.354999999998, 4765.719999999998, 4777.824999999998, 4788.655, 4741.609999999999, 4749.064999999999, 4734.929999999998, 4659.119999999998, 4710.324999999998, 4706.369999999998, 4614.039999999999, 4682.169999999998, 4629.819999999998, 4613.9749999999985, 4648.239999999998, 4620.804999999998, 4622.494999999997, 4638.684999999997, 4617.119999999997, 4626.629999999998, 4617.214999999998, 4620.159999999998, 4587.0999999999985, 4589.329999999998, 4594.699999999998, 4604.824999999999, 4560.684999999998, 4577.324999999997, 4565.244999999997, 4576.669999999997, 4586.249999999997, 4570.564999999998, 4572.779999999997, 4585.319999999998, 4578.134999999998, 4553.154999999998, 4450.909999999998, 4447.904999999998, 4436.939999999998, 4434.949999999999, 4422.804999999998, 4425.979999999998, 4435.639999999998, 4423.264999999999, 4424.3449999999975, 4423.914999999998, 4392.349999999998, 4380.109999999999, 4389.7599999999975, 4392.994999999997, 4377.4649999999965, 4379.509999999998, 4392.109999999998, 4395.5549999999985, 4393.489999999999, 4378.379999999997, 4355.259999999998, 4378.189999999998, 4362.344999999998, 4362.689999999998, 4345.799999999997, 4350.9249999999965, 4372.314999999998, 4342.214999999998, 4352.289999999997, 4330.534999999997, 4326.2199999999975, 4316.504999999997, 4317.799999999997, 4298.704999999997, 4289.339999999997, 4291.489999999997, 4269.819999999998, 4259.084999999997, 4255.409999999998, 4255.0099999999975, 4258.404999999998, 4259.604999999998, 4259.519999999999, 4254.924999999997], "MeanReversionPenguin": [5000.0, 5000.0, 5000.0, 5000.0, 5000.0, 5000.0, 5000.0, 5000.0, 5000.0, 5000.0, 5000.0, 5000.0, 5000.0, 5000.0, 5000.0, 4999.995000000001, 4999.995000000001, 4999.995, 4937.215, 5014.164999999999, 5014.69, 5014.69, 5012.315, 5012.314999999998, 5104.449999999998, 5104.534999999998, 5029.359999999999, 5029.484999999998, 5029.054999999999, 5030.034999999999, 5029.514999999999, 5029.959999999998, 5029.5549999999985, 5025.064999999999, 5023.424999999998, 5015.839999999998, 4817.274999999998, 5043.284999999998, 5096.104999999999, 5095.704999999997, 5096.794999999998, 5102.359999999998, 5116.614999999998, 5111.854999999998, 5115.489999999998, 5108.219999999998, 5100.424999999998, 5103.899999999999, 5103.1399999999985, 5105.049999999998, 5104.579999999998, 5099.904999999999, 5100.444999999998, 5109.239999999998, 5112.314999999998, 5112.799999999998, 5108.184999999998, 5104.584999999998, 5106.944999999999, 5107.499999999998, 5109.379999999998, 5106.969999999999, 5198.5199999999995, 5201.014999999998, 5202.254999999997, 5197.574999999998, 5194.994999999997, 5191.404999999998, 5186.674999999998, 5185.494999999998, 5176.899999999998, 5185.534999999998, 5194.029999999998, 5199.744999999998, 7287.424999999997, 7281.889999999998, 7279.129999999997, 7291.104999999998, 7295.529999999998, 7292.354999999998, 7285.254999999998, 7269.384999999998, 7272.624999999998, 7277.264999999999, 7268.294999999999, 7266.7699999999995, 7259.749999999999, 7261.19, 7256.189999999999, 7264.459999999998, 7266.174999999999, 7255.865, 7256.474999999999, 7252.7, 7258.5199999999995, 7247.954999999999, 7242.954999999999, 7228.8049999999985, 7228.06, 7212.889999999999, 7206.04, 7231.059999999999, 7247.870000000001, 7248.640000000001, 7254.344999999999], "BreakoutPenguin": [5000.0, 5000.0, 5000.0, 5000.0, 5000.0, 5000.0, 5000.0, 5000.0, 5000.0, 5000.0, 5000.0, 5000.0, 5000.0, 5000.0, 5000.0, 5000.0, 5000.0, 5000.0, 5000.0, 5000.0, 4986.975, 4975.9850000000015, 4974.725000000001, 4785.770000000001, 4879.035000000001, 4876.9000000000015, 4876.1, 4873.640000000001, 4863.660000000001, 4865.445000000001, 4858.225, 4847.505000000001, 4841.095000000001, 4844.230000000001, 4847.410000000001, 4837.880000000001, 4847.055, 4833.035000000001, 4834.37, 4833.830000000001, 4830.530000000001, 4830.510000000002, 4832.77, 4836.78, 4829.405000000002, 4831.29, 4834.36, 4831.5199999999995, 4825.005, 4826.845000000001, 4828.17, 4814.625000000001, 4832.775, 4824.710000000001, 4827.850000000001, 4832.51, 4826.325, 4830.590000000001, 4842.709999999999, 4840.85, 4830.100000000002, 4152.035000000001, 4722.885000000001, 4724.830000000001, 4727.050000000001, 4713.950000000002, 4723.6100000000015, 4726.790000000001, 4711.570000000001, 4712.945000000001, 4713.845, 4698.540000000001, 4702.610000000001, 4704.565000000001, 4695.000000000002, 4701.455000000001, 4705.660000000002, 4706.995000000002, 4700.925000000001, 4706.055, 4706.980000000001, 4697.535000000001, 4704.910000000001, 4702.230000000001, 4698.885000000001, 4694.620000000001, 4695.070000000001, 4698.540000000001, 4681.735000000001, 4682.265, 4681.265, 4685.115000000001, 4704.465000000001, 4699.455, 4675.54, 4671.24, 4692.800000000001, 4691.97, 4672.895, 4667.5700000000015, 4667.515000000001, 4664.5250000000015, 4692.485000000001, 4692.350000000001, 4692.210000000001], "TrendPenguin": [5000.0, 4999.999999999999, 5003.715000000001, 4992.015000000002, 4994.639999999999, 4984.72, 4990.060000000001, 4977.97, 4958.5250000000015, 4949.18, 4902.364999999999, 4913.964999999999, 4913.009999999999, 4910.159999999999, 4911.655000000001, 4912.92, 4902.740000000001, 4895.3550000000005, 4892.4, 4862.975, 4853.204999999999, 4832.045, 4835.45, 4338.290000000001, 4724.525, 4715.91, 4705.059999999999, 4690.16, 4695.4, 4680.354999999999, 4676.61, 4686.615000000002, 4655.92, 4665.19, 4663.7, 4656.920000000001, 4628.26, 4598.955, 4608.530000000001, 4572.06, 4564.059999999999, 4566.2649999999985, 4564.559999999999, 4577.369999999999, 4548.749999999999, 4545.429999999999, 4546.21, 4546.885, 4537.540000000001, 4549.7249999999985, 4555.164999999999, 4528.169999999999, 4525.405, 4519.964999999999, 4515.889999999999, 4519.699999999999, 4515.16, 4511.49, 4516.149999999999, 4511.174999999999, 4510.625, 4029.79, 4401.524999999999, 4393.889999999999, 4394.294999999999, 4377.61, 4375.239999999999, 4376.799999999999, 4363.115, 4362.965, 4359.7699999999995, 4350.84, 4334.610000000001, 4338.49, 4338.96, 4340.009999999999, 4348.82, 4343.42, 4349.25, 4344.415, 4342.6849999999995, 4334.754999999999, 4342.39, 4338.150000000001, 4333.965, 4329.19, 4329.07, 4322.45, 4286.575, 4300.485, 4288.459999999998, 4268.999999999999, 4279.399999999999, 4273.624999999999, 4231.275, 4235.865, 4239.874999999999, 4210.309999999999, 4211.594999999999, 4180.949999999999, 4191.014999999999, 4188.754999999999, 4165.694999999999, 4174.579999999999, 4173.854999999999]}